"Номер заказа";"Номер отправления";"Принят в обработку";"Дата отгрузки";"Статус";"Дата доставки";"Фактическая дата передачи в доставку";"Сумма отправления";"Код валюты отправления";"Название товара";"SKU";"Артикул";"Ваша цена";"Код валюты товара";"Оплачено покупателем";"Код валюты покупателя";"Количество";"Стоимость доставки";"Связанные отправления";"Выкуп товара";"Цена товара до скидок";"Скидка %";"Скидка руб";"Акции";"Объемный вес товаров, кг";"Кластер отгрузки";"Кластер доставки";"Норм. время доставки до покупателя";"Оценка отгрузки";"Склад отгрузки";"Регион доставки";"Город доставки";"Способ доставки";"Сегмент клиента";"Юридическое лицо";"Способ оплаты";"Адрес покупателя"
"29973152-0538";"29973152-0538-1";"2025-12-31 18:16:26";"2026-01-01 23:00:00";"Доставлен";"2026-01-11 14:43:08";"2026-01-01 20:19:29";"8767.00";"RUB";"Массажер для Йоги и релакса Corden Yoga Тренажер из натурального бука";"2920956821";"Corden_Yoga";"8767.00";"RUB";"4323.00";"RUB";"1";;;;"34221.00";"74%";"25454.00";"Новогодний супербустинг, Системная виртуальная скидка селлера Россия (RUB)";"0.4";"Москва, МО и Дальние регионы";"Москва, МО и Дальние регионы";"28";"быстро";"ПУШКИНО_1_РФЦ";"Москва";"Москва";"ПВЗ";"Не премиум";"нет";"Банковская карта";
"01554839-0280";"01554839-0280-1";"2025-12-31 18:14:52";"2026-01-01 22:00:00";"Доставлен";"2026-01-16 17:25:50";"2026-01-02 00:44:11";"9005.00";"RUB";"Массажер для Йоги и релакса Corden Yoga Тренажер из натурального бука";"2920956821";"Corden_Yoga";"9005.00";"RUB";"4561.00";"RUB";"1";;;;"34459.00";"74%";"25454.00";"Системная виртуальная скидка селлера Россия (RUB), Новогодний супербустинг";"0.4";"Москва, МО и Дальние регионы";"Москва, МО и Дальние регионы";"28";"быстро";"ПУШКИНО_1_РФЦ";"Москва";"Москва";"ПВЗ";"Не премиум";"нет";"Банковская карта";
"0201322039-0026";"0201322039-0026-1";"2025-12-31 17:13:54";"2026-01-01 20:00:00";"Доставлен";"2026-01-05 08:18:12";"2026-01-01 19:58:32";"20090.00";"RUB";"Cordus Plus - комплект массажеров для спины шеи и поясницы + Кейс";"1774767026";"Комплект_изи_кейс";"20090.00";"RUB";"8610.00";"RUB";"1";;;;"23400.00";"14%";"3310.00";"Системная виртуальная скидка селлера Россия (RUB)";"0.7";"Тюмень";"Тюмень";"28";"быстро";"ТЮМЕНЬ_РФЦ";"Тюменская Область";"Тобольск";"ПВЗ";"Не премиум";"нет";"Ozon Банк";
"03795936-0850";"03795936-0850-1";"2025-12-31 15:56:16";"2026-01-01 22:30:00";"Доставлен";"2026-01-03 10:15:40";"2026-01-01 23:17:57";"12749.00";"RUB";"Комплект массажеров для спины Cordus Plus для лечения спины, шеи и поясницы, физиотерапевтический(без электроники)";"1774766982";"Комплект_изи";"12749.00";"RUB";"5446.00";"RUB";"1";;;;"21556.00";"41%";"8807.00";"Автоакция. Рассрочка 0-0-6 #1739185464, Системная виртуальная скидка селлера Россия (RUB), Новогодний супербустинг";"1.2";"Уфа";"Екатеринбург";"45";"средне";"УФА_РФЦ";"Свердловская Область";"Сысерть";"ПВЗ";"Премиум";"нет";"Озон Счет Рассрочка МКК";
"16071848-0290";"16071848-0290-1";"2025-12-31 13:19:22";"2026-01-01 23:00:00";"Доставлен";"2026-01-02 11:27:22";"2026-01-02 02:45:20";"13499.00";"RUB";"Комплект массажеров для спины Cordus Plus для лечения спины, шеи и поясницы, физиотерапевтический(без электроники)";"1774766982";"Комплект_изи";"13499.00";"RUB";"5831.00";"RUB";"1";;;;"22306.00";"39%";"8807.00";"Автоакция. Рассрочка 0-0-6 #1739185464, Системная виртуальная скидка селлера Россия (RUB), Новогодний супербустинг";"1.2";"Москва, МО и Дальние регионы";"Москва, МО и Дальние регионы";"28";"быстро";"ПУШКИНО_1_РФЦ";"Москва";"Москва";"ПВЗ";"Не премиум";"нет";"Озон Счет Рассрочка МКК";
"33827617-0165";"33827617-0165-1";"2025-12-31 08:20:25";"2026-01-04 22:00:00";"Доставлен";"2026-01-05 12:41:40";"2026-01-04 13:53:13";"11554.00";"RUB";"Медицинский массажер для поясницы и шеи Sacrus Easy";"1774766962";"Сакрус_Изи";"11554.00";"RUB";"6669.32";"RUB";"1";;;;"15290.00";"24%";"3736.00";"Системная виртуальная скидка селлера Россия (RUB)";"0.2";"Москва, МО и Дальние регионы";"Москва, МО и Дальние регионы";"28";"быстро";"ПУШКИНО_2_РФЦ";"Москва";"Москва";"Курьер";"Премиум";"нет";"Банковская карта";
"94202734-0182";"94202734-0182-1";"2025-12-31 03:25:31";;"Доставлен";"2026-01-07 00:18:03";"2026-01-01 08:57:16";"12822.00";"RUB";"Комплект массажеров для спины Cordus Plus для лечения спины, шеи и поясницы, физиотерапевтический(без электроники)";"1774766982";"Комплект_изи";"12822.00";"RUB";"5872.00";"RUB";"1";;;;"21623.00";"41%";"8801.00";"Новогодний супербустинг, Системная виртуальная скидка селлера Россия (RUB)";"1.2";"Дальний Восток";"Дальний Восток";"28";"быстро";"ХАБАРОВСК_2_РФЦ";"Приморский Край";"Дальнереченск";"ПВЗ";"Не премиум";"нет";"Баланс средств";
"06811042-0512";"06811042-0512-1";"2025-12-30 20:13:12";"2025-12-30 23:00:00";"Доставлен";"2025-12-31 13:40:37";"2025-12-31 01:46:35";"13499.00";"RUB";"Комплект массажеров для спины Cordus Plus для лечения спины, шеи и поясницы, физиотерапевтический(без электроники)";"1774766982";"Комплект_изи";"13499.00";"RUB";"5831.00";"RUB";"1";;;;"22300.00";"39%";"8801.00";"Системная виртуальная скидка селлера Россия (RUB), Новогодний супербустинг";"1.2";"Москва, МО и Дальние регионы";"Москва, МО и Дальние регионы";"28";"быстро";"ПУШКИНО_1_РФЦ";"Москва";"Москва";"ПВЗ";"Не премиум";"нет";"Ozon Банк";
"06811042-0511";"06811042-0511-1";"2025-12-30 19:58:41";"2025-12-30 23:00:00";"Отменён";;;"13499.00";"RUB";"Комплект массажеров для спины Cordus Plus для лечения спины, шеи и поясницы, физиотерапевтический(без электроники)";"1774766982";"Комплект_изи";"13499.00";"RUB";"5831.00";"RUB";"1";;;;"22300.00";"39%";"8801.00";"Новогодний супербустинг, Системная виртуальная скидка селлера Россия (RUB)";"1.2";"Москва, МО и Дальние регионы";"Москва, МО и Дальние регионы";"28";"быстро";"ПУШКИНО_1_РФЦ";"Москва";"Москва";"ПВЗ";"Не премиум";"нет";"Ozon Банк";
"49837529-0331";"49837529-0331-1";"2025-12-30 15:20:39";"2025-12-31 02:30:00";"Доставлен";"2026-01-03 08:28:31";"2025-12-31 03:53:18";"13499.00";"RUB";"Комплект массажеров для спины Cordus Plus для лечения спины, шеи и поясницы, физиотерапевтический(без электроники)";"1774766982";"Комплект_изи";"13499.00";"RUB";"48716.00";"KZT";"1";;;"Подлежит выкупу";"22300.03";"39%";"8801.03";"Системная виртуальная скидка селлера Россия (RUB), Новогодний супербустинг";"1.2";"Астана";"Астана";"28";"быстро";"АСТАНА_РФЦ";;"Астана";"ПВЗ";"Не премиум";"нет";"Банковская карта";
"0137743556-0084";"0137743556-0084-1";"2025-12-30 14:48:52";"2025-12-31 04:00:00";"Доставлен";"2026-01-02 13:06:28";"2025-12-30 22:07:10";"13499.00";"RUB";"Комплект массажеров для спины Cordus Plus для лечения спины, шеи и поясницы, физиотерапевтический(без электроники)";"1774766982";"Комплект_изи";"13499.00";"RUB";"6013.00";"RUB";"1";;;;"22300.00";"39%";"8801.00";"Системная виртуальная скидка селлера Россия (RUB), Новогодний супербустинг";"1.2";"Уфа";"Уфа";"28";"быстро";"УФА_РФЦ";"Удмуртская Республика";;"ПВЗ";"Не премиум";"нет";"Ozon Банк";
"30444329-0203";"30444329-0203-1";"2025-12-30 13:43:09";"2026-01-01 22:00:00";"Доставлен";"2026-01-03 14:37:56";"2025-12-31 07:48:34";"13499.00";"RUB";"Комплект массажеров для спины Cordus Plus для лечения спины, шеи и поясницы, физиотерапевтический(без электроники)";"1774766982";"Комплект_изи";"13499.00";"RUB";"6196.00";"RUB";"1";;;;"22300.00";"39%";"8801.00";"Системная виртуальная скидка селлера Россия (RUB), Новогодний супербустинг";"1.2";"Москва, МО и Дальние регионы";"Москва, МО и Дальние регионы";"28";"быстро";"ПУШКИНО_1_РФЦ";"Москва";"Троицк";"ПВЗ";"Не премиум";"нет";"Ozon Банк";
"63775470-0039";"63775470-0039-1";"2025-12-30 10:01:30";"2025-12-31 12:30:00";"Доставлен";"2026-01-02 10:34:49";"2025-12-31 05:51:14";"13499.00";"RUB";"Комплект массажеров для спины Cordus Plus для лечения спины, шеи и поясницы, физиотерапевтический(без электроники)";"1774766982";"Комплект_изи";"13499.00";"RUB";"6397.00";"RUB";"1";;;;"22300.00";"39%";"8801.00";"Системная виртуальная скидка селлера Россия (RUB), Новогодний супербустинг";"1.2";"Москва, МО и Дальние регионы";"Санкт-Петербург и СЗО";"60";"долго";"ПУШКИНО_1_РФЦ";"Санкт-Петербург";"Санкт-Петербург";"ПВЗ";"Не премиум";"нет";"Банковская карта";
"0114613123-0223";"0114613123-0223-1";"2025-12-30 09:15:38";"2026-01-01 22:00:00";"Доставлен";"2026-01-05 09:26:46";"2025-12-31 08:01:37";"13499.00";"RUB";"Комплект массажеров для спины Cordus Plus для лечения спины, шеи и поясницы, физиотерапевтический(без электроники)";"1774766982";"Комплект_изи";"13499.00";"RUB";"5907.00";"RUB";"1";;;;"22300.00";"39%";"8801.00";"Системная виртуальная скидка селлера Россия (RUB), Новогодний супербустинг";"1.2";"Москва, МО и Дальние регионы";"Москва, МО и Дальние регионы";"28";"быстро";"ПУШКИНО_1_РФЦ";"Москва";"Троицк";"ПВЗ";"Не премиум";"нет";"Ozon Банк";
"31327025-0132";"31327025-0132-5";"2025-12-30 07:52:04";"2025-12-30 22:00:00";"Доставлен";"2025-12-31 15:15:13";"2025-12-30 21:33:03";"9005.00";"RUB";"Массажер для Йоги и релакса Corden Yoga Тренажер из натурального бука";"2920956821";"Corden_Yoga";"9005.00";"RUB";"4372.16";"RUB";"1";;;;"34459.00";"74%";"25454.00";"Системная виртуальная скидка селлера Россия (RUB), Новогодний супербустинг";"0.4";"Москва, МО и Дальние регионы";"Москва, МО и Дальние регионы";"28";"быстро";"ПУШКИНО_1_РФЦ";"Москва";"Москва";"ПВЗ";"Не премиум";"нет";"Баланс средств";
"26371472-0167";"26371472-0167-1";"2025-12-30 04:13:17";"2025-12-30 22:00:00";"Доставлен";"2025-12-31 12:31:51";"2025-12-30 19:59:48";"13499.00";"RUB";"Комплект массажеров для спины Cordus Plus для лечения спины, шеи и поясницы, физиотерапевтический(без электроники)";"1774766982";"Комплект_изи";"13499.00";"RUB";"6030.51";"RUB";"1";;;;"22300.00";"39%";"8801.00";"Новогодний супербустинг, Системная виртуальная скидка селлера Россия (RUB)";"1.2";"Москва, МО и Дальние регионы";"Москва, МО и Дальние регионы";"28";"быстро";"ПУШКИНО_1_РФЦ";"Московская Область";;"Курьер";"Премиум";"нет";"Ozon Банк";
"02991522-0289";"02991522-0289-3";"2025-12-30 01:28:04";"2025-12-30 22:00:00";"Доставлен";"2025-12-31 13:47:18";"2025-12-30 14:51:05";"9005.00";"RUB";"Массажер для Йоги и релакса Corden Yoga Тренажер из натурального бука";"2920956821";"Corden_Yoga";"9005.00";"RUB";"3953.55";"RUB";"1";;;;"34459.00";"74%";"25454.00";"Системная виртуальная скидка селлера Россия (RUB), Новогодний супербустинг";"0.4";"Москва, МО и Дальние регионы";"Москва, МО и Дальние регионы";"28";"быстро";"ПУШКИНО_1_РФЦ";"Москва";"Москва";"ПВЗ";"Премиум";"нет";"Баланс средств";
"0143412698-0022";"0143412698-0022-1";"2025-12-29 23:47:50";"2025-12-30 16:00:00";"Доставлен";"2026-01-04 10:02:23";"2025-12-30 14:44:51";"13499.00";"RUB";"Комплект массажеров для спины Cordus Plus для лечения спины, шеи и поясницы, физиотерапевтический(без электроники)";"1774766982";"Комплект_изи";"13499.00";"RUB";"6194.00";"RUB";"1";;;;"22300.00";"39%";"8801.00";"Системная виртуальная скидка селлера Россия (RUB), Новогодний супербустинг";"1.2";"Дальний Восток";"Дальний Восток";"28";"быстро";"ХАБАРОВСК_2_РФЦ";"Хабаровский Край";;"ПВЗ";"Не премиум";"нет";"SberPay";
"06620934-0497";"06620934-0497-1";"2025-12-29 19:07:37";"2025-12-31 04:00:00";"Доставлен";"2026-01-03 06:46:58";"2025-12-30 00:06:13";"13049.00";"RUB";"Комплект массажеров для спины Cordus Plus для лечения спины, шеи и поясницы, физиотерапевтический(без электроники)";"1774766982";"Комплект_изи";"13049.00";"RUB";"5457.00";"RUB";"1";;;;"21856.00";"40%";"8807.00";"Новогодний супербустинг, Автоакция. Рассрочка 0-0-6 #1739185464, Системная виртуальная скидка селлера Россия (RUB)";"1.2";"Уфа";"Уфа";"28";"быстро";"УФА_РФЦ";"Татарстан Республика";"Мензелинск";"ПВЗ";"Не премиум";"нет";"Озон Счет Рассрочка МКК";
"12691962-0076";"12691962-0076-1";"2025-12-29 18:02:13";"2025-12-29 23:00:00";"Доставлен";"2026-01-03 12:27:27";"2026-01-01 20:01:44";"13499.00";"RUB";"Комплект массажеров для спины Cordus Plus для лечения спины, шеи и поясницы, физиотерапевтический(без электроники)";"1774766982";"Комплект_изи";"13499.00";"RUB";"5543.00";"RUB";"1";;;;"22300.00";"39%";"8801.00";"Системная виртуальная скидка селлера Россия (RUB), Новогодний супербустинг";"1.2";"Москва, МО и Дальние регионы";"Москва, МО и Дальние регионы";"28";"быстро";"ПУШКИНО_1_РФЦ";"Москва";"Москва";"ПВЗ";"Не премиум";"нет";"Ozon Банк";
"0126192634-1873";"0126192634-1873-1";"2025-12-29 16:47:37";"2026-01-02 15:00:00";"Доставлен";"2026-01-14 16:45:20";"2026-01-01 18:59:12";"4040.00";"RUB";"Кейс дорожный для комплекта массажеров Cordus+Sacrus";"1828646366";"кейс";"4040.00";"RUB";"1485.55";"RUB";"1";;;;"4350.00";"7%";"310.00";"Системная виртуальная скидка селлера Россия (RUB)";"0.6";"Тверь";"Москва, МО и Дальние регионы";"60";"долго";"ТВЕРЬ_РФЦ";"Москва";"Москва";"ПВЗ";"Не премиум";"нет";"Ozon Банк";
"90447325-0162";"90447325-0162-6";"2025-12-29 16:04:17";"2025-12-30 15:30:00";"Доставлен";"2026-01-08 09:26:47";"2025-12-30 16:58:51";"9005.00";"RUB";"Массажер для Йоги и релакса Corden Yoga Тренажер из натурального бука";"2920956821";"Corden_Yoga";"9005.00";"RUB";"3978.10";"RUB";"1";;;;"34459.00";"74%";"25454.00";"Системная виртуальная скидка селлера Россия (RUB), Новогодний супербустинг";"0.4";"Новосибирск";"Дальний Восток";"60";"долго";"НОВОСИБИРСК_РФЦ_НОВЫЙ";"Хабаровский Край";"Хабаровск";"ПВЗ";"Не премиум";"нет";"Ozon Банк";
"56951158-0461";"56951158-0461-1";"2025-12-29 15:14:40";"2025-12-30 07:30:00";"Доставлен";"2025-12-31 13:35:19";"2025-12-30 03:31:10";"13499.00";"RUB";"Комплект массажеров для спины Cordus Plus для лечения спины, шеи и поясницы, физиотерапевтический(без электроники)";"1774766982";"Комплект_изи";"13499.00";"RUB";"5967.00";"RUB";"1";;;;"22300.00";"39%";"8801.00";"Системная виртуальная скидка селлера Россия (RUB), Новогодний супербустинг";"1.2";"Казань";"Казань";"28";"быстро";"КАЗАНЬ_РФЦ_НОВЫЙ";"Нижегородская Область";"Бор";"ПВЗ";"Не премиум";"нет";"Ozon Банк";
"0109153837-0067";"0109153837-0067-2";"2025-12-29 14:48:19";"2025-12-30 10:30:00";"Доставлен";"2025-12-31 10:07:39";"2025-12-30 08:03:30";"9005.00";"RUB";"Массажер для Йоги и релакса Corden Yoga Тренажер из натурального бука";"2920956821";"Corden_Yoga";"9005.00";"RUB";"4288.57";"RUB";"1";;;;"34459.00";"74%";"25454.00";"Системная виртуальная скидка селлера Россия (RUB), Новогодний супербустинг";"0.4";"Екатеринбург";"Тюмень";"45";"средне";"ЕКАТЕРИНБУРГ_РФЦ_НОВЫЙ";"Тюменская Область";"Тюмень";"ПВЗ";"Не премиум";"нет";"Кредитная карта";
"56989008-0050";"56989008-0050-2";"2025-12-29 14:21:34";"2025-12-29 23:00:00";"Доставлен";"2025-12-30 18:28:43";"2025-12-29 20:05:38";"9132.00";"RUB";"Массажёр для спины шеи и поясницы Cordus Easy";"1793877007";"Кордус_изи";"9132.00";"RUB";"4796.00";"RUB";"1";;;;"10550.00";"13%";"1418.00";"Системная виртуальная скидка селлера Россия (RUB), Эластичный бустинг. Без ограничения срока действия";"0.3";"Москва, МО и Дальние регионы";"Москва, МО и Дальние регионы";"28";"быстро";"ХОРУГВИНО_РФЦ";"Москва";"Москва";"ПВЗ";"Не премиум";"нет";"Банковская карта";
"40420980-0248";"40420980-0248-1";"2025-12-29 14:08:41";"2025-12-29 21:00:00";"Отменён";;"2025-12-29 22:21:13";"42305.00";"RUB";"Комплект медицинских электронных массажеров для спины Cordus Vibro с кейсом";"1774766992";"Физио+ кейс";"42305.00";"RUB";"20289.00";"RUB";"1";;;;"48890.00";"13%";"6585.00";"Системная виртуальная скидка селлера Россия (RUB), Эластичный бустинг. Без ограничения срока действия";"0.8";"Омск";"Новосибирск";"45";"средне";"ОМСК_РФЦ";"Новосибирская Область";"Новосибирск";"ПВЗ";"Не премиум";"нет";"Ozon Банк";
"75509947-0054";"75509947-0054-1";"2025-12-29 13:18:33";"2025-12-29 23:00:00";"Доставлен";"2025-12-30 12:23:09";"2025-12-30 01:35:58";"41855.00";"RUB";"Комплект медицинских электронных массажеров для спины Cordus Vibro с кейсом";"1774766992";"Физио+ кейс";"41855.00";"RUB";"20639.00";"RUB";"1";;;;"48440.00";"14%";"6585.00";"Системная виртуальная скидка селлера Россия (RUB), Эластичный бустинг. Без ограничения срока действия";"0.8";"Москва, МО и Дальние регионы";"Москва, МО и Дальние регионы";"28";"быстро";"ПУШКИНО_1_РФЦ";"Москва";"Москва";"ПВЗ";"Не премиум";"нет";"Банковская карта";
"31373979-0574";"31373979-0574-1";"2025-12-29 12:09:44";"2025-12-29 22:00:00";"Доставлен";"2025-12-30 14:46:49";"2025-12-29 20:39:01";"12707.00";"RUB";"Комплект массажеров для спины Cordus Plus для лечения спины, шеи и поясницы, физиотерапевтический(без электроники)";"1774766982";"Комплект_изи";"12707.00";"RUB";"4811.00";"RUB";"1";;;;"21508.00";"41%";"8801.00";"Системная виртуальная скидка селлера Россия (RUB), Новогодний супербустинг";"1.2";"Москва, МО и Дальние регионы";"Москва, МО и Дальние регионы";"28";"быстро";"ПУШКИНО_1_РФЦ";"Москва";"Москва";"ПВЗ";"Не премиум";"нет";"Ozon Банк";
"57325699-0248";"57325699-0248-1";"2025-12-29 10:19:14";"2025-12-29 12:30:00";"Отменён";;"2025-12-29 13:42:58";"13499.00";"RUB";"Комплект массажеров для спины Cordus Plus для лечения спины, шеи и поясницы, физиотерапевтический(без электроники)";"1774766982";"Комплект_изи";"13499.00";"RUB";"6695.00";"RUB";"1";;;;"22300.00";"39%";"8801.00";"Системная виртуальная скидка селлера Россия (RUB), Новогодний супербустинг";"1.2";"Москва, МО и Дальние регионы";"Санкт-Петербург и СЗО";"60";"долго";"ПУШКИНО_1_РФЦ";"Санкт-Петербург";"Санкт-Петербург";"ПВЗ";"Не премиум";"нет";"SberPay";
"91159721-0149";"91159721-0149-1";"2025-12-29 08:56:07";"2025-12-29 23:00:00";"Доставлен";"2026-01-03 07:39:56";"2025-12-30 02:16:05";"8224.00";"RUB";"Массажёр для спины шеи и поясницы Cordus Easy";"1793877007";"Кордус_изи";"8224.00";"RUB";"3764.38";"RUB";"1";;;;"9642.00";"15%";"1418.00";"Системная виртуальная скидка селлера Россия (RUB), Эластичный бустинг. Без ограничения срока действия";"0.3";"Москва, МО и Дальние регионы";"Москва, МО и Дальние регионы";"28";"быстро";"ХОРУГВИНО_РФЦ";"Москва";"Москва";"ПВЗ";"Не премиум";"нет";"Ozon Банк";
"0147898006-0032";"0147898006-0032-1";"2025-12-29 08:31:00";"2025-12-29 23:00:00";"Доставлен";"2026-01-02 08:32:09";"2025-12-29 20:31:03";"9005.00";"RUB";"Массажер для Йоги и релакса Corden Yoga Тренажер из натурального бука";"2920956821";"Corden_Yoga";"9005.00";"RUB";"4911.00";"RUB";"1";;;;"34459.00";"74%";"25454.00";"Системная виртуальная скидка селлера Россия (RUB), Новогодний супербустинг";"0.4";"Самара";"Самара";"28";"быстро";"САМАРА_РФЦ";"Самарская Область";"Самара";"ПВЗ";"Не премиум";"нет";"Банковская карта";
"87065437-0123";"87065437-0123-1";"2025-12-29 07:40:24";"2025-12-29 12:30:00";"Доставлен";"2025-12-31 13:54:02";"2025-12-29 12:19:31";"13049.00";"RUB";"Комплект массажеров для спины Cordus Plus для лечения спины, шеи и поясницы, физиотерапевтический(без электроники)";"1774766982";"Комплект_изи";"13049.00";"RUB";"5725.00";"RUB";"1";;;;"21850.00";"40%";"8801.00";"Системная виртуальная скидка селлера Россия (RUB), Новогодний супербустинг";"1.2";"Москва, МО и Дальние регионы";"Санкт-Петербург и СЗО";"60";"долго";"ПУШКИНО_1_РФЦ";"Новгородская Область";;"ПВЗ";"Не премиум";"нет";"Ozon Банк";
"51040705-0199";"51040705-0199-1";"2025-12-29 06:13:34";"2025-12-29 15:00:00";"Доставлен";"2025-12-30 12:22:19";"2025-12-29 12:41:42";"13499.00";"RUB";"Комплект массажеров для спины Cordus Plus для лечения спины, шеи и поясницы, физиотерапевтический(без электроники)";"1774766982";"Комплект_изи";"13499.00";"RUB";"6175.00";"RUB";"1";;;;"22300.00";"39%";"8801.00";"Системная виртуальная скидка селлера Россия (RUB), Новогодний супербустинг";"1.2";"Самара";"Самара";"28";"быстро";"САМАРА_РФЦ";"Ульяновская Область";"Ульяновск";"ПВЗ";"Не премиум";"нет";"Ozon Банк";
"0106672840-0076";"0106672840-0076-1";"2025-12-29 05:09:00";"2025-12-29 10:30:00";"Доставлен";"2026-01-03 13:52:17";"2025-12-29 17:21:54";"13499.00";"RUB";"Комплект массажеров для спины Cordus Plus для лечения спины, шеи и поясницы, физиотерапевтический(без электроники)";"1774766982";"Комплект_изи";"13499.00";"RUB";"6175.00";"RUB";"1";;;;"22300.00";"39%";"8801.00";"Системная виртуальная скидка селлера Россия (RUB), Новогодний супербустинг";"1.2";"Самара";"Уфа";"45";"средне";"САМАРА_РФЦ";"Челябинская Область";"Магнитогорск";"ПВЗ";"Не премиум";"нет";"Ozon Банк";
"58383064-0032";"58383064-0032-1";"2025-12-29 03:39:29";"2025-12-29 22:00:00";"Доставлен";"2025-12-30 14:34:47";"2025-12-29 18:21:04";"8674.00";"RUB";"Массажёр для спины шеи и поясницы Cordus Easy";"1793877007";"Кордус_изи";"8674.00";"RUB";"4468.13";"RUB";"1";;;;"10092.00";"14%";"1418.00";"Системная виртуальная скидка селлера Россия (RUB), Эластичный бустинг. Без ограничения срока действия";"0.3";"Москва, МО и Дальние регионы";"Москва, МО и Дальние регионы";"28";"быстро";"ХОРУГВИНО_РФЦ";"Москва";"Рязановское";"ПВЗ";"Не премиум";"нет";"Ozon Банк";
"05137906-0032";"05137906-0032-1";"2025-12-28 22:20:05";"2025-12-29 23:00:00";"Доставлен";"2026-01-06 11:33:29";"2025-12-29 18:08:00";"9005.00";"RUB";"Массажер для Йоги и релакса Corden Yoga Тренажер из натурального бука";"2920956821";"Corden_Yoga";"9005.00";"RUB";"4911.00";"RUB";"1";;;;"34459.00";"74%";"25454.00";"Новогодний супербустинг, Системная виртуальная скидка селлера Россия (RUB)";"0.4";"Москва, МО и Дальние регионы";"Москва, МО и Дальние регионы";"28";"быстро";"ХОРУГВИНО_РФЦ";"Московская Область";"Красногорск";"ПВЗ";"Не премиум";"нет";"Банковская карта";
"23357207-0210";"23357207-0210-1";"2025-12-28 21:54:05";"2025-12-29 03:00:00";"Доставлен";"2025-12-31 14:30:09";"2025-12-29 06:12:12";"20082.00";"RUB";"Sacrus Vibro Массажер для поясницы электрический/физиотерапевтический";"1774766986";"Сакрус_Вибро";"20082.00";"RUB";"10292.00";"RUB";"1";;;;"39800.00";"50%";"19718.00";"Системная виртуальная скидка селлера Россия (RUB), Эластичный бустинг. Без ограничения срока действия";"0.4";"Самара";"Невинномысск";"75";"долго";"САМАРА_РФЦ";"Ставропольский Край";"Ставрополь";"ПВЗ";"Не премиум";"нет";"SberPay";
"0146792404-0128";"0146792404-0128-2";"2025-12-28 21:22:17";"2025-12-29 07:30:00";"Доставлен";"2026-01-02 16:31:38";"2025-12-29 11:53:34";"42305.00";"RUB";"Комплект медицинских электронных массажеров для спины Cordus Vibro с кейсом";"1774766992";"Физио+ кейс";"42305.00";"RUB";"19750.00";"RUB";"1";;;;"48890.00";"13%";"6585.00";"Эластичный бустинг. Без ограничения срока действия, Системная виртуальная скидка селлера Россия (RUB)";"0.8";"Казань";"Воронеж";"60";"долго";"КАЗАНЬ_РФЦ_НОВЫЙ";"Воронежская Область";"Воронеж";"ПВЗ";"Премиум";"нет";"Ozon Банк";
"0187948990-0013";"0187948990-0013-1";"2025-12-28 21:02:28";"2025-12-29 21:30:00";"Доставлен";"2025-12-30 15:57:47";"2025-12-29 16:07:46";"13499.00";"RUB";"Комплект массажеров для спины Cordus Plus для лечения спины, шеи и поясницы, физиотерапевтический(без электроники)";"1774766982";"Комплект_изи";"13499.00";"RUB";"6175.00";"RUB";"1";;;;"22300.00";"39%";"8801.00";"Системная виртуальная скидка селлера Россия (RUB), Новогодний супербустинг";"1.2";"Казань";"Казань";"28";"быстро";"КАЗАНЬ_РФЦ_НОВЫЙ";"Татарстан Республика";;"ПВЗ";"Не премиум";"нет";"Ozon Банк";
"92201380-0158";"92201380-0158-1";"2025-12-28 19:53:51";"2025-12-29 20:00:00";"Доставлен";"2025-12-31 05:29:12";"2025-12-29 04:58:05";"20090.00";"RUB";"Cordus Plus - комплект массажеров для спины шеи и поясницы + Кейс";"1774767026";"Комплект_изи_кейс";"20090.00";"RUB";"8373.00";"RUB";"1";;;;"23400.00";"14%";"3310.00";"Системная виртуальная скидка селлера Россия (RUB)";"0.7";"Новосибирск";"Новосибирск";"28";"быстро";"НОВОСИБИРСК_РФЦ_НОВЫЙ";"Новосибирская Область";"Новосибирск";"ПВЗ";"Не премиум";"нет";"Ozon Банк";
"85076536-0152";"85076536-0152-1";"2025-12-28 19:27:34";"2025-12-28 22:30:00";"Доставлен";"2025-12-30 12:13:41";"2025-12-28 23:13:19";"13499.00";"RUB";"Комплект массажеров для спины Cordus Plus для лечения спины, шеи и поясницы, физиотерапевтический(без электроники)";"1774766982";"Комплект_изи";"13499.00";"RUB";"5811.00";"RUB";"1";;;;"22300.00";"39%";"8801.00";"Системная виртуальная скидка селлера Россия (RUB), Новогодний супербустинг";"1.2";"Ярославль";"Воронеж";"75";"долго";"ЯРОСЛАВЛЬ_РФЦ";"Белгородская Область";"Белгород";"ПВЗ";"Не премиум";"нет";"Ozon Банк";
"0132536832-0374";"0132536832-0374-1";"2025-12-28 19:26:42";"2025-12-29 12:30:00";"Доставлен";"2025-12-30 16:16:34";"2025-12-29 03:58:31";"19640.00";"RUB";"Cordus Plus - комплект массажеров для спины шеи и поясницы + Кейс";"1774767026";"Комплект_изи_кейс";"19640.00";"RUB";"7698.00";"RUB";"1";;;;"22950.00";"14%";"3310.00";"Системная виртуальная скидка селлера Россия (RUB)";"0.7";"Москва, МО и Дальние регионы";"Санкт-Петербург и СЗО";"60";"долго";"ПУШКИНО_1_РФЦ";"Санкт-Петербург";"Петергоф";"ПВЗ";"Не премиум";"нет";"Ozon Банк";
"68014162-0490";"68014162-0490-1";"2025-12-28 16:44:52";"2025-12-29 10:30:00";"Доставлен";"2025-12-31 09:39:18";"2025-12-29 06:09:50";"8682.00";"RUB";"Массажёр для спины шеи и поясницы Cordus Easy";"1793877007";"Кордус_изи";"8682.00";"RUB";"4249.62";"RUB";"1";;;;"10100.00";"14%";"1418.00";"Системная виртуальная скидка селлера Россия (RUB), Эластичный бустинг. Без ограничения срока действия";"0.3";"Санкт-Петербург и СЗО";"Санкт-Петербург и СЗО";"28";"быстро";"СПБ_БУГРЫ_РФЦ";"Республика Карелия";;"ПВЗ";"Не премиум";"нет";"Ozon Банк";
"33761801-0617";"33761801-0617-1";"2025-12-28 16:18:34";"2025-12-29 15:00:00";"Доставлен";"2025-12-30 08:49:45";"2025-12-29 12:40:10";"13049.00";"RUB";"Комплект массажеров для спины Cordus Plus для лечения спины, шеи и поясницы, физиотерапевтический(без электроники)";"1774766982";"Комплект_изи";"13049.00";"RUB";"5725.00";"RUB";"1";;;;"21850.00";"40%";"8801.00";"Новогодний супербустинг, Системная виртуальная скидка селлера Россия (RUB)";"1.2";"Самара";"Самара";"28";"быстро";"САМАРА_РФЦ";"Ульяновская Область";"Ульяновск";"ПВЗ";"Не премиум";"нет";"Ozon Банк";
"39336096-0320";"39336096-0320-2";"2025-12-28 13:56:13";;"Доставлен";"2026-01-08 13:47:28";"2025-12-28 20:54:43";"13499.00";"RUB";"Комплект массажеров для спины Cordus Plus для лечения спины, шеи и поясницы, физиотерапевтический(без электроники)";"1774766982";"Комплект_изи";"13499.00";"RUB";"5811.00";"RUB";"1";;;;"22306.00";"39%";"8807.00";"Автоакция. Рассрочка 0-0-6 #1739185464, Системная виртуальная скидка селлера Россия (RUB), Новогодний супербустинг";"1.2";"Москва, МО и Дальние регионы";"Москва, МО и Дальние регионы";"28";"быстро";"ПУШКИНО_1_РФЦ";"Москва";"Москва";"ПВЗ";"Не премиум";"нет";"Озон Счет Рассрочка МКК";
"06074326-0250";"06074326-0250-6";"2025-12-28 12:36:55";"2025-12-29 12:30:00";"Доставлен";"2025-12-31 12:14:15";"2025-12-29 03:35:30";"13499.00";"RUB";"Комплект массажеров для спины Cordus Plus для лечения спины, шеи и поясницы, физиотерапевтический(без электроники)";"1774766982";"Комплект_изи";"13499.00";"RUB";"5993.00";"RUB";"1";;;;"22300.00";"39%";"8801.00";"Системная виртуальная скидка селлера Россия (RUB), Новогодний супербустинг";"1.2";"Москва, МО и Дальние регионы";"Санкт-Петербург и СЗО";"60";"долго";"ПУШКИНО_1_РФЦ";"Санкт-Петербург";"Санкт-Петербург";"ПВЗ";"Не премиум";"нет";"Ozon Банк";
"0122183027-0013";"0122183027-0013-1";"2025-12-28 12:31:41";"2025-12-29 01:00:00";"Доставлен";"2025-12-29 13:33:42";"2025-12-29 03:45:50";"9132.00";"RUB";"Массажёр для спины шеи и поясницы Cordus Easy";"1793877007";"Кордус_изи";"9132.00";"RUB";"37861.00";"KZT";"1";;;"Подлежит выкупу";"10550.00";"13%";"1418.00";"Системная виртуальная скидка селлера Россия (RUB), Эластичный бустинг. Без ограничения срока действия";"0.3";"Алматы";"Алматы";"28";"быстро";"АЛМАТЫ_2_РФЦ";;"Алматы";"ПВЗ";"Не премиум";"нет";"Банковская карта";
"29731378-0308";"29731378-0308-1";"2025-12-28 12:20:39";"2025-12-28 22:00:00";"Доставлен";"2025-12-29 11:10:26";"2025-12-28 18:57:34";"8555.00";"RUB";"Массажер для Йоги и релакса Corden Yoga Тренажер из натурального бука";"2920956821";"Corden_Yoga";"8555.00";"RUB";"3982.51";"RUB";"1";;;;"34009.00";"75%";"25454.00";"Системная виртуальная скидка селлера Россия (RUB), Новогодний супербустинг";"0.4";"Екатеринбург";"Екатеринбург";"28";"быстро";"ЕКАТЕРИНБУРГ_РФЦ_НОВЫЙ";"Свердловская Область";"Екатеринбург";"ПВЗ";"Не премиум";"нет";"Озон Счет Рассрочка МКК";
"31773768-0158";"31773768-0158-2";"2025-12-28 11:40:59";"2025-12-29 09:00:00";"Доставлен";"2025-12-31 14:45:04";"2025-12-28 14:35:40";"5269.00";"RUB";"Первый веганский хондропротектор/CHONDROPROTECTOR CORDUS";"1793876871";"хондропротектор";"5269.00";"RUB";"3047.39";"RUB";"1";;;;"7590.00";"31%";"2321.00";"Системная виртуальная скидка селлера Россия (RUB), Новогодний супербустинг";"0.5";"Воронеж";"Москва, МО и Дальние регионы";"60";"долго";"ВОРОНЕЖ_МРФЦ";"Московская Область";"Одинцово";"ПВЗ";"Не премиум";"нет";"Ozon Банк";
"32169935-0194";"32169935-0194-2";"2025-12-28 11:30:04";"2025-12-29 07:30:00";"Доставлен";"2025-12-30 15:36:03";"2025-12-29 09:51:42";"13499.00";"RUB";"Комплект массажеров для спины Cordus Plus для лечения спины, шеи и поясницы, физиотерапевтический(без электроники)";"1774766982";"Комплект_изи";"13499.00";"RUB";"6897.00";"RUB";"1";;;;"22300.00";"39%";"8801.00";"Системная виртуальная скидка селлера Россия (RUB), Новогодний супербустинг";"1.2";"Казань";"Самара";"60";"долго";"КАЗАНЬ_РФЦ_НОВЫЙ";"Самарская Область";"Самара";"ПВЗ";"Не премиум";"нет";"Система Быстрых Платежей";
"0232817280-0006";"0232817280-0006-1";"2025-12-28 11:08:58";"2025-12-29 06:00:00";"Отменён";;;"9005.00";"RUB";"Массажер для Йоги и релакса Corden Yoga Тренажер из натурального бука";"2920956821";"Corden_Yoga";"9005.00";"RUB";"209.76";"BYN";"1";;;"Подлежит выкупу";"34458.48";"74%";"25453.48";"Системная виртуальная скидка селлера Россия (RUB), Новогодний супербустинг";"0.4";"Беларусь";"Беларусь";"28";"быстро";"МИНСК_МПСЦ";;"Минск";"ПВЗ";"Не премиум";"нет";"Банковская карта";
"0232817280-0005";"0232817280-0005-1";"2025-12-28 10:58:29";"2025-12-29 06:00:00";"Отменён";;;"9005.00";"RUB";"Массажер для Йоги и релакса Corden Yoga Тренажер из натурального бука";"2920956821";"Corden_Yoga";"9005.00";"RUB";"209.76";"BYN";"1";;;"Подлежит выкупу";"34458.48";"74%";"25453.48";"Системная виртуальная скидка селлера Россия (RUB), Новогодний супербустинг";"0.4";"Беларусь";"Беларусь";"28";"быстро";"МИНСК_МПСЦ";;"Минск";"ПВЗ";"Не премиум";"нет";"Банковская карта";
"35897166-0114";"35897166-0114-1";"2025-12-28 10:06:05";"2025-12-29 06:30:00";"Доставлен";"2025-12-30 13:25:04";"2025-12-29 09:44:05";"9132.00";"RUB";"Массажёр для спины шеи и поясницы Cordus Easy";"1793877007";"Кордус_изи";"9132.00";"RUB";"4957.00";"RUB";"1";;;;"10550.00";"13%";"1418.00";"Системная виртуальная скидка селлера Россия (RUB), Эластичный бустинг. Без ограничения срока действия";"0.3";"Ростов";"Воронеж";"45";"средне";"РОСТОВ_НА_ДОНУ_2_РФЦ";"Воронежская Область";"Лиски";"ПВЗ";"Не премиум";"нет";"SberPay";
"23879112-0387";"23879112-0387-1";"2025-12-28 08:32:49";"2025-12-28 18:00:00";"Доставлен";"2025-12-31 05:15:01";"2025-12-28 18:03:06";"9005.00";"RUB";"Массажер для Йоги и релакса Corden Yoga Тренажер из натурального бука";"2920956821";"Corden_Yoga";"9005.00";"RUB";"4130.48";"RUB";"1";;;;"34459.00";"74%";"25454.00";"Системная виртуальная скидка селлера Россия (RUB), Новогодний супербустинг";"0.4";"Новосибирск";"Красноярск";"45";"средне";"НОВОСИБИРСК_РФЦ_НОВЫЙ";"Красноярский Край";"Красноярск";"ПВЗ";"Премиум";"нет";"Ozon Банк";
"69332707-0513";"69332707-0513-1";"2025-12-28 08:23:58";"2025-12-29 06:30:00";"Доставлен";"2026-01-02 17:17:09";"2025-12-29 03:46:32";"13499.00";"RUB";"Комплект массажеров для спины Cordus Plus для лечения спины, шеи и поясницы, физиотерапевтический(без электроники)";"1774766982";"Комплект_изи";"13499.00";"RUB";"5811.00";"RUB";"1";;;;"22300.00";"39%";"8801.00";"Системная виртуальная скидка селлера Россия (RUB), Новогодний супербустинг";"1.2";"Москва, МО и Дальние регионы";"Невинномысск";"75";"долго";"ПУШКИНО_1_РФЦ";"Карачаево-Черкесская Республика";;"ПВЗ";"Не премиум";"нет";"Ozon Банк";
"30110743-0248";"30110743-0248-1";"2025-12-28 05:17:10";"2025-12-28 21:00:00";"Доставлен";"2025-12-30 04:58:50";"2025-12-28 23:15:54";"13499.00";"RUB";"Комплект массажеров для спины Cordus Plus для лечения спины, шеи и поясницы, физиотерапевтический(без электроники)";"1774766982";"Комплект_изи";"13499.00";"RUB";"5135.60";"RUB";"1";;;;"22300.00";"39%";"8801.00";"Системная виртуальная скидка селлера Россия (RUB), Новогодний супербустинг";"1.2";"Дальний Восток";"Дальний Восток";"28";"быстро";"ХАБАРОВСК_2_РФЦ";"Приморский Край";"Уссурийск";"ПВЗ";"Не премиум";"нет";"Ozon Банк";
"0127681386-0037";"0127681386-0037-1";"2025-12-28 04:41:28";"2025-12-28 16:30:00";"Доставлен";"2026-01-11 03:59:13";"2025-12-28 16:21:11";"42305.00";"RUB";"Комплект медицинских электронных массажеров для спины Cordus Vibro с кейсом";"1774766992";"Физио+ кейс";"42305.00";"RUB";"20827.00";"RUB";"1";;;;"48890.00";"13%";"6585.00";"Системная виртуальная скидка селлера Россия (RUB), Эластичный бустинг. Без ограничения срока действия";"0.8";"Казань";"Москва, МО и Дальние регионы";"60";"долго";"КАЗАНЬ_РФЦ_НОВЫЙ";"Сахалинская Область";;"ПВЗ";"Не премиум";"нет";"Ozon Банк";
"50783566-0176";"50783566-0176-3";"2025-12-27 23:50:27";"2025-12-28 23:00:00";"Отменён";;"2025-12-28 16:06:52";"8556.00";"RUB";"Массажер для Йоги и релакса Corden Yoga Тренажер из натурального бука";"2920956821";"Corden_Yoga";"8556.00";"RUB";"4320.08";"RUB";"1";;;;"34010.00";"75%";"25454.00";"Системная виртуальная скидка селлера Россия (RUB), Новогодний супербустинг";"0.4";"Москва, МО и Дальние регионы";"Москва, МО и Дальние регионы";"28";"быстро";"ПУШКИНО_1_РФЦ";"Москва";"Москва";"ПВЗ";"Премиум";"нет";"Банковская карта";
"50783566-0176";"50783566-0176-1";"2025-12-27 23:50:27";"2025-12-28 23:00:00";"Отменён";;"2025-12-28 16:06:52";"32500.00";"RUB";"Массажер электрический для спины и шеи Cordus Vibro от боли в спине";"1793876972";"кордус_вибро";"32500.00";"RUB";"15089.00";"RUB";"1";;;;"42050.00";"23%";"9550.00";"Системная виртуальная скидка селлера Россия (RUB)";"0.4";"Москва, МО и Дальние регионы";"Москва, МО и Дальние регионы";"28";"быстро";"ПУШКИНО_1_РФЦ";"Москва";"Москва";"ПВЗ";"Премиум";"нет";"Банковская карта";
"16043725-0194";"16043725-0194-13";"2025-12-27 20:40:54";"2025-12-28 12:30:00";"Доставлен";"2025-12-29 15:41:36";"2025-12-28 18:55:37";"13049.00";"RUB";"Комплект массажеров для спины Cordus Plus для лечения спины, шеи и поясницы, физиотерапевтический(без электроники)";"1774766982";"Комплект_изи";"13049.00";"RUB";"6447.00";"RUB";"1";;;;"21850.00";"40%";"8801.00";"Системная виртуальная скидка селлера Россия (RUB), Новогодний супербустинг";"1.2";"Москва, МО и Дальние регионы";"Москва, МО и Дальние регионы";"28";"быстро";"ПУШКИНО_1_РФЦ";"Калужская Область";"Калуга";"ПВЗ";"Не премиум";"нет";"SberPay";
"43009116-0333";"43009116-0333-1";"2025-12-27 19:53:31";"2025-12-27 22:00:00";"Доставлен";"2025-12-29 17:51:38";"2025-12-28 01:16:30";"19640.00";"RUB";"Cordus Plus - комплект массажеров для спины шеи и поясницы + Кейс";"1774767026";"Комплект_изи_кейс";"19640.00";"RUB";"7523.00";"RUB";"1";;;;"22950.00";"14%";"3310.00";"Системная виртуальная скидка селлера Россия (RUB)";"0.7";"Москва, МО и Дальние регионы";"Москва, МО и Дальние регионы";"28";"быстро";"ПУШКИНО_1_РФЦ";"Московская Область";"Лыткарино";"ПВЗ";"Не премиум";"нет";"Озон Счет Рассрочка МКК";
"93326681-0302";"93326681-0302-1";"2025-12-27 19:40:04";"2025-12-28 14:30:00";"Доставлен";"2025-12-29 12:19:07";"2025-12-28 09:35:24";"41753.00";"RUB";"Комплект медицинских электронных массажеров для спины Cordus Vibro с кейсом";"1774766992";"Физио+ кейс";"41753.00";"RUB";"20446.00";"RUB";"1";;;;"48338.00";"14%";"6585.00";"Системная виртуальная скидка селлера Россия (RUB), Эластичный бустинг. Без ограничения срока действия";"0.8";"Екатеринбург";"Екатеринбург";"28";"быстро";"ЕКАТЕРИНБУРГ_РФЦ_НОВЫЙ";"Челябинская Область";;"ПВЗ";"Не премиум";"нет";"Ozon Банк";
"00210462-0458";"00210462-0458-1";"2025-12-27 19:13:53";"2025-12-27 23:00:00";"Доставлен";"2025-12-29 14:43:05";"2025-12-28 02:07:21";"20090.00";"RUB";"Cordus Plus - комплект массажеров для спины шеи и поясницы + Кейс";"1774767026";"Комплект_изи_кейс";"20090.00";"RUB";"7923.00";"RUB";"1";;;;"23400.00";"14%";"3310.00";"Системная виртуальная скидка селлера Россия (RUB)";"0.7";"Москва, МО и Дальние регионы";"Москва, МО и Дальние регионы";"28";"быстро";"ПУШКИНО_1_РФЦ";"Москва";"Москва";"ПВЗ";"Премиум";"нет";"Кредитная карта";
"01809182-0476";"01809182-0476-1";"2025-12-27 18:38:20";"2025-12-28 22:00:00";"Доставлен";"2025-12-31 13:10:15";"2025-12-28 17:41:02";"42305.00";"RUB";"Комплект медицинских электронных массажеров для спины Cordus Vibro с кейсом";"1774766992";"Физио+ кейс";"42305.00";"RUB";"20720.00";"RUB";"1";;;;"48890.00";"13%";"6585.00";"Системная виртуальная скидка селлера Россия (RUB), Эластичный бустинг. Без ограничения срока действия";"0.8";"Екатеринбург";"Екатеринбург";"28";"быстро";"ЕКАТЕРИНБУРГ_РФЦ_НОВЫЙ";"Свердловская Область";"Верхняя Пышма";"ПВЗ";"Не премиум";"нет";"Ozon Банк";
"0125147841-0073";"0125147841-0073-1";"2025-12-27 15:12:57";"2025-12-27 18:00:00";"Доставлен";"2025-12-29 12:15:49";"2025-12-27 20:43:20";"11554.00";"RUB";"Медицинский массажер для поясницы и шеи Sacrus Easy";"1774766962";"Сакрус_Изи";"11554.00";"RUB";"6168.00";"RUB";"1";;;;"15290.00";"24%";"3736.00";"Системная виртуальная скидка селлера Россия (RUB)";"0.2";"Новосибирск";"Красноярск";"45";"средне";"НОВОСИБИРСК_РФЦ_НОВЫЙ";"Красноярский Край";"Красноярск";"ПВЗ";"Не премиум";"нет";"Система Быстрых Платежей";
"0188768698-0018";"0188768698-0018-1";"2025-12-27 12:34:25";"2025-12-28 00:00:00";"Доставлен";"2025-12-30 09:00:39";"2025-12-28 03:18:18";"9005.00";"RUB";"Массажер для Йоги и релакса Corden Yoga Тренажер из натурального бука";"2920956821";"Corden_Yoga";"9005.00";"RUB";"4911.00";"RUB";"1";;;;"34459.00";"74%";"25454.00";"Системная виртуальная скидка селлера Россия (RUB), Новогодний супербустинг";"0.4";"Казань";"Саратов";"60";"долго";"КАЗАНЬ_РФЦ_НОВЫЙ";"Саратовская Область";"Саратов";"ПВЗ";"Не премиум";"нет";"SberPay";
"86624347-0343";"86624347-0343-1";"2025-12-27 12:28:40";"2025-12-28 01:00:00";"Доставлен";"2025-12-29 14:46:35";"2025-12-27 19:21:00";"20090.00";"RUB";"Cordus Plus - комплект массажеров для спины шеи и поясницы + Кейс";"1774767026";"Комплект_изи_кейс";"20090.00";"RUB";"8373.00";"RUB";"1";;;;"23400.00";"14%";"3310.00";"Системная виртуальная скидка селлера Россия (RUB)";"0.7";"Тюмень";"Тюмень";"28";"быстро";"ТЮМЕНЬ_РФЦ";"Ханты-Мансийский Автономный округ - Югра";;"ПВЗ";"Не премиум";"нет";"Ozon Банк";
"66154778-0199";"66154778-0199-1";"2025-12-27 11:12:20";"2025-12-28 03:00:00";"Доставлен";"2025-12-31 07:21:00";"2025-12-28 06:05:55";"20090.00";"RUB";"Cordus Plus - комплект массажеров для спины шеи и поясницы + Кейс";"1774767026";"Комплект_изи_кейс";"20090.00";"RUB";"9373.00";"RUB";"1";;;;"23400.00";"14%";"3310.00";"Системная виртуальная скидка селлера Россия (RUB)";"0.7";"Москва, МО и Дальние регионы";"Воронеж";"60";"долго";"ПУШКИНО_1_РФЦ";"Курская Область";"Курчатов";"ПВЗ";"Не премиум";"нет";"Система Быстрых Платежей";
"0117633144-0321";"0117633144-0321-1";"2025-12-27 09:54:04";"2025-12-27 22:00:00";"Доставлен";"2025-12-28 13:59:05";"2025-12-27 22:37:58";"9005.00";"RUB";"Массажер для Йоги и релакса Corden Yoga Тренажер из натурального бука";"2920956821";"Corden_Yoga";"9005.00";"RUB";"4419.91";"RUB";"1";;;;"34459.00";"74%";"25454.00";"Системная виртуальная скидка селлера Россия (RUB), Новогодний супербустинг";"0.4";"Москва, МО и Дальние регионы";"Москва, МО и Дальние регионы";"28";"быстро";"ПУШКИНО_1_РФЦ";"Московская Область";"Люберцы";"ПВЗ";"Не премиум";"нет";"Ozon Банк";
"30272736-0082";"30272736-0082-1";"2025-12-27 08:09:41";"2025-12-27 23:00:00";"Отменён";;;"13499.00";"RUB";"Комплект массажеров для спины Cordus Plus для лечения спины, шеи и поясницы, физиотерапевтический(без электроники)";"1774766982";"Комплект_изи";"13499.00";"RUB";"6504.00";"RUB";"1";;;;"22300.00";"39%";"8801.00";"Системная виртуальная скидка селлера Россия (RUB), Новогодний супербустинг";"1.2";"Москва, МО и Дальние регионы";"Москва, МО и Дальние регионы";"28";"быстро";"ПУШКИНО_1_РФЦ";"Москва";"Москва";"ПВЗ";"Не премиум";"нет";"Банковская карта";
"04917598-0376";"04917598-0376-1";"2025-12-27 07:33:27";"2025-12-27 11:30:00";"Доставлен";"2025-12-28 14:30:15";"2025-12-27 14:21:53";"29565.00";"RUB";"Массажер Cordus Gun, перкуссионный, для тела, шеи, лица, беспроводной, 6 режимов, 4 насадки";"1828646386";"перкуссионный";"29565.00";"RUB";"12867.00";"RUB";"1";;;;"39640.00";"25%";"10075.00";"Системная виртуальная скидка селлера Россия (RUB), Эластичный бустинг. Без ограничения срока действия";"0.7";"Москва, МО и Дальние регионы";"Тверь";"45";"средне";"СОФЬИНО_РФЦ";"Тверская Область";;"ПВЗ";"Не премиум";"нет";"Ozon Банк";
"10193955-0234";"10193955-0234-1";"2025-12-27 05:39:20";"2025-12-27 20:00:00";"Доставлен";"2025-12-29 07:34:10";"2025-12-27 10:12:09";"9132.00";"RUB";"Массажёр для спины шеи и поясницы Cordus Easy";"1793877007";"Кордус_изи";"9132.00";"RUB";"4449.10";"RUB";"1";;;;"10550.00";"13%";"1418.00";"Системная виртуальная скидка селлера Россия (RUB), Эластичный бустинг. Без ограничения срока действия";"0.3";"Красноярск";"Красноярск";"28";"быстро";"КРАСНОЯРСК_МРФЦ";"Красноярский Край";"Красноярск";"ПВЗ";"Не премиум";"нет";"Ozon Банк";
"05962555-0314";"05962555-0314-1";"2025-12-27 02:08:29";"2025-12-28 00:00:00";"Доставлен";"2026-01-05 02:17:40";"2025-12-27 20:08:59";"8555.00";"RUB";"Массажер для Йоги и релакса Corden Yoga Тренажер из натурального бука";"2920956821";"Corden_Yoga";"8555.00";"RUB";"3994.34";"RUB";"1";;;;"34009.00";"75%";"25454.00";"Системная виртуальная скидка селлера Россия (RUB), Новогодний супербустинг";"0.4";"Новосибирск";"Дальний Восток";"60";"долго";"НОВОСИБИРСК_РФЦ_НОВЫЙ";"Приморский Край";"Владивосток";"ПВЗ";"Не премиум";"нет";"Ozon Банк";
"32459306-0549";"32459306-0549-1";"2025-12-26 21:17:35";"2025-12-27 23:00:00";"Доставлен";"2025-12-29 10:26:53";"2025-12-28 02:38:27";"9132.00";"RUB";"Массажёр для спины шеи и поясницы Cordus Easy";"1793877007";"Кордус_изи";"9132.00";"RUB";"4432.23";"RUB";"1";;;;"10550.00";"13%";"1418.00";"Системная виртуальная скидка селлера Россия (RUB), Эластичный бустинг. Без ограничения срока действия";"0.3";"Москва, МО и Дальние регионы";"Москва, МО и Дальние регионы";"28";"быстро";"ПУШКИНО_1_РФЦ";"Москва";"Москва";"ПВЗ";"Не премиум";"нет";"Ozon Банк";
"65181619-0118";"65181619-0118-1";"2025-12-26 20:11:15";"2025-12-27 23:00:00";"Доставлен";"2025-12-28 14:46:18";"2025-12-28 01:08:09";"13499.00";"RUB";"Комплект массажеров для спины Cordus Plus для лечения спины, шеи и поясницы, физиотерапевтический(без электроники)";"1774766982";"Комплект_изи";"13499.00";"RUB";"5703.64";"RUB";"1";;;;"22300.00";"39%";"8801.00";"Системная виртуальная скидка селлера Россия (RUB), Новогодний супербустинг";"1.2";"Москва, МО и Дальние регионы";"Москва, МО и Дальние регионы";"28";"быстро";"ПУШКИНО_1_РФЦ";"Москва";"Москва";"Курьер";"Не премиум";"нет";"Ozon Банк";
"21985137-0004";"21985137-0004-1";"2025-12-26 18:28:52";"2025-12-27 11:30:00";"Доставлен";"2025-12-29 13:22:30";"2025-12-27 07:32:32";"9005.00";"RUB";"Массажер для Йоги и релакса Corden Yoga Тренажер из натурального бука";"2920956821";"Corden_Yoga";"9005.00";"RUB";"4440.11";"RUB";"1";;;;"34459.00";"74%";"25454.00";"Системная виртуальная скидка селлера Россия (RUB), Новогодний супербустинг";"0.4";"Новосибирск";"Новосибирск";"28";"быстро";"НОВОСИБИРСК_РФЦ_НОВЫЙ";"Томская Область";"Томск";"ПВЗ";"Не премиум";"нет";"Ozon Банк";
"36564040-0181";"36564040-0181-1";"2025-12-26 17:12:41";"2025-12-27 23:00:00";"Доставлен";"2025-12-28 15:46:55";"2025-12-27 10:49:59";"9005.00";"RUB";"Массажер для Йоги и релакса Corden Yoga Тренажер из натурального бука";"2920956821";"Corden_Yoga";"9005.00";"RUB";"4138.10";"RUB";"1";;;;"34459.00";"74%";"25454.00";"Системная виртуальная скидка селлера Россия (RUB), Новогодний супербустинг";"0.4";"Москва, МО и Дальние регионы";"Москва, МО и Дальние регионы";"28";"быстро";"ХОРУГВИНО_РФЦ";"Москва";"Москва";"ПВЗ";"Премиум";"нет";"Ozon Банк";
"60767577-0324";"60767577-0324-2";"2025-12-26 16:56:09";"2025-12-27 22:00:00";"Доставлен";"2025-12-31 13:36:35";"2025-12-28 00:32:22";"20090.00";"RUB";"Cordus Plus - комплект массажеров для спины шеи и поясницы + Кейс";"1774767026";"Комплект_изи_кейс";"20090.00";"RUB";"7798.00";"RUB";"1";;;;"23400.00";"14%";"3310.00";"Системная виртуальная скидка селлера Россия (RUB)";"0.7";"Москва, МО и Дальние регионы";"Москва, МО и Дальние регионы";"28";"быстро";"ПУШКИНО_1_РФЦ";"Москва";"Москва";"ПВЗ";"Премиум";"нет";"Ozon Банк";
"47040227-0075";"47040227-0075-1";"2025-12-26 16:16:26";"2025-12-26 23:00:00";"Доставлен";"2026-01-11 15:27:42";"2025-12-27 02:48:08";"9132.00";"RUB";"Массажёр для спины шеи и поясницы Cordus Easy";"1793877007";"Кордус_изи";"9132.00";"RUB";"5457.00";"RUB";"1";;;;"10550.00";"13%";"1418.00";"Системная виртуальная скидка селлера Россия (RUB), Эластичный бустинг. Без ограничения срока действия";"0.3";"Москва, МО и Дальние регионы";"Москва, МО и Дальние регионы";"28";"быстро";"ХОРУГВИНО_РФЦ";"Московская Область";"Мытищи";"ПВЗ";"Не премиум";"нет";"SberPay";
"24682143-0161";"24682143-0161-1";"2025-12-26 16:11:21";"2025-12-26 22:00:00";"Доставлен";"2025-12-28 17:09:09";"2025-12-27 00:29:40";"9132.00";"RUB";"Массажёр для спины шеи и поясницы Cordus Easy";"1793877007";"Кордус_изи";"9132.00";"RUB";"4933.00";"RUB";"1";;;;"10550.00";"13%";"1418.00";"Системная виртуальная скидка селлера Россия (RUB), Эластичный бустинг. Без ограничения срока действия";"0.3";"Москва, МО и Дальние регионы";"Москва, МО и Дальние регионы";"28";"быстро";"ХОРУГВИНО_РФЦ";"Москва";"Москва";"ПВЗ";"Не премиум";"нет";"Система Быстрых Платежей";
"44134640-0166";"44134640-0166-1";"2025-12-26 15:41:09";"2025-12-27 12:30:00";"Отменён";;"2025-12-27 15:50:56";"13499.00";"RUB";"Комплект массажеров для спины Cordus Plus для лечения спины, шеи и поясницы, физиотерапевтический(без электроники)";"1774766982";"Комплект_изи";"13499.00";"RUB";"6186.00";"RUB";"1";;;;"22300.00";"39%";"8801.00";"Системная виртуальная скидка селлера Россия (RUB), Новогодний супербустинг";"1.2";"Москва, МО и Дальние регионы";"Москва, МО и Дальние регионы";"28";"быстро";"ПУШКИНО_1_РФЦ";"Калужская Область";"Юхнов";"ПВЗ";"Премиум";"нет";"Ozon Банк";
"47879250-0003";"47879250-0003-1";"2025-12-26 14:43:25";"2025-12-27 06:30:00";"Доставлен";"2025-12-29 12:27:28";"2025-12-27 09:03:18";"13499.00";"RUB";"Комплект массажеров для спины Cordus Plus для лечения спины, шеи и поясницы, физиотерапевтический(без электроники)";"1774766982";"Комплект_изи";"13499.00";"RUB";"6186.00";"RUB";"1";;;;"22300.00";"39%";"8801.00";"Системная виртуальная скидка селлера Россия (RUB), Новогодний супербустинг";"1.2";"Москва, МО и Дальние регионы";"Казань";"60";"долго";"ПУШКИНО_1_РФЦ";"Татарстан Республика";"Казань";"ПВЗ";"Не премиум";"нет";"Ozon Банк";
"71141493-0454";"71141493-0454-7";"2025-12-26 14:31:49";"2025-12-27 16:00:00";"Доставлен";"2025-12-31 10:39:31";"2025-12-27 15:24:05";"9132.00";"RUB";"Массажёр для спины шеи и поясницы Cordus Easy";"1793877007";"Кордус_изи";"9132.00";"RUB";"4570.48";"RUB";"1";;;;"10550.00";"13%";"1418.00";"Системная виртуальная скидка селлера Россия (RUB), Эластичный бустинг. Без ограничения срока действия";"0.3";"Ростов";"Ростов";"28";"быстро";"РОСТОВ_НА_ДОНУ_2_РФЦ";"Ростовская Область";;"ПВЗ";"Не премиум";"нет";"Ozon Банк";
"71141493-0454";"71141493-0454-1";"2025-12-26 14:31:49";"2025-12-27 16:00:00";"Доставлен";"2025-12-31 10:39:31";"2025-12-27 15:24:05";"9132.00";"RUB";"Массажёр для спины шеи и поясницы Cordus Easy";"1793877007";"Кордус_изи";"9132.00";"RUB";"4570.48";"RUB";"1";;;;"10550.00";"13%";"1418.00";"Системная виртуальная скидка селлера Россия (RUB), Эластичный бустинг. Без ограничения срока действия";"0.3";"Ростов";"Ростов";"28";"быстро";"РОСТОВ_НА_ДОНУ_2_РФЦ";"Ростовская Область";;"ПВЗ";"Не премиум";"нет";"Ozon Банк";
"0145280014-0154";"0145280014-0154-1";"2025-12-26 13:50:08";"2025-12-27 06:30:00";"Доставлен";"2025-12-29 13:22:31";"2025-12-27 09:16:16";"13499.00";"RUB";"Комплект массажеров для спины Cordus Plus для лечения спины, шеи и поясницы, физиотерапевтический(без электроники)";"1774766982";"Комплект_изи";"13499.00";"RUB";"6186.00";"RUB";"1";;;;"22306.00";"39%";"8807.00";"Автоакция. Рассрочка 0-0-6 #1739185464, Системная виртуальная скидка селлера Россия (RUB), Новогодний супербустинг";"1.2";"Москва, МО и Дальние регионы";"Пермь";"75";"долго";"ПУШКИНО_1_РФЦ";"Пермский Край";"Березники";"ПВЗ";"Не премиум";"нет";"Озон Счет Рассрочка МКК";
"63440602-0701";"63440602-0701-1";"2025-12-26 13:38:24";"2025-12-26 22:00:00";"Доставлен";"2025-12-29 10:54:26";"2025-12-27 00:38:42";"13499.00";"RUB";"Комплект массажеров для спины Cordus Plus для лечения спины, шеи и поясницы, физиотерапевтический(без электроники)";"1774766982";"Комплект_изи";"13499.00";"RUB";"6186.00";"RUB";"1";;;;"22300.00";"39%";"8801.00";"Системная виртуальная скидка селлера Россия (RUB), Новогодний супербустинг";"1.2";"Москва, МО и Дальние регионы";"Москва, МО и Дальние регионы";"28";"быстро";"ПУШКИНО_1_РФЦ";"Московская Область";"Подольск";"ПВЗ";"Премиум";"нет";"Ozon Банк";
"05313514-0153";"05313514-0153-1";"2025-12-26 10:32:05";"2025-12-27 09:00:00";"Отменён";;"2025-12-27 06:20:20";"20082.00";"RUB";"Sacrus Vibro Массажер для поясницы электрический/физиотерапевтический";"1774766986";"Сакрус_Вибро";"20082.00";"RUB";"10303.00";"RUB";"1";;;;"39800.00";"50%";"19718.00";"Системная виртуальная скидка селлера Россия (RUB), Эластичный бустинг. Без ограничения срока действия";"0.4";"Воронеж";"Москва, МО и Дальние регионы";"60";"долго";"ВОРОНЕЖ_МРФЦ";"Москва";"Москва";"ПВЗ";"Не премиум";"нет";"Банковская карта";
"0232817280-0004";"0232817280-0004-1";"2025-12-26 09:50:22";"2025-12-27 06:00:00";"Доставлен";"2026-01-02 16:15:43";"2025-12-27 03:01:03";"9005.00";"RUB";"Массажер для Йоги и релакса Corden Yoga Тренажер из натурального бука";"2920956821";"Corden_Yoga";"9005.00";"RUB";"209.61";"BYN";"1";;;"Подлежит выкупу";"34458.38";"74%";"25453.38";"Системная виртуальная скидка селлера Россия (RUB), Новогодний супербустинг";"0.4";"Беларусь";"Беларусь";"28";"быстро";"МИНСК_МПСЦ";;"Минск";"ПВЗ";"Не премиум";"нет";"Банковская карта";
"66198056-0994";"66198056-0994-1";"2025-12-26 08:10:59";"2025-12-26 16:30:00";"Доставлен";"2025-12-30 05:10:16";"2025-12-26 18:24:32";"13049.00";"RUB";"Комплект массажеров для спины Cordus Plus для лечения спины, шеи и поясницы, физиотерапевтический(без электроники)";"1774766982";"Комплект_изи";"13049.00";"RUB";"5449.00";"RUB";"1";;;;"21850.00";"40%";"8801.00";"Системная виртуальная скидка селлера Россия (RUB), Новогодний супербустинг";"1.2";"Екатеринбург";"Новосибирск";"75";"долго";"ЕКАТЕРИНБУРГ_РФЦ_НОВЫЙ";"Кемеровская область - Кузбасс";"Белово";"ПВЗ";"Премиум";"нет";"Ozon Банк";
"84715209-0008";"84715209-0008-1";"2025-12-26 07:30:41";"2025-12-26 20:00:00";"Доставлен";"2025-12-27 12:32:06";"2025-12-26 23:11:09";"20090.00";"RUB";"Cordus Plus - комплект массажеров для спины шеи и поясницы + Кейс";"1774767026";"Комплект_изи_кейс";"20090.00";"RUB";"8278.00";"RUB";"1";;;;"23400.00";"14%";"3310.00";"Системная виртуальная скидка селлера Россия (RUB)";"0.7";"Новосибирск";"Новосибирск";"28";"быстро";"НОВОСИБИРСК_РФЦ_НОВЫЙ";"Новосибирская Область";;"ПВЗ";"Не премиум";"нет";"Ozon Банк";
"40719209-0196";"40719209-0196-1";"2025-12-26 07:13:45";"2025-12-26 10:30:00";"Доставлен";"2025-12-29 16:36:15";"2025-12-26 14:11:50";"20090.00";"RUB";"Cordus Plus - комплект массажеров для спины шеи и поясницы + Кейс";"1774767026";"Комплект_изи_кейс";"20090.00";"RUB";"8278.00";"RUB";"1";;;;"23400.00";"14%";"3310.00";"Системная виртуальная скидка селлера Россия (RUB)";"0.7";"Ростов";"Москва, МО и Дальние регионы";"75";"долго";"РОСТОВ_НА_ДОНУ_2_РФЦ";"Московская Область";"Красногорск";"ПВЗ";"Не премиум";"нет";"Ozon Банк";
"71385177-0115";"71385177-0115-1";"2025-12-26 06:32:58";"2025-12-26 12:30:00";"Доставлен";"2025-12-31 09:28:12";"2025-12-27 05:18:12";"13499.00";"RUB";"Комплект массажеров для спины Cordus Plus для лечения спины, шеи и поясницы, физиотерапевтический(без электроники)";"1774766982";"Комплект_изи";"13499.00";"RUB";"6081.00";"RUB";"1";;;;"22300.00";"39%";"8801.00";"Системная виртуальная скидка селлера Россия (RUB), Новогодний супербустинг";"1.2";"Екатеринбург";"Краснодар";"75";"долго";"ЕКАТЕРИНБУРГ_РФЦ_НОВЫЙ";"Краснодарский Край";"Приморско-Ахтарск";"ПВЗ";"Не премиум";"нет";"Ozon Банк";
"0124272250-0066";"0124272250-0066-1";"2025-12-26 06:17:25";"2025-12-26 16:30:00";"Доставлен";"2025-12-31 11:49:48";"2025-12-26 14:12:25";"13499.00";"RUB";"Комплект массажеров для спины Cordus Plus для лечения спины, шеи и поясницы, физиотерапевтический(без электроники)";"1774766982";"Комплект_изи";"13499.00";"RUB";"6590.00";"RUB";"1";;;;"22300.00";"39%";"8801.00";"Системная виртуальная скидка селлера Россия (RUB), Новогодний супербустинг";"1.2";"Екатеринбург";"Новосибирск";"75";"долго";"ЕКАТЕРИНБУРГ_РФЦ_НОВЫЙ";"Кемеровская область - Кузбасс";"Новокузнецк";"ПВЗ";"Не премиум";"нет";"Банковская карта";
"11476912-0395";"11476912-0395-2";"2025-12-25 22:56:34";;"Доставлен";"2025-12-30 17:21:50";"2025-12-27 01:27:13";"13499.00";"RUB";"Комплект массажеров для спины Cordus Plus для лечения спины, шеи и поясницы, физиотерапевтический(без электроники)";"1774766982";"Комплект_изи";"13499.00";"RUB";"5899.00";"RUB";"1";;;;"22300.00";"39%";"8801.00";"Системная виртуальная скидка селлера Россия (RUB), Новогодний супербустинг";"1.2";"Екатеринбург";"Москва, МО и Дальние регионы";"75";"долго";"ЕКАТЕРИНБУРГ_РФЦ_НОВЫЙ";"Москва";"Москва";"ПВЗ";"Не премиум";"нет";"Кредитная карта";
"63970332-0113";"63970332-0113-1";"2025-12-25 21:13:03";"2025-12-26 14:30:00";"Доставлен";"2025-12-27 12:42:53";"2025-12-26 11:29:29";"9005.00";"RUB";"Массажер для Йоги и релакса Corden Yoga Тренажер из натурального бука";"2920956821";"Corden_Yoga";"9005.00";"RUB";"4513.33";"RUB";"1";;;;"34459.00";"74%";"25454.00";"Новогодний супербустинг, Системная виртуальная скидка селлера Россия (RUB)";"0.4";"Екатеринбург";"Екатеринбург";"28";"быстро";"ЕКАТЕРИНБУРГ_РФЦ_НОВЫЙ";"Челябинская Область";"Миасс";"ПВЗ";"Не премиум";"нет";"Ozon Банк";
"0169138677-0024";"0169138677-0024-1";"2025-12-25 19:51:09";"2025-12-26 06:30:00";"Доставлен";"2025-12-27 17:19:42";"2025-12-26 08:45:54";"9132.00";"RUB";"Массажёр для спины шеи и поясницы Cordus Easy";"1793877007";"Кордус_изи";"9132.00";"RUB";"4480.00";"RUB";"1";;;;"10550.00";"13%";"1418.00";"Системная виртуальная скидка селлера Россия (RUB), Эластичный бустинг. Без ограничения срока действия";"0.3";"Москва, МО и Дальние регионы";"Москва, МО и Дальние регионы";"28";"быстро";"ПУШКИНО_1_РФЦ";"Смоленская Область";"Рославль";"ПВЗ";"Не премиум";"нет";"Озон Счет Рассрочка МКК";
"16962975-0278";"16962975-0278-1";"2025-12-25 17:26:39";"2025-12-25 23:00:00";"Доставлен";"2025-12-27 08:30:48";"2025-12-25 23:20:20";"29565.00";"RUB";"Массажер Cordus Gun, перкуссионный, для тела, шеи, лица, беспроводной, 6 режимов, 4 насадки";"1828646386";"перкуссионный";"29565.00";"RUB";"12732.00";"RUB";"1";;;;"39640.00";"25%";"10075.00";"Системная виртуальная скидка селлера Россия (RUB), Эластичный бустинг. Без ограничения срока действия";"0.7";"Санкт-Петербург и СЗО";"Санкт-Петербург и СЗО";"28";"быстро";"СПБ_КОЛПИНО_РФЦ";"Санкт-Петербург";"Пушкин";"ПВЗ";"Не премиум";"нет";"Ozon Банк";
"30156565-0865";"30156565-0865-1";"2025-12-25 16:52:21";"2025-12-26 17:30:00";"Доставлен";"2025-12-27 14:19:31";"2025-12-26 07:36:42";"20090.00";"RUB";"Cordus Plus - комплект массажеров для спины шеи и поясницы + Кейс";"1774767026";"Комплект_изи_кейс";"20090.00";"RUB";"8053.00";"RUB";"1";;;;"23400.00";"14%";"3310.00";"Системная виртуальная скидка селлера Россия (RUB)";"0.7";"Уфа";"Уфа";"28";"быстро";"УФА_РФЦ";"Башкортостан Республика";"Октябрьский";"ПВЗ";"Не премиум";"нет";"Ozon Банк";
"20062661-0269";"20062661-0269-1";"2025-12-25 11:49:51";"2025-12-26 06:30:00";"Доставлен";"2025-12-27 04:51:43";"2025-12-26 07:09:02";"9132.00";"RUB";"Массажёр для спины шеи и поясницы Cordus Easy";"1793877007";"Кордус_изи";"9132.00";"RUB";"4397.14";"RUB";"1";;;;"10550.00";"13%";"1418.00";"Системная виртуальная скидка селлера Россия (RUB), Эластичный бустинг. Без ограничения срока действия";"0.3";"Красноярск";"Красноярск";"28";"быстро";"КРАСНОЯРСК_МРФЦ";"Красноярский Край";"Минусинск";"ПВЗ";"Не премиум";"нет";"Ozon Банк";
"32528080-0109";"32528080-0109-1";"2025-12-25 11:09:58";"2025-12-26 10:30:00";"Доставлен";"2025-12-29 15:46:40";"2025-12-26 06:40:49";"13499.00";"RUB";"Комплект массажеров для спины Cordus Plus для лечения спины, шеи и поясницы, физиотерапевтический(без электроники)";"1774766982";"Комплект_изи";"13499.00";"RUB";"5789.00";"RUB";"1";;;;"22300.00";"39%";"8801.00";"Системная виртуальная скидка селлера Россия (RUB), Новогодний супербустинг";"1.2";"Оренбург";"Саратов";"60";"долго";"ОРЕНБУРГ_РФЦ";"Пензенская Область";"Пенза";"ПВЗ";"Не премиум";"нет";"Ozon Банк";
"71746900-0191";"71746900-0191-1";"2025-12-25 10:28:10";"2025-12-25 22:00:00";"Доставлен";"2025-12-26 18:50:33";"2025-12-25 19:56:46";"11554.00";"RUB";"Медицинский массажер для поясницы и шеи Sacrus Easy";"1774766962";"Сакрус_Изи";"11554.00";"RUB";"6187.00";"RUB";"1";;;;"15290.00";"24%";"3736.00";"Системная виртуальная скидка селлера Россия (RUB)";"0.2";"Москва, МО и Дальние регионы";"Москва, МО и Дальние регионы";"28";"быстро";"ПУШКИНО_2_РФЦ";"Москва";"Москва";"ПВЗ";"Не премиум";"нет";"Банковская карта";
"73250382-0074";"73250382-0074-1";"2025-12-25 10:10:12";"2025-12-25 23:00:00";"Доставлен";"2025-12-26 12:38:05";"2025-12-25 20:44:42";"9132.00";"RUB";"Массажёр для спины шеи и поясницы Cordus Easy";"1793877007";"Кордус_изи";"9132.00";"RUB";"5142.00";"RUB";"1";;;;"10550.00";"13%";"1418.00";"Системная виртуальная скидка селлера Россия (RUB), Эластичный бустинг. Без ограничения срока действия";"0.3";"Москва, МО и Дальние регионы";"Москва, МО и Дальние регионы";"28";"быстро";"ПУШКИНО_1_РФЦ";"Московская Область";;"ПВЗ";"Не премиум";"нет";"Банковская карта";
"79372831-0416";"79372831-0416-1";"2025-12-25 09:26:08";"2025-12-26 10:30:00";"Доставлен";"2025-12-30 12:55:30";"2025-12-25 12:50:25";"13499.00";"RUB";"Комплект массажеров для спины Cordus Plus для лечения спины, шеи и поясницы, физиотерапевтический(без электроники)";"1774766982";"Комплект_изи";"13499.00";"RUB";"5971.00";"RUB";"1";;;;"22300.00";"39%";"8801.00";"Системная виртуальная скидка селлера Россия (RUB), Новогодний супербустинг";"1.2";"Оренбург";"Санкт-Петербург и СЗО";"75";"долго";"ОРЕНБУРГ_РФЦ";"Санкт-Петербург";"Санкт-Петербург";"ПВЗ";"Не премиум";"нет";"Ozon Банк";
"0124017958-0281";"0124017958-0281-1";"2025-12-25 09:08:35";"2025-12-26 01:30:00";"Доставлен";"2025-12-29 12:11:16";"2025-12-25 23:23:09";"17388.00";"RUB";"Массажер электрический для спины и шеи Cordus Vibro от боли в спине";"1793876972";"кордус_вибро";"17388.00";"RUB";"7260.00";"RUB";"1";;;;"42050.00";"59%";"24662.00";"Системная виртуальная скидка селлера Россия (RUB), Эластичный бустинг. Без ограничения срока действия";"0.4";"Москва, МО и Дальние регионы";"Саратов";"60";"долго";"ПУШКИНО_2_РФЦ";"Пензенская Область";"Пенза";"ПВЗ";"Не премиум";"нет";"Ozon Банк";
"40269386-0051";"40269386-0051-1";"2025-12-25 08:48:13";"2025-12-26 08:30:00";"Доставлен";"2025-12-30 10:51:36";"2025-12-26 09:29:49";"13499.00";"RUB";"Комплект массажеров для спины Cordus Plus для лечения спины, шеи и поясницы, физиотерапевтический(без электроники)";"1774766982";"Комплект_изи";"13499.00";"RUB";"6153.00";"RUB";"1";;;;"22300.00";"39%";"8801.00";"Системная виртуальная скидка селлера Россия (RUB), Новогодний супербустинг";"1.2";"Оренбург";"Уфа";"45";"средне";"ОРЕНБУРГ_РФЦ";"Татарстан Республика";"Нижнекамск";"ПВЗ";"Не премиум";"нет";"Ozon Банк";
"46033923-0227";"46033923-0227-1";"2025-12-25 07:37:56";"2025-12-25 13:30:00";"Доставлен";"2025-12-29 13:52:38";"2025-12-25 15:11:32";"8462.00";"RUB";"Массажёр для спины шеи и поясницы Cordus Easy";"1793877007";"Кордус_изи";"8462.00";"RUB";"3953.57";"RUB";"1";;;;"9880.00";"14%";"1418.00";"Системная виртуальная скидка селлера Россия (RUB), Эластичный бустинг. Без ограничения срока действия";"0.3";"Москва, МО и Дальние регионы";"Ярославль";"45";"средне";"ПУШКИНО_1_РФЦ";"Ярославская Область";"Ярославль";"ПВЗ";"Не премиум";"нет";"Ozon Банк";
"36981587-0185";"36981587-0185-1";"2025-12-25 07:11:01";"2025-12-25 21:00:00";"Доставлен";"2025-12-28 11:05:18";"2025-12-25 11:59:15";"13499.00";"RUB";"Комплект массажеров для спины Cordus Plus для лечения спины, шеи и поясницы, физиотерапевтический(без электроники)";"1774766982";"Комплект_изи";"13499.00";"RUB";"6153.00";"RUB";"1";;;;"22300.00";"39%";"8801.00";"Системная виртуальная скидка селлера Россия (RUB), Новогодний супербустинг";"1.2";"Пермь";"Пермь";"28";"быстро";"ПЕРМЬ_РФЦ";"Пермский Край";"Березники";"ПВЗ";"Не премиум";"нет";"Ozon Банк";
"0109323330-0148";"0109323330-0148-1";"2025-12-25 06:49:53";"2025-12-25 14:30:00";"Доставлен";"2025-12-26 15:47:06";"2025-12-25 12:48:55";"13499.00";"RUB";"Комплект массажеров для спины Cordus Plus для лечения спины, шеи и поясницы, физиотерапевтический(без электроники)";"1774766982";"Комплект_изи";"13499.00";"RUB";"5971.00";"RUB";"1";;;;"22300.00";"39%";"8801.00";"Новогодний супербустинг, Системная виртуальная скидка селлера Россия (RUB)";"1.2";"Пермь";"Уфа";"45";"средне";"ПЕРМЬ_РФЦ";"Удмуртская Республика";"Ижевск";"ПВЗ";"Премиум";"нет";"Ozon Банк";
"75719084-0520";"75719084-0520-1";"2025-12-25 06:38:51";"2025-12-25 20:00:00";"Доставлен";"2025-12-29 09:02:00";"2025-12-25 10:17:46";"9132.00";"RUB";"Массажёр для спины шеи и поясницы Cordus Easy";"1793877007";"Кордус_изи";"9132.00";"RUB";"4392.96";"RUB";"1";;;;"10550.00";"13%";"1418.00";"Системная виртуальная скидка селлера Россия (RUB), Эластичный бустинг. Без ограничения срока действия";"0.3";"Красноярск";"Красноярск";"28";"быстро";"КРАСНОЯРСК_МРФЦ";"Красноярский Край";"Красноярск";"ПВЗ";"Не премиум";"нет";"Ozon Банк";
"56978806-0094";"56978806-0094-2";"2025-12-25 06:36:50";"2025-12-26 08:30:00";"Доставлен";"2025-12-30 12:47:50";"2025-12-25 10:21:31";"13499.00";"RUB";"Комплект массажеров для спины Cordus Plus для лечения спины, шеи и поясницы, физиотерапевтический(без электроники)";"1774766982";"Комплект_изи";"13499.00";"RUB";"6153.00";"RUB";"1";;;;"22300.00";"39%";"8801.00";"Системная виртуальная скидка селлера Россия (RUB), Новогодний супербустинг";"1.2";"Оренбург";"Екатеринбург";"60";"долго";"ОРЕНБУРГ_РФЦ";"Челябинская Область";"Кыштым";"ПВЗ";"Не премиум";"нет";"Ozon Банк";
"0138148801-0179";"0138148801-0179-1";"2025-12-25 01:49:52";"2025-12-25 22:00:00";"Доставлен";"2025-12-26 14:07:11";"2025-12-25 12:05:10";"9132.00";"RUB";"Массажёр для спины шеи и поясницы Cordus Easy";"1793877007";"Кордус_изи";"9132.00";"RUB";"4623.57";"RUB";"1";;;;"10550.00";"13%";"1418.00";"Системная виртуальная скидка селлера Россия (RUB), Эластичный бустинг. Без ограничения срока действия";"0.3";"Екатеринбург";"Екатеринбург";"28";"быстро";"ЕКАТЕРИНБУРГ_РФЦ_НОВЫЙ";"Свердловская Область";"Екатеринбург";"ПВЗ";"Не премиум";"нет";"Ozon Банк";
"0123297290-0812";"0123297290-0812-1";"2025-12-24 22:47:45";"2025-12-25 08:30:00";"Доставлен";"2025-12-27 11:43:59";"2025-12-25 09:30:47";"13049.00";"RUB";"Комплект массажеров для спины Cordus Plus для лечения спины, шеи и поясницы, физиотерапевтический(без электроники)";"1774766982";"Комплект_изи";"13049.00";"RUB";"5703.00";"RUB";"1";;;;"21856.00";"40%";"8807.00";"Новогодний супербустинг, Автоакция. Рассрочка 0-0-6 #1739185464, Системная виртуальная скидка селлера Россия (RUB)";"1.2";"Оренбург";"Уфа";"45";"средне";"ОРЕНБУРГ_РФЦ";"Татарстан Республика";;"ПВЗ";"Не премиум";"нет";"Озон Счет Рассрочка МКК";
"57062033-0147";"57062033-0147-1";"2025-12-24 22:26:47";"2025-12-25 10:30:00";"Доставлен";"2025-12-30 14:44:46";"2025-12-25 08:46:27";"13499.00";"RUB";"Комплект массажеров для спины Cordus Plus для лечения спины, шеи и поясницы, физиотерапевтический(без электроники)";"1774766982";"Комплект_изи";"13499.00";"RUB";"6153.00";"RUB";"1";;;;"22300.00";"39%";"8801.00";"Системная виртуальная скидка селлера Россия (RUB), Новогодний супербустинг";"1.2";"Оренбург";"Москва, МО и Дальние регионы";"75";"долго";"ОРЕНБУРГ_РФЦ";"Московская Область";"Подольск";"ПВЗ";"Не премиум";"нет";"Ozon Банк";
"93003921-0092";"93003921-0092-3";"2025-12-24 21:55:40";;"Доставлен";"2025-12-29 09:52:01";"2025-12-25 01:44:40";"20090.00";"RUB";"Cordus Plus - комплект массажеров для спины шеи и поясницы + Кейс";"1774767026";"Комплект_изи_кейс";"20090.00";"RUB";"7771.00";"RUB";"1";;;;"23400.00";"14%";"3310.00";"Системная виртуальная скидка селлера Россия (RUB)";"0.7";"Самара";"Москва, МО и Дальние регионы";"60";"долго";"САМАРА_РФЦ";"Москва";"Москва";"ПВЗ";"Не премиум";"нет";"Ozon Банк";
"45366500-0070";"45366500-0070-1";"2025-12-24 19:19:58";"2025-12-24 22:00:00";"Доставлен";"2025-12-29 17:10:13";"2025-12-24 23:59:30";"9132.00";"RUB";"Массажёр для спины шеи и поясницы Cordus Easy";"1793877007";"Кордус_изи";"9132.00";"RUB";"4868.00";"RUB";"1";;;;"10550.00";"13%";"1418.00";"Системная виртуальная скидка селлера Россия (RUB), Эластичный бустинг. Без ограничения срока действия";"0.3";"Москва, МО и Дальние регионы";"Москва, МО и Дальние регионы";"28";"быстро";"ПУШКИНО_1_РФЦ";"Москва";"Москва";"ПВЗ";"Не премиум";"нет";"Банковская карта";
"91170996-0221";"91170996-0221-1";"2025-12-24 16:58:29";"2025-12-25 10:30:00";"Доставлен";"2025-12-29 15:46:36";"2025-12-24 23:23:38";"13499.00";"RUB";"Комплект массажеров для спины Cordus Plus для лечения спины, шеи и поясницы, физиотерапевтический(без электроники)";"1774766982";"Комплект_изи";"13499.00";"RUB";"5971.00";"RUB";"1";;;;"22300.00";"39%";"8801.00";"Системная виртуальная скидка селлера Россия (RUB), Новогодний супербустинг";"1.2";"Оренбург";"Краснодар";"75";"долго";"ОРЕНБУРГ_РФЦ";"Краснодарский Край";"Геленджик";"ПВЗ";"Не премиум";"нет";"Ozon Банк";
"83407594-0173";"83407594-0173-1";"2025-12-24 16:08:35";"2025-12-24 21:00:00";"Доставлен";"2025-12-25 15:34:45";"2025-12-24 19:22:42";"9132.00";"RUB";"Массажёр для спины шеи и поясницы Cordus Easy";"1793877007";"Кордус_изи";"9132.00";"RUB";"4623.57";"RUB";"1";;;;"10550.00";"13%";"1418.00";"Системная виртуальная скидка селлера Россия (RUB), Эластичный бустинг. Без ограничения срока действия";"0.3";"Пермь";"Пермь";"28";"быстро";"ПЕРМЬ_РФЦ";"Пермский Край";"Пермь";"ПВЗ";"Не премиум";"нет";"Ozon Банк";
"77445830-0168";"77445830-0168-5";"2025-12-24 15:04:23";"2025-12-24 22:00:00";"Доставлен";"2025-12-26 17:51:17";"2025-12-25 15:00:22";"17388.00";"RUB";"Массажер электрический для спины и шеи Cordus Vibro от боли в спине";"1793876972";"кордус_вибро";"17388.00";"RUB";"7980.26";"RUB";"1";;;;"42050.00";"59%";"24662.00";"Системная виртуальная скидка селлера Россия (RUB), Эластичный бустинг. Без ограничения срока действия";"0.4";"Москва, МО и Дальние регионы";"Москва, МО и Дальние регионы";"28";"быстро";"ЖУКОВСКИЙ_РФЦ";"Московская Область";"Одинцово";"Курьер";"Не премиум";"нет";"Ozon Банк";
"0136056113-0151";"0136056113-0151-1";"2025-12-24 12:48:20";"2025-12-25 10:30:00";"Доставлен";"2025-12-28 11:10:54";"2025-12-24 18:32:55";"13499.00";"RUB";"Комплект массажеров для спины Cordus Plus для лечения спины, шеи и поясницы, физиотерапевтический(без электроники)";"1774766982";"Комплект_изи";"13499.00";"RUB";"5616.00";"RUB";"1";;;;"22300.00";"39%";"8801.00";"Системная виртуальная скидка селлера Россия (RUB), Новогодний супербустинг";"1.2";"Оренбург";"Саратов";"60";"долго";"ОРЕНБУРГ_РФЦ";"Пензенская Область";"Пенза";"ПВЗ";"Премиум";"нет";"Ozon Банк";
"68177921-0246";"68177921-0246-1";"2025-12-24 12:00:49";"2025-12-25 10:30:00";"Доставлен";"2025-12-30 06:44:13";"2025-12-24 18:45:56";"13499.00";"RUB";"Комплект массажеров для спины Cordus Plus для лечения спины, шеи и поясницы, физиотерапевтический(без электроники)";"1774766982";"Комплект_изи";"13499.00";"RUB";"5522.00";"RUB";"1";;;;"22306.00";"39%";"8807.00";"Системная виртуальная скидка селлера Россия (RUB), Новогодний супербустинг, Автоакция. Рассрочка 0-0-6 #1739185464";"1.2";"Оренбург";"Махачкала";"90";"долго";"ОРЕНБУРГ_РФЦ";"Астраханская Область";"Астрахань";"ПВЗ";"Не премиум";"нет";"Озон Счет Рассрочка МКК";
"09059584-0325";"09059584-0325-1";"2025-12-24 11:36:44";"2025-12-24 22:00:00";"Доставлен";"2025-12-27 10:31:59";"2025-12-24 21:40:02";"8555.00";"RUB";"Массажер для Йоги и релакса Corden Yoga Тренажер из натурального бука";"2920956821";"Corden_Yoga";"8555.00";"RUB";"4101.00";"RUB";"1";;;;"34009.00";"75%";"25454.00";"Системная виртуальная скидка селлера Россия (RUB), Новогодний супербустинг";"0.4";"Москва, МО и Дальние регионы";"Москва, МО и Дальние регионы";"28";"быстро";"ХОРУГВИНО_РФЦ";"Московская Область";"Котельники";"ПВЗ";"Не премиум";"нет";"Ozon Банк";
"66673670-0290";"66673670-0290-1";"2025-12-24 09:20:51";"2025-12-25 10:30:00";"Доставлен";"2025-12-28 14:33:14";"2025-12-25 15:48:01";"20090.00";"RUB";"Cordus Plus - комплект массажеров для спины шеи и поясницы + Кейс";"1774767026";"Комплект_изи_кейс";"20090.00";"RUB";"8772.00";"RUB";"1";;;;"23400.00";"14%";"3310.00";"Системная виртуальная скидка селлера Россия (RUB)";"0.7";"Ростов";"Москва, МО и Дальние регионы";"75";"долго";"РОСТОВ_НА_ДОНУ_2_РФЦ";"Москва";"Москва";"ПВЗ";"Не премиум";"нет";"Ozon Банк";
"40269386-0050";"40269386-0050-1";"2025-12-24 08:43:01";"2025-12-25 08:30:00";"Отменён";;"2025-12-25 01:44:11";"13499.00";"RUB";"Комплект массажеров для спины Cordus Plus для лечения спины, шеи и поясницы, физиотерапевтический(без электроники)";"1774766982";"Комплект_изи";"13499.00";"RUB";"6394.00";"RUB";"1";;;;"22300.00";"39%";"8801.00";"Системная виртуальная скидка селлера Россия (RUB), Новогодний супербустинг";"1.2";"Оренбург";"Уфа";"45";"средне";"ОРЕНБУРГ_РФЦ";"Татарстан Республика";"Нижнекамск";"ПВЗ";"Не премиум";"нет";"Ozon Банк";
"0113077866-0208";"0113077866-0208-3";"2025-12-24 06:59:21";"2025-12-24 21:00:00";"Доставлен";"2025-12-26 07:40:54";"2025-12-24 22:26:21";"13211.95";"RUB";"Комплект массажеров для спины Cordus Plus для лечения спины, шеи и поясницы, физиотерапевтический(без электроники)";"1774766982";"Комплект_изи";"13211.95";"RUB";"5675.95";"RUB";"1";;;;"22012.95";"40%";"8801.00";"Системная виртуальная скидка селлера Россия (RUB), Новогодний супербустинг";"1.2";"Дальний Восток";"Дальний Восток";"28";"быстро";"ХАБАРОВСК_2_РФЦ";"Приморский Край";"Владивосток";"ПВЗ";"Не премиум";"нет";"Ozon Банк";
"0113077866-0208";"0113077866-0208-1";"2025-12-24 06:59:21";"2025-12-24 21:00:00";"Доставлен";"2025-12-26 07:40:54";"2025-12-25 00:26:21";"17016.13";"RUB";"Массажер электрический для спины и шеи Cordus Vibro от боли в спине";"1793876972";"кордус_вибро";"17016.13";"RUB";"7426.13";"RUB";"1";;;;"41678.13";"59%";"24662.00";"Системная виртуальная скидка селлера Россия (RUB), Эластичный бустинг. Без ограничения срока действия";"0.4";"Дальний Восток";"Дальний Восток";"28";"быстро";"ХАБАРОВСК_2_РФЦ";"Приморский Край";"Владивосток";"ПВЗ";"Не премиум";"нет";"Ozon Банк";
"35763912-0754";"35763912-0754-1";"2025-12-24 06:57:37";"2025-12-25 00:00:00";"Доставлен";"2025-12-27 10:29:26";"2025-12-24 12:15:09";"29115.00";"RUB";"Массажер Cordus Gun, перкуссионный, для тела, шеи, лица, беспроводной, 6 режимов, 4 насадки";"1828646386";"перкуссионный";"29115.00";"RUB";"11455.00";"RUB";"1";;;;"39190.00";"26%";"10075.00";"Системная виртуальная скидка селлера Россия (RUB), Эластичный бустинг. Без ограничения срока действия";"0.7";"Казань";"Казань";"28";"быстро";"НИЖНИЙ_НОВГОРОД_РФЦ";"Нижегородская Область";"Нижний Новгород";"ПВЗ";"Не премиум";"нет";"Ozon Банк";
"0126543142-0013";"0126543142-0013-1";"2025-12-24 03:33:42";"2025-12-24 21:00:00";"Доставлен";"2025-12-27 08:33:35";"2025-12-25 00:17:20";"17388.00";"RUB";"Массажер электрический для спины и шеи Cordus Vibro от боли в спине";"1793876972";"кордус_вибро";"17388.00";"RUB";"7062.00";"RUB";"1";;;;"42050.00";"59%";"24662.00";"Системная виртуальная скидка селлера Россия (RUB), Эластичный бустинг. Без ограничения срока действия";"0.4";"Дальний Восток";"Дальний Восток";"28";"быстро";"ХАБАРОВСК_2_РФЦ";"Амурская Область";;"ПВЗ";"Не премиум";"нет";"SberPay";
"50031207-0217";"50031207-0217-1";"2025-12-23 23:30:27";"2025-12-24 23:00:00";"Доставлен";"2025-12-26 13:13:10";"2025-12-24 20:56:01";"9005.00";"RUB";"Массажер для Йоги и релакса Corden Yoga Тренажер из натурального бука";"2920956821";"Corden_Yoga";"9005.00";"RUB";"4180.00";"RUB";"1";;;;"34459.00";"74%";"25454.00";"Системная виртуальная скидка селлера Россия (RUB), Новогодний супербустинг";"0.4";"Москва, МО и Дальние регионы";"Москва, МО и Дальние регионы";"28";"быстро";"ХОРУГВИНО_РФЦ";"Москва";"Москва";"ПВЗ";"Не премиум";"нет";"Ozon Банк";
"0139820679-0023";"0139820679-0023-2";"2025-12-23 20:19:46";"2025-12-24 11:00:00";"Доставлен";"2025-12-28 14:38:54";"2025-12-24 03:14:03";"9132.00";"RUB";"Массажёр для спины шеи и поясницы Cordus Easy";"1793877007";"Кордус_изи";"9132.00";"RUB";"226.93";"BYN";"1";;;"Подлежит выкупу";"10549.73";"13%";"1417.73";"Системная виртуальная скидка селлера Россия (RUB), Эластичный бустинг. Без ограничения срока действия";"0.3";"Москва, МО и Дальние регионы";"Беларусь";"45";"средне";"ПУШКИНО_1_РФЦ";;"Минск";"ПВЗ";"Не премиум";"нет";"Банковская карта";
"39838250-0092";"39838250-0092-1";"2025-12-23 19:55:15";;"Доставлен";"2025-12-25 08:35:02";"2025-12-24 01:26:17";"8555.00";"RUB";"Массажер для Йоги и релакса Corden Yoga Тренажер из натурального бука";"2920956821";"Corden_Yoga";"8555.00";"RUB";"3749.05";"RUB";"1";;;;"34009.00";"75%";"25454.00";"Системная виртуальная скидка селлера Россия (RUB), Новогодний супербустинг";"0.4";"Москва, МО и Дальние регионы";"Москва, МО и Дальние регионы";"28";"быстро";"ХОРУГВИНО_РФЦ";"Москва";"Москва";"ПВЗ";"Не премиум";"нет";"Ozon Банк";
"59110944-0033";"59110944-0033-1";"2025-12-23 17:35:20";"2025-12-24 21:00:00";"Доставлен";"2025-12-31 01:35:12";"2025-12-24 14:51:49";"13499.00";"RUB";"Комплект массажеров для спины Cordus Plus для лечения спины, шеи и поясницы, физиотерапевтический(без электроники)";"1774766982";"Комплект_изи";"13499.00";"RUB";"6252.00";"RUB";"1";;;;"22300.00";"39%";"8801.00";"Системная виртуальная скидка селлера Россия (RUB), Новогодний супербустинг";"1.2";"Дальний Восток";"Дальний Восток";"28";"быстро";"ХАБАРОВСК_2_РФЦ";"Республика Саха - Якутия";"Нерюнгри";"ПВЗ";"Не премиум";"нет";"Банковская карта";
"63198670-0053";"63198670-0053-1";"2025-12-23 17:29:40";"2025-12-24 14:30:00";"Доставлен";"2025-12-28 11:20:33";"2025-12-23 20:12:37";"13499.00";"RUB";"Комплект массажеров для спины Cordus Plus для лечения спины, шеи и поясницы, физиотерапевтический(без электроники)";"1774766982";"Комплект_изи";"13499.00";"RUB";"6028.00";"RUB";"1";;;;"22300.00";"39%";"8801.00";"Системная виртуальная скидка селлера Россия (RUB), Новогодний супербустинг";"1.2";"Пермь";"Москва, МО и Дальние регионы";"75";"долго";"ПЕРМЬ_РФЦ";"Москва";"Москва";"ПВЗ";"Не премиум";"нет";"Ozon Банк";
"88751359-0086";"88751359-0086-1";"2025-12-23 17:13:22";"2025-12-24 02:00:00";"Доставлен";"2025-12-25 15:22:48";"2025-12-24 02:58:14";"19087.00";"RUB";"Cordus Plus - комплект массажеров для спины шеи и поясницы + Кейс";"1774767026";"Комплект_изи_кейс";"19087.00";"RUB";"7091.00";"RUB";"1";;;;"22397.00";"15%";"3310.00";"Системная виртуальная скидка селлера Россия (RUB)";"0.7";"Невинномысск";"Невинномысск";"28";"быстро";"НЕВИННОМЫССК_РФЦ";"Ставропольский Край";"Ставрополь";"ПВЗ";"Не премиум";"нет";"Ozon Банк";
"0164027761-0712";"0164027761-0712-1";"2025-12-23 17:13:00";"2025-12-24 01:00:00";"Доставлен";"2025-12-28 15:45:26";"2025-12-24 03:13:18";"13499.00";"RUB";"Комплект массажеров для спины Cordus Plus для лечения спины, шеи и поясницы, физиотерапевтический(без электроники)";"1774766982";"Комплект_изи";"13499.00";"RUB";"6211.00";"RUB";"1";;;;"22300.00";"39%";"8801.00";"Системная виртуальная скидка селлера Россия (RUB), Новогодний супербустинг";"1.2";"Тюмень";"Ростов";"90";"долго";"ТЮМЕНЬ_РФЦ";"Ростовская Область";;"ПВЗ";"Премиум";"нет";"Ozon Банк";
"0161236998-0038";"0161236998-0038-1";"2025-12-23 17:11:04";;"Доставлен";"2025-12-30 11:08:44";"2025-12-23 23:40:21";"17388.00";"RUB";"Массажер электрический для спины и шеи Cordus Vibro от боли в спине";"1793876972";"кордус_вибро";"17388.00";"RUB";"6961.00";"RUB";"1";;;;"42050.00";"59%";"24662.00";"Системная виртуальная скидка селлера Россия (RUB), Эластичный бустинг. Без ограничения срока действия";"0.4";"Оренбург";"Екатеринбург";"60";"долго";"ОРЕНБУРГ_РФЦ";"Свердловская Область";"Екатеринбург";"ПВЗ";"Не премиум";"нет";"Ozon Банк";
"0161236998-0037";"0161236998-0037-1";"2025-12-23 17:06:43";"2025-12-24 18:00:00";"Доставлен";"2025-12-30 11:08:43";"2025-12-24 19:59:39";"20082.00";"RUB";"Sacrus Vibro Массажер для поясницы электрический/физиотерапевтический";"1774766986";"Сакрус_Вибро";"20082.00";"RUB";"8736.00";"RUB";"1";;;;"39800.00";"50%";"19718.00";"Системная виртуальная скидка селлера Россия (RUB), Эластичный бустинг. Без ограничения срока действия";"0.4";"Новосибирск";"Екатеринбург";"75";"долго";"НОВОСИБИРСК_РФЦ_НОВЫЙ";"Свердловская Область";"Екатеринбург";"ПВЗ";"Не премиум";"нет";"Ozon Банк";
"51420440-0860";"51420440-0860-1";"2025-12-23 16:47:02";"2025-12-24 15:00:00";"Доставлен";"2025-12-30 13:29:36";"2025-12-24 21:20:34";"5269.00";"RUB";"Первый веганский хондропротектор/CHONDROPROTECTOR CORDUS";"1793876871";"хондропротектор";"5269.00";"RUB";"2875.47";"RUB";"1";;;;"7590.00";"31%";"2321.00";"Новогодний супербустинг, Системная виртуальная скидка селлера Россия (RUB)";"0.5";"Тверь";"Москва, МО и Дальние регионы";"60";"долго";"ТВЕРЬ_РФЦ";"Москва";"Москва";"ПВЗ";"Не премиум";"нет";"Ozon Банк";
"0209503108-0010";"0209503108-0010-1";"2025-12-23 16:31:10";"2025-12-24 16:30:00";"Доставлен";"2025-12-27 09:20:46";"2025-12-24 19:16:56";"17388.00";"RUB";"Массажер электрический для спины и шеи Cordus Vibro от боли в спине";"1793876972";"кордус_вибро";"17388.00";"RUB";"6961.00";"RUB";"1";;;;"42050.00";"59%";"24662.00";"Системная виртуальная скидка селлера Россия (RUB), Эластичный бустинг. Без ограничения срока действия";"0.4";"Екатеринбург";"Тюмень";"45";"средне";"ЕКАТЕРИНБУРГ_РФЦ_НОВЫЙ";"Ханты-Мансийский Автономный округ - Югра";;"ПВЗ";"Не премиум";"нет";"Ozon Банк";
"05456314-0104";"05456314-0104-1";"2025-12-23 15:31:47";"2025-12-24 08:30:00";"Доставлен";"2025-12-25 14:50:08";"2025-12-24 04:47:08";"35402.00";"RUB";"Комплект медицинских электронных массажеров для спины Cordus Vibro с кейсом";"1774766992";"Физио+ кейс";"35402.00";"RUB";"16779.00";"RUB";"1";;;;"48890.00";"28%";"13488.00";"Системная виртуальная скидка селлера Россия (RUB), Эластичный бустинг. Без ограничения срока действия";"0.8";"Оренбург";"Уфа";"45";"средне";"ОРЕНБУРГ_РФЦ";"Башкортостан Республика";"Уфа";"ПВЗ";"Не премиум";"да";"Оплата на расчетный счет";
"43503916-0766";"43503916-0766-1";"2025-12-23 15:25:18";"2025-12-23 23:00:00";"Доставлен";"2025-12-26 12:55:05";"2025-12-23 23:54:15";"13499.00";"RUB";"Комплект массажеров для спины Cordus Plus для лечения спины, шеи и поясницы, физиотерапевтический(без электроники)";"1774766982";"Комплект_изи";"13499.00";"RUB";"6394.00";"RUB";"1";;;;"22300.00";"39%";"8801.00";"Системная виртуальная скидка селлера Россия (RUB), Новогодний супербустинг";"1.2";"Самара";"Казань";"45";"средне";"САМАРА_РФЦ";"Нижегородская Область";"Заволжье";"ПВЗ";"Не премиум";"нет";"Ozon Банк";
"40414691-0376";"40414691-0376-1";"2025-12-23 14:48:06";"2025-12-24 13:00:00";"Доставлен";"2025-12-27 08:21:13";"2025-12-23 19:38:59";"13499.00";"RUB";"Комплект массажеров для спины Cordus Plus для лечения спины, шеи и поясницы, физиотерапевтический(без электроники)";"1774766982";"Комплект_изи";"13499.00";"RUB";"6028.00";"RUB";"1";;;;"22300.00";"39%";"8801.00";"Новогодний супербустинг, Системная виртуальная скидка селлера Россия (RUB)";"1.2";"Тюмень";"Красноярск";"75";"долго";"ТЮМЕНЬ_РФЦ";"Красноярский Край";"Красноярск";"ПВЗ";"Не премиум";"нет";"Ozon Банк";
"01657011-0183";"01657011-0183-1";"2025-12-23 14:31:53";"2025-12-23 22:00:00";"Доставлен";"2025-12-24 14:03:01";"2025-12-23 22:55:56";"13499.00";"RUB";"Комплект массажеров для спины Cordus Plus для лечения спины, шеи и поясницы, физиотерапевтический(без электроники)";"1774766982";"Комплект_изи";"13499.00";"RUB";"7102.00";"RUB";"1";;;;"22300.00";"39%";"8801.00";"Системная виртуальная скидка селлера Россия (RUB), Новогодний супербустинг";"1.2";"Екатеринбург";"Екатеринбург";"28";"быстро";"ЕКАТЕРИНБУРГ_РФЦ_НОВЫЙ";"Свердловская Область";"Екатеринбург";"ПВЗ";"Не премиум";"нет";"Система Быстрых Платежей";
"66281324-0615";"66281324-0615-1";"2025-12-23 13:55:20";"2025-12-23 22:00:00";"Доставлен";"2025-12-27 04:35:48";"2025-12-23 22:59:25";"13049.00";"RUB";"Комплект массажеров для спины Cordus Plus для лечения спины, шеи и поясницы, физиотерапевтический(без электроники)";"1774766982";"Комплект_изи";"13049.00";"RUB";"5944.00";"RUB";"1";;;;"21856.00";"40%";"8807.00";"Системная виртуальная скидка селлера Россия (RUB), Автоакция. Рассрочка 0-0-6 #1739185464, Новогодний супербустинг";"1.2";"Екатеринбург";"Екатеринбург";"28";"быстро";"ЕКАТЕРИНБУРГ_РФЦ_НОВЫЙ";"Свердловская Область";"Екатеринбург";"ПВЗ";"Премиум";"нет";"Озон Счет Рассрочка МКК";
"19511219-0194";"19511219-0194-1";"2025-12-23 13:20:36";"2025-12-24 00:00:00";"Доставлен";"2025-12-24 13:34:48";"2025-12-23 15:31:54";"8105.00";"RUB";"Массажер для Йоги и релакса Corden Yoga Тренажер из натурального бука";"2920956821";"Corden_Yoga";"8105.00";"RUB";"3698.29";"RUB";"1";;;;"33559.00";"76%";"25454.00";"Системная виртуальная скидка селлера Россия (RUB), Новогодний супербустинг";"0.4";"Санкт-Петербург и СЗО";"Санкт-Петербург и СЗО";"28";"быстро";"САНКТ-ПЕТЕРБУРГ_РФЦ";"Санкт-Петербург";"Санкт-Петербург";"ПВЗ";"Не премиум";"нет";"Ozon Банк";
"29731378-0307";"29731378-0307-1";"2025-12-23 12:45:48";"2025-12-23 22:00:00";"Отменён";;;"8555.00";"RUB";"Массажер для Йоги и релакса Corden Yoga Тренажер из натурального бука";"2920956821";"Corden_Yoga";"8555.00";"RUB";"3872.24";"RUB";"1";;;;"34009.00";"75%";"25454.00";"Новогодний супербустинг, Системная виртуальная скидка селлера Россия (RUB)";"0.4";"Екатеринбург";"Екатеринбург";"28";"быстро";"ЕКАТЕРИНБУРГ_РФЦ_НОВЫЙ";"Свердловская Область";"Екатеринбург";"ПВЗ";"Не премиум";"нет";"Озон Счет Рассрочка МКК";
"88613582-0035";"88613582-0035-1";"2025-12-23 10:48:43";"2025-12-24 02:30:00";"Доставлен";"2025-12-26 13:15:07";"2025-12-24 03:24:58";"13499.00";"RUB";"Комплект массажеров для спины Cordus Plus для лечения спины, шеи и поясницы, физиотерапевтический(без электроники)";"1774766982";"Комплект_изи";"13499.00";"RUB";"47094.00";"KZT";"1";;;"Подлежит выкупу";"22300.02";"39%";"8801.02";"Новогодний супербустинг, Системная виртуальная скидка селлера Россия (RUB)";"1.2";"Астана";"Астана";"28";"быстро";"АСТАНА_РФЦ";;"Караганда";"ПВЗ";"Не премиум";"нет";"Банковская карта";
"70771734-1480";"70771734-1480-1";"2025-12-23 10:44:54";"2025-12-23 20:00:00";"Доставлен";"2025-12-24 12:53:41";"2025-12-23 15:58:52";"20090.00";"RUB";"Cordus Plus - комплект массажеров для спины шеи и поясницы + Кейс";"1774767026";"Комплект_изи_кейс";"20090.00";"RUB";"8489.00";"RUB";"1";;;;"23400.00";"14%";"3310.00";"Системная виртуальная скидка селлера Россия (RUB)";"0.7";"Новосибирск";"Новосибирск";"28";"быстро";"НОВОСИБИРСК_РФЦ_НОВЫЙ";"Новосибирская Область";"Новосибирск";"ПВЗ";"Премиум";"нет";"Ozon Банк";
"71920975-0602";"71920975-0602-1";"2025-12-23 08:46:24";"2025-12-23 14:30:00";"Отменён";;;"11104.00";"RUB";"Медицинский массажер для поясницы и шеи Sacrus Easy";"1774766962";"Сакрус_Изи";"11104.00";"RUB";"5180.00";"RUB";"1";;;;"14840.00";"25%";"3736.00";"Системная виртуальная скидка селлера Россия (RUB)";"0.2";"Москва, МО и Дальние регионы";"Ярославль";"45";"средне";"ПУШКИНО_2_РФЦ";"Архангельская Область";"Архангельск";"ПВЗ";"Не премиум";"нет";"Ozon Банк";
"14836117-0105";"14836117-0105-5";"2025-12-23 08:38:36";"2025-12-23 23:00:00";"Доставлен";"2025-12-29 06:18:01";"2025-12-23 21:09:55";"9005.00";"RUB";"Массажер для Йоги и релакса Corden Yoga Тренажер из натурального бука";"2920956821";"Corden_Yoga";"9005.00";"RUB";"4788.57";"RUB";"1";;;;"34459.00";"74%";"25454.00";"Новогодний супербустинг, Системная виртуальная скидка селлера Россия (RUB)";"0.4";"Москва, МО и Дальние регионы";"Москва, МО и Дальние регионы";"28";"быстро";"ХОРУГВИНО_РФЦ";"Московская Область";"Истра";"ПВЗ";"Не премиум";"нет";"Банковская карта";
"35763912-0751";"35763912-0751-1";"2025-12-23 07:02:28";"2025-12-24 00:00:00";"Отменён";;"2025-12-23 19:54:37";"31550.00";"RUB";"Массажер Cordus Gun, перкуссионный, для тела, шеи, лица, беспроводной, 6 режимов, 4 насадки";"1828646386";"перкуссионный";"31550.00";"RUB";"12325.00";"RUB";"1";;;;"39190.00";"19%";"7640.00";"Системная виртуальная скидка селлера Россия (RUB)";"0.7";"Казань";"Казань";"28";"быстро";"НИЖНИЙ_НОВГОРОД_РФЦ";"Нижегородская Область";"Нижний Новгород";"ПВЗ";"Не премиум";"нет";"Ozon Банк";
"0210189468-0011";"0210189468-0011-1";"2025-12-22 23:56:49";"2025-12-23 21:00:00";"Доставлен";"2025-12-28 00:42:29";"2025-12-24 03:22:20";"9885.00";"RUB";"Массажёр для спины шеи и поясницы Cordus Easy";"1793877007";"Кордус_изи";"9885.00";"RUB";"5650.00";"RUB";"1";;;;"10550.00";"6%";"665.00";"Системная виртуальная скидка селлера Россия (RUB)";"0.3";"Дальний Восток";"Дальний Восток";"28";"быстро";"ХАБАРОВСК_2_РФЦ";"Приморский Край";"Владивосток";"ПВЗ";"Не премиум";"нет";"Банковская карта";
"03063506-0184";"03063506-0184-1";"2025-12-22 16:43:15";;"Отменён";;;"41855.00";"RUB";"Комплект медицинских электронных массажеров для спины Cordus Vibro с кейсом";"1774766992";"Физио+ кейс";"41855.00";"RUB";"18278.00";"RUB";"1";;;;"48440.00";"14%";"6585.00";"Системная виртуальная скидка селлера Россия (RUB), Эластичный бустинг. Без ограничения срока действия";"0.8";"Невинномысск";"Москва, МО и Дальние регионы";"75";"долго";"НЕВИННОМЫССК_РФЦ";"Московская Область";"Красногорск";"ПВЗ";"Не премиум";"нет";"Ozon Банк";
"73553146-0056";"73553146-0056-2";"2025-12-22 14:11:52";"2025-12-22 22:00:00";"Доставлен";"2025-12-24 11:22:00";"2025-12-22 20:36:59";"9005.00";"RUB";"Массажер для Йоги и релакса Corden Yoga Тренажер из натурального бука";"2920956821";"Corden_Yoga";"9005.00";"RUB";"4309.95";"RUB";"1";;;;"34459.00";"74%";"25454.00";"Системная виртуальная скидка селлера Россия (RUB), Новогодний супербустинг";"0.4";"Москва, МО и Дальние регионы";"Москва, МО и Дальние регионы";"28";"быстро";"ПЕТРОВСКОЕ_РФЦ";"Москва";"Троицк";"ПВЗ";"Не премиум";"нет";"Ozon Банк";
"0181378244-0015";"0181378244-0015-1";"2025-12-22 12:29:25";"2025-12-22 22:00:00";"Доставлен";"2025-12-23 14:19:34";"2025-12-22 22:02:11";"18182.00";"RUB";"Комплект массажеров для спины Cordus Plus для лечения спины, шеи и поясницы, физиотерапевтический(без электроники)";"1774766982";"Комплект_изи";"18182.00";"RUB";"8523.00";"RUB";"1";;;;"22300.00";"18%";"4118.00";"Системная виртуальная скидка селлера Россия (RUB), Эластичный бустинг. Без ограничения срока действия";"1.2";"Екатеринбург";"Екатеринбург";"28";"быстро";"ЕКАТЕРИНБУРГ_РФЦ_НОВЫЙ";"Свердловская Область";"Екатеринбург";"ПВЗ";"Не премиум";"нет";"Ozon Банк";
"62776810-0107";"62776810-0107-4";"2025-12-22 09:22:23";"2025-12-22 12:30:00";"Доставлен";"2025-12-24 17:34:03";"2025-12-22 15:19:33";"9005.00";"RUB";"Массажер для Йоги и релакса Corden Yoga Тренажер из натурального бука";"2920956821";"Corden_Yoga";"9005.00";"RUB";"4385.93";"RUB";"1";;;;"34459.00";"74%";"25454.00";"Системная виртуальная скидка селлера Россия (RUB), Новогодний супербустинг";"0.4";"Санкт-Петербург и СЗО";"Санкт-Петербург и СЗО";"28";"быстро";"САНКТ-ПЕТЕРБУРГ_РФЦ";"Псковская Область";"Псков";"ПВЗ";"Премиум";"нет";"Ozon Банк";
"23879112-0382";"23879112-0382-3";"2025-12-22 08:57:58";;"Отменён";;"2025-12-23 14:15:18";"9005.00";"RUB";"Массажер для Йоги и релакса Corden Yoga Тренажер из натурального бука";"2920956821";"Corden_Yoga";"9005.00";"RUB";"4077.00";"RUB";"1";;;;"34459.00";"74%";"25454.00";"Системная виртуальная скидка селлера Россия (RUB), Новогодний супербустинг";"0.4";"Новосибирск";"Красноярск";"45";"средне";"НОВОСИБИРСК_РФЦ_НОВЫЙ";"Красноярский Край";"Красноярск";"ПВЗ";"Премиум";"нет";"Ozon Банк";
"74136134-0129";"74136134-0129-1";"2025-12-22 08:01:53";"2025-12-23 07:00:00";"Доставлен";"2025-12-26 12:56:39";"2025-12-24 10:40:16";"9885.00";"RUB";"Массажёр для спины шеи и поясницы Cordus Easy";"1793877007";"Кордус_изи";"9885.00";"RUB";"5728.00";"RUB";"1";;;;"10550.00";"6%";"665.00";"Системная виртуальная скидка селлера Россия (RUB)";"0.3";"Москва, МО и Дальние регионы";"Москва, МО и Дальние регионы";"28";"быстро";"ХОРУГВИНО_РФЦ";"Брянская Область";"Брянск";"ПВЗ";"Не премиум";"нет";"Банковская карта";
"95258712-0327";"95258712-0327-1";"2025-12-22 07:28:20";"2025-12-22 23:00:00";"Отменён";;;"32500.00";"RUB";"Массажер электрический для спины и шеи Cordus Vibro от боли в спине";"1793876972";"кордус_вибро";"32500.00";"RUB";"12669.00";"RUB";"1";;;;"42050.00";"23%";"9550.00";"Системная виртуальная скидка селлера Россия (RUB)";"0.4";"Краснодар";"Краснодар";"28";"быстро";"КРАСНОДАР_2_РФЦ";"Краснодарский Край";"Тимашевск";"ПВЗ";"Премиум";"нет";"Ozon Банк";
"0177621332-0010";"0177621332-0010-1";"2025-12-22 06:11:36";"2025-12-22 10:30:00";"Отменён";;"2025-12-22 13:08:19";"20090.00";"RUB";"Cordus Plus - комплект массажеров для спины шеи и поясницы + Кейс";"1774767026";"Комплект_изи_кейс";"20090.00";"RUB";"421.61";"BYN";"1";;;"Подлежит выкупу";"23399.99";"14%";"3309.99";"Системная виртуальная скидка селлера Россия (RUB)";"0.7";"Ростов";"Беларусь";"90";"долго";"РОСТОВ_НА_ДОНУ_2_РФЦ";;"Минск";"ПВЗ";"Не премиум";"нет";"Банковская карта";
"35192176-0411";"35192176-0411-1";"2025-12-22 05:13:38";"2025-12-22 12:30:00";"Доставлен";"2025-12-27 09:36:08";"2025-12-22 18:02:27";"18182.00";"RUB";"Комплект массажеров для спины Cordus Plus для лечения спины, шеи и поясницы, физиотерапевтический(без электроники)";"1774766982";"Комплект_изи";"18182.00";"RUB";"8277.00";"RUB";"1";;;;"22300.00";"18%";"4118.00";"Системная виртуальная скидка селлера Россия (RUB), Эластичный бустинг. Без ограничения срока действия";"1.2";"Екатеринбург";"Краснодар";"75";"долго";"ЕКАТЕРИНБУРГ_РФЦ_НОВЫЙ";"Краснодарский Край";"Краснодар";"ПВЗ";"Не премиум";"нет";"Ozon Банк";
"63096232-0136";"63096232-0136-1";"2025-12-22 04:27:12";"2025-12-22 16:30:00";"Доставлен";"2025-12-25 12:23:08";"2025-12-22 19:26:50";"32500.00";"RUB";"Массажер электрический для спины и шеи Cordus Vibro от боли в спине";"1793876972";"кордус_вибро";"32500.00";"RUB";"15166.00";"RUB";"1";;;;"42056.00";"23%";"9556.00";"Системная виртуальная скидка селлера Россия (RUB), Автоакция. Рассрочка 0-0-6 #1739185464";"0.4";"Екатеринбург";"Новосибирск";"75";"долго";"ЕКАТЕРИНБУРГ_РФЦ_НОВЫЙ";"Новосибирская Область";"Новосибирск";"ПВЗ";"Не премиум";"нет";"Озон Счет Рассрочка МКК";
"20893546-0226";"20893546-0226-1";"2025-12-22 00:38:04";"2025-12-22 08:30:00";"Доставлен";"2025-12-24 13:15:23";"2025-12-22 08:40:56";"42305.00";"RUB";"Комплект медицинских электронных массажеров для спины Cordus Vibro с кейсом";"1774766992";"Физио+ кейс";"42305.00";"RUB";"18328.00";"RUB";"1";;;;"48890.00";"13%";"6585.00";"Системная виртуальная скидка селлера Россия (RUB), Эластичный бустинг. Без ограничения срока действия";"0.8";"Оренбург";"Уфа";"45";"средне";"ОРЕНБУРГ_РФЦ";"Башкортостан Республика";"Уфа";"ПВЗ";"Не премиум";"нет";"Ozon Банк";
"17669326-0174";"17669326-0174-1";"2025-12-21 22:32:20";"2025-12-22 23:00:00";"Доставлен";"2025-12-24 09:38:53";"2025-12-22 23:50:59";"20090.00";"RUB";"Cordus Plus - комплект массажеров для спины шеи и поясницы + Кейс";"1774767026";"Комплект_изи_кейс";"20090.00";"RUB";"9364.00";"RUB";"1";;;;"23400.00";"14%";"3310.00";"Системная виртуальная скидка селлера Россия (RUB)";"0.7";"Самара";"Казань";"45";"средне";"САМАРА_РФЦ";"Кировская Область";"Киров";"ПВЗ";"Не премиум";"нет";"Ozon Банк";
"0176413849-0079";"0176413849-0079-1";"2025-12-21 19:28:39";"2025-12-25 00:00:00";"Доставлен";"2025-12-28 07:17:33";"2025-12-24 02:39:12";"3948.00";"RUB";"Коллаген порошок с Кверцетином Cordus";"1774766972";"Коллаген";"3948.00";"RUB";"2220.00";"RUB";"1";;;;"7352.00";"46%";"3404.00";"Системная виртуальная скидка селлера Россия (RUB), Эластичный бустинг. Без ограничения срока действия";"0.5";"Краснодар";"Ростов";"45";"средне";"НОВОРОССИЙСК_МРФЦ";"Ростовская Область";"Таганрог";"ПВЗ";"Премиум";"нет";"Ozon Банк";
"43888267-0092";"43888267-0092-1";"2025-12-21 19:01:37";"2025-12-22 17:30:00";"Доставлен";"2025-12-23 11:18:29";"2025-12-22 14:01:14";"4156.00";"RUB";"Коллаген порошок с Кверцетином Cordus";"1774766972";"Коллаген";"4156.00";"RUB";"2330.80";"RUB";"1";;;;"7560.00";"45%";"3404.00";"Системная виртуальная скидка селлера Россия (RUB), Эластичный бустинг. Без ограничения срока действия";"0.5";"Уфа";"Уфа";"28";"быстро";"УФА_РФЦ";"Башкортостан Республика";"Уфа";"ПВЗ";"Не премиум";"нет";"Ozon Банк";
"36322707-0113";"36322707-0113-2";"2025-12-21 18:39:22";"2025-12-22 14:30:00";"Доставлен";"2025-12-28 18:57:35";"2025-12-22 15:18:56";"14528.00";"RUB";"Комплект массажеров для спины Cordus Plus для лечения спины, шеи и поясницы, физиотерапевтический(без электроники)";"1774766982";"Комплект_изи";"14528.00";"RUB";"6351.00";"RUB";"1";;;;"22300.00";"35%";"7772.00";"Системная виртуальная скидка селлера Россия (RUB), Эластичный бустинг. Без ограничения срока действия";"1.2";"Пермь";"Москва, МО и Дальние регионы";"75";"долго";"ПЕРМЬ_РФЦ";"Москва";"Москва";"ПВЗ";"Не премиум";"нет";"Ozon Банк";
"01888373-0060";"01888373-0060-15";"2025-12-21 18:36:40";"2025-12-22 22:00:00";"Доставлен";"2025-12-23 16:43:43";"2025-12-22 23:42:42";"8806.00";"RUB";"Массажер для Йоги и релакса Corden Yoga Тренажер из натурального бука";"2920956821";"Corden_Yoga";"8806.00";"RUB";"4195.29";"RUB";"1";;;;"34260.00";"74%";"25454.00";"Новогодний супербустинг, Системная виртуальная скидка селлера Россия (RUB)";"0.4";"Москва, МО и Дальние регионы";"Москва, МО и Дальние регионы";"28";"быстро";"ХОРУГВИНО_РФЦ";"Московская Область";"Балашиха";"ПВЗ";"Не премиум";"нет";"Ozon Банк";
"45529570-0110";"45529570-0110-1";"2025-12-21 18:34:08";"2025-12-22 06:30:00";"Доставлен";"2025-12-24 13:46:08";"2025-12-22 09:26:31";"35402.00";"RUB";"Комплект медицинских электронных массажеров для спины Cordus Vibro с кейсом";"1774766992";"Физио+ кейс";"35402.00";"RUB";"15010.55";"RUB";"1";;;;"48890.00";"28%";"13488.00";"Эластичный бустинг. Без ограничения срока действия, Системная виртуальная скидка селлера Россия (RUB)";"0.8";"Ростов";"Москва, МО и Дальние регионы";"75";"долго";"РОСТОВ-НА-ДОНУ_РФЦ";"Москва";"Москва";"Курьер";"Премиум";"нет";"Ozon Банк";
"29731378-0303";"29731378-0303-1";"2025-12-21 17:17:28";"2025-12-22 22:00:00";"Отменён";;;"8555.00";"RUB";"Массажер для Йоги и релакса Corden Yoga Тренажер из натурального бука";"2920956821";"Corden_Yoga";"8555.00";"RUB";"3935.93";"RUB";"1";;;;"34009.00";"75%";"25454.00";"Системная виртуальная скидка селлера Россия (RUB), Новогодний супербустинг";"0.4";"Екатеринбург";"Екатеринбург";"28";"быстро";"ЕКАТЕРИНБУРГ_РФЦ_НОВЫЙ";"Свердловская Область";"Екатеринбург";"ПВЗ";"Не премиум";"нет";"Озон Счет Рассрочка МКК";
"0104535043-0316";"0104535043-0316-1";"2025-12-21 16:44:32";"2025-12-21 20:00:00";"Доставлен";"2025-12-26 11:05:03";"2025-12-21 23:36:14";"35402.00";"RUB";"Комплект медицинских электронных массажеров для спины Cordus Vibro с кейсом";"1774766992";"Физио+ кейс";"35402.00";"RUB";"14879.00";"RUB";"1";;;;"48890.00";"28%";"13488.00";"Системная виртуальная скидка селлера Россия (RUB), Эластичный бустинг. Без ограничения срока действия";"0.8";"Ростов";"Ростов";"28";"быстро";"РОСТОВ-НА-ДОНУ_РФЦ";"Крым Республика";"Ялта";"ПВЗ";"Не премиум";"нет";"Ozon Банк";
"07572082-0102";"07572082-0102-1";"2025-12-21 16:29:00";"2025-12-22 10:30:00";"Доставлен";"2025-12-25 10:58:28";"2025-12-22 12:38:11";"18245.00";"RUB";"Cordus Plus - комплект массажеров для спины шеи и поясницы + Кейс";"1774767026";"Комплект_изи_кейс";"18245.00";"RUB";"8036.00";"RUB";"1";;;;"23400.00";"22%";"5155.00";"Системная виртуальная скидка селлера Россия (RUB), Эластичный бустинг. Без ограничения срока действия";"0.7";"Ростов";"Москва, МО и Дальние регионы";"75";"долго";"РОСТОВ_НА_ДОНУ_2_РФЦ";"Москва";"Москва";"ПВЗ";"Не премиум";"нет";"Ozon Банк";
"55950516-0344";"55950516-0344-7";"2025-12-21 15:00:06";"2025-12-23 22:00:00";"Доставлен";"2025-12-29 14:39:37";"2025-12-23 13:56:38";"32500.00";"RUB";"Массажер электрический для спины и шеи Cordus Vibro от боли в спине";"1793876972";"кордус_вибро";"32500.00";"RUB";"13418.47";"RUB";"1";;;;"42050.00";"23%";"9550.00";"Системная виртуальная скидка селлера Россия (RUB)";"0.4";"Москва, МО и Дальние регионы";"Москва, МО и Дальние регионы";"28";"быстро";"ПУШКИНО_1_РФЦ";"Москва";"Москва";"ПВЗ";"Премиум";"нет";"Банковская карта";
"55950516-0344";"55950516-0344-4";"2025-12-21 15:00:06";"2025-12-22 14:30:00";"Доставлен";"2025-12-29 14:39:37";"2025-12-21 19:56:45";"18661.00";"RUB";"Sacrus Vibro Массажер для поясницы электрический/физиотерапевтический";"1774766986";"Сакрус_Вибро";"18661.00";"RUB";"8274.31";"RUB";"1";;;;"39800.00";"53%";"21139.00";"Системная виртуальная скидка селлера Россия (RUB), Эластичный бустинг. Без ограничения срока действия";"0.4";"Пермь";"Москва, МО и Дальние регионы";"75";"долго";"ПЕРМЬ_РФЦ";"Москва";"Москва";"ПВЗ";"Премиум";"нет";"Банковская карта";
"65399116-0053";"65399116-0053-2";"2025-12-21 14:52:43";"2025-12-22 12:30:00";"Доставлен";"2025-12-26 15:06:22";"2025-12-22 06:23:44";"18245.00";"RUB";"Cordus Plus - комплект массажеров для спины шеи и поясницы + Кейс";"1774767026";"Комплект_изи_кейс";"18245.00";"RUB";"9486.00";"RUB";"1";;;;"23400.00";"22%";"5155.00";"Системная виртуальная скидка селлера Россия (RUB), Эластичный бустинг. Без ограничения срока действия";"0.7";"Воронеж";"Тверь";"60";"долго";"ВОРОНЕЖ_2_РФЦ";"Тверская Область";"Торжок";"ПВЗ";"Не премиум";"нет";"Система Быстрых Платежей";
"05700936-0228";"05700936-0228-1";"2025-12-21 13:49:54";"2025-12-21 16:30:00";"Доставлен";"2025-12-22 13:10:20";"2025-12-21 19:07:09";"18245.00";"RUB";"Cordus Plus - комплект массажеров для спины шеи и поясницы + Кейс";"1774767026";"Комплект_изи_кейс";"18245.00";"RUB";"8529.00";"RUB";"1";;;;"23400.00";"22%";"5155.00";"Системная виртуальная скидка селлера Россия (RUB), Эластичный бустинг. Без ограничения срока действия";"0.7";"Самара";"Саратов";"60";"долго";"САМАРА_РФЦ";"Саратовская Область";"Саратов";"ПВЗ";"Не премиум";"нет";"Ozon Банк";
"0204976350-0116";"0204976350-0116-1";"2025-12-21 12:21:49";"2025-12-21 15:30:00";"Доставлен";"2025-12-22 14:55:57";"2025-12-21 16:08:38";"7609.00";"RUB";"Медицинский массажер для поясницы и шеи Sacrus Easy";"1774766962";"Сакрус_Изи";"7609.00";"RUB";"4226.45";"RUB";"1";;;;"15290.00";"50%";"7681.00";"Системная виртуальная скидка селлера Россия (RUB), Эластичный бустинг. Без ограничения срока действия";"0.2";"Казань";"Уфа";"60";"долго";"КАЗАНЬ_РФЦ_НОВЫЙ";"Татарстан Республика";"Набережные Челны";"ПВЗ";"Не премиум";"нет";"Ozon Банк";
"59114330-0282";"59114330-0282-1";"2025-12-21 12:02:43";"2025-12-22 06:30:00";"Доставлен";"2025-12-24 15:55:28";"2025-12-22 09:26:31";"35402.00";"RUB";"Комплект медицинских электронных массажеров для спины Cordus Vibro с кейсом";"1774766992";"Физио+ кейс";"35402.00";"RUB";"14169.75";"RUB";"1";;;;"48890.00";"28%";"13488.00";"Системная виртуальная скидка селлера Россия (RUB), Эластичный бустинг. Без ограничения срока действия";"0.8";"Ростов";"Москва, МО и Дальние регионы";"75";"долго";"РОСТОВ-НА-ДОНУ_РФЦ";"Москва";"Москва";"ПВЗ";"Премиум";"нет";"Ozon Банк";
"0138343499-0073";"0138343499-0073-1";"2025-12-21 11:55:32";"2025-12-22 13:00:00";"Доставлен";"2025-12-26 13:29:00";"2025-12-21 15:31:52";"4156.00";"RUB";"Коллаген порошок с Кверцетином Cordus";"1774766972";"Коллаген";"4156.00";"RUB";"2423.81";"RUB";"1";;;;"7560.00";"45%";"3404.00";"Системная виртуальная скидка селлера Россия (RUB), Эластичный бустинг. Без ограничения срока действия";"0.5";"Уфа";"Новосибирск";"75";"долго";"УФА_РФЦ";"Томская Область";"Северск";"ПВЗ";"Премиум";"нет";"Ozon Банк";
"49052708-0216";"49052708-0216-1";"2025-12-21 11:14:06";"2025-12-22 00:00:00";"Доставлен";"2025-12-22 17:05:00";"2025-12-22 01:24:16";"9005.00";"RUB";"Массажер для Йоги и релакса Corden Yoga Тренажер из натурального бука";"2920956821";"Corden_Yoga";"9005.00";"RUB";"4674.00";"RUB";"1";;;;"34459.00";"74%";"25454.00";"Системная виртуальная скидка селлера Россия (RUB), Новогодний супербустинг";"0.4";"Санкт-Петербург и СЗО";"Санкт-Петербург и СЗО";"28";"быстро";"СПБ_БУГРЫ_РФЦ";"Санкт-Петербург";"Санкт-Петербург";"ПВЗ";"Не премиум";"нет";"Банковская карта";
"0136435707-0046";"0136435707-0046-7";"2025-12-21 09:42:40";"2025-12-21 21:00:00";"Доставлен";"2025-12-22 13:43:11";"2025-12-21 15:45:06";"9005.00";"RUB";"Массажер для Йоги и релакса Corden Yoga Тренажер из натурального бука";"2920956821";"Corden_Yoga";"9005.00";"RUB";"4860.95";"RUB";"1";;;;"34459.00";"74%";"25454.00";"Системная виртуальная скидка селлера Россия (RUB), Новогодний супербустинг";"0.4";"Омск";"Омск";"28";"быстро";"ОМСК_РФЦ";"Омская Область";"Омск";"ПВЗ";"Не премиум";"нет";"Система Быстрых Платежей";
"18998161-0323";"18998161-0323-1";"2025-12-21 09:03:50";"2025-12-21 22:00:00";"Доставлен";"2025-12-25 16:10:31";"2025-12-21 23:36:42";"9005.00";"RUB";"Массажер для Йоги и релакса Corden Yoga Тренажер из натурального бука";"2920956821";"Corden_Yoga";"9005.00";"RUB";"4002.84";"RUB";"1";;;;"34459.00";"74%";"25454.00";"Системная виртуальная скидка селлера Россия (RUB), Новогодний супербустинг";"0.4";"Москва, МО и Дальние регионы";"Москва, МО и Дальние регионы";"28";"быстро";"ХОРУГВИНО_РФЦ";"Москва";"Москва";"ПВЗ";"Не премиум";"нет";"Ozon Банк";
"81687732-0284";"81687732-0284-3";"2025-12-21 06:20:57";"2025-12-22 15:00:00";"Доставлен";"2025-12-27 15:15:19";"2025-12-21 16:48:13";"3871.00";"RUB";"Коллаген порошок с Кверцетином Cordus";"1774766972";"Коллаген";"3871.00";"RUB";"1935.95";"RUB";"1";;;;"7275.00";"47%";"3404.00";"Системная виртуальная скидка селлера Россия (RUB), Эластичный бустинг. Без ограничения срока действия";"0.5";"Краснодар";"Ростов";"45";"средне";"НОВОРОССИЙСК_МРФЦ";"Крым Республика";"Симферополь";"ПВЗ";"Не премиум";"нет";"Ozon Банк";
"81687732-0284";"81687732-0284-1";"2025-12-21 06:20:57";"2025-12-22 15:00:00";"Доставлен";"2025-12-27 15:15:19";"2025-12-21 16:48:13";"3871.00";"RUB";"Коллаген порошок с Кверцетином Cordus";"1774766972";"Коллаген";"3871.00";"RUB";"1935.95";"RUB";"1";;;;"7275.00";"47%";"3404.00";"Системная виртуальная скидка селлера Россия (RUB), Эластичный бустинг. Без ограничения срока действия";"0.5";"Краснодар";"Ростов";"45";"средне";"НОВОРОССИЙСК_МРФЦ";"Крым Республика";"Симферополь";"ПВЗ";"Не премиум";"нет";"Ozon Банк";
"67457554-0249";"67457554-0249-1";"2025-12-21 04:13:33";"2025-12-21 11:30:00";"Отменён";;"2025-12-21 15:44:16";"9885.00";"RUB";"Массажёр для спины шеи и поясницы Cordus Easy";"1793877007";"Кордус_изи";"9885.00";"RUB";"4981.90";"RUB";"1";;;;"10550.00";"6%";"665.00";"Системная виртуальная скидка селлера Россия (RUB)";"0.3";"Новосибирск";"Новосибирск";"28";"быстро";"НОВОСИБИРСК_РФЦ_НОВЫЙ";"Томская Область";"Томск";"ПВЗ";"Не премиум";"нет";"Ozon Банк";
"41550035-0049";"41550035-0049-1";"2025-12-20 20:24:31";"2025-12-21 14:30:00";"Доставлен";"2025-12-28 08:27:13";"2025-12-21 12:30:26";"18661.00";"RUB";"Sacrus Vibro Массажер для поясницы электрический/физиотерапевтический";"1774766986";"Сакрус_Вибро";"18661.00";"RUB";"8866.00";"RUB";"1";;;;"39800.00";"53%";"21139.00";"Системная виртуальная скидка селлера Россия (RUB), Эластичный бустинг. Без ограничения срока действия";"0.4";"Пермь";"Москва, МО и Дальние регионы";"75";"долго";"ПЕРМЬ_РФЦ";"Московская Область";;"ПВЗ";"Не премиум";"нет";"Банковская карта";
"68619930-0261";"68619930-0261-1";"2025-12-20 19:44:59";"2025-12-20 22:00:00";"Доставлен";"2025-12-22 17:57:21";"2025-12-21 01:27:14";"7609.00";"RUB";"Медицинский массажер для поясницы и шеи Sacrus Easy";"1774766962";"Сакрус_Изи";"7609.00";"RUB";"4145.83";"RUB";"1";;;;"15290.00";"50%";"7681.00";"Системная виртуальная скидка селлера Россия (RUB), Эластичный бустинг. Без ограничения срока действия";"0.2";"Москва, МО и Дальние регионы";"Москва, МО и Дальние регионы";"28";"быстро";"ПУШКИНО_2_РФЦ";"Москва";"Сосенское";"ПВЗ";"Не премиум";"нет";"Ozon Банк";
"23439794-1352";"23439794-1352-2";"2025-12-20 19:41:42";"2025-12-21 22:00:00";"Доставлен";"2025-12-24 13:10:55";"2025-12-21 22:28:44";"8555.00";"RUB";"Массажер для Йоги и релакса Corden Yoga Тренажер из натурального бука";"2920956821";"Corden_Yoga";"8555.00";"RUB";"3737.68";"RUB";"1";;;;"34009.00";"75%";"25454.00";"Системная виртуальная скидка селлера Россия (RUB), Новогодний супербустинг";"0.4";"Москва, МО и Дальние регионы";"Москва, МО и Дальние регионы";"28";"быстро";"ХОРУГВИНО_РФЦ";"Москва";"Москва";"ПВЗ";"Не премиум";"нет";"Кредитная карта";
"0135758963-0003";"0135758963-0003-1";"2025-12-20 19:40:24";;"Доставлен";"2025-12-26 12:52:16";"2025-12-21 12:30:26";"14528.00";"RUB";"Комплект массажеров для спины Cordus Plus для лечения спины, шеи и поясницы, физиотерапевтический(без электроники)";"1774766982";"Комплект_изи";"14528.00";"RUB";"6621.00";"RUB";"1";;;;"22300.00";"35%";"7772.00";"Эластичный бустинг. Без ограничения срока действия, Системная виртуальная скидка селлера Россия (RUB)";"1.2";"Пермь";"Москва, МО и Дальние регионы";"75";"долго";"ПЕРМЬ_РФЦ";"Московская Область";"Клин";"ПВЗ";"Не премиум";"нет";"Ozon Банк";
"29398567-0370";"29398567-0370-1";"2025-12-20 17:11:36";;"Доставлен";"2025-12-26 15:52:16";"2025-12-20 23:59:02";"13801.00";"RUB";"Комплект массажеров для спины Cordus Plus для лечения спины, шеи и поясницы, физиотерапевтический(без электроники)";"1774766982";"Комплект_изи";"13801.00";"RUB";"5905.00";"RUB";"1";;;;"21573.00";"36%";"7772.00";"Системная виртуальная скидка селлера Россия (RUB), Эластичный бустинг. Без ограничения срока действия";"1.2";"Пермь";"Москва, МО и Дальние регионы";"75";"долго";"ПЕРМЬ_РФЦ";"Москва";"Москва";"ПВЗ";"Не премиум";"нет";"Ozon Банк";
"0207816008-0008";"0207816008-0008-1";"2025-12-20 17:05:03";"2025-12-21 13:00:00";"Доставлен";"2025-12-24 18:20:23";"2025-12-21 07:33:17";"14528.00";"RUB";"Комплект массажеров для спины Cordus Plus для лечения спины, шеи и поясницы, физиотерапевтический(без электроники)";"1774766982";"Комплект_изи";"14528.00";"RUB";"6957.00";"RUB";"1";;;;"22300.00";"35%";"7772.00";"Системная виртуальная скидка селлера Россия (RUB), Эластичный бустинг. Без ограничения срока действия";"1.2";"Невинномысск";"Москва, МО и Дальние регионы";"75";"долго";"НЕВИННОМЫССК_РФЦ";"Москва";"Москва";"ПВЗ";"Не премиум";"нет";"Система Быстрых Платежей";
"57456733-0089";"57456733-0089-1";"2025-12-20 16:04:53";"2025-12-21 05:00:00";"Доставлен";"2025-12-24 17:17:24";"2025-12-21 07:12:06";"18245.00";"RUB";"Cordus Plus - комплект массажеров для спины шеи и поясницы + Кейс";"1774767026";"Комплект_изи_кейс";"18245.00";"RUB";"8007.00";"RUB";"1";;;;"23400.00";"22%";"5155.00";"Системная виртуальная скидка селлера Россия (RUB), Эластичный бустинг. Без ограничения срока действия";"0.7";"Воронеж";"Санкт-Петербург и СЗО";"60";"долго";"ВОРОНЕЖ_2_РФЦ";"Ленинградская Область";;"ПВЗ";"Не премиум";"нет";"Ozon Банк";
"85841760-0107";"85841760-0107-1";"2025-12-20 15:42:41";;"Доставлен";"2025-12-30 13:26:32";"2025-12-20 23:57:59";"14528.00";"RUB";"Комплект массажеров для спины Cordus Plus для лечения спины, шеи и поясницы, физиотерапевтический(без электроники)";"1774766982";"Комплект_изи";"14528.00";"RUB";"6621.00";"RUB";"1";;;;"22300.00";"35%";"7772.00";"Системная виртуальная скидка селлера Россия (RUB), Эластичный бустинг. Без ограничения срока действия";"1.2";"Пермь";"Москва, МО и Дальние регионы";"75";"долго";"ПЕРМЬ_РФЦ";"Московская Область";"Сергиев Посад";"ПВЗ";"Премиум";"нет";"Ozon Банк";
"74249942-0203";"74249942-0203-1";"2025-12-20 15:09:04";"2025-12-21 06:30:00";"Доставлен";"2025-12-24 10:47:14";"2025-12-21 00:03:24";"35402.00";"RUB";"Комплект медицинских электронных массажеров для спины Cordus Vibro с кейсом";"1774766992";"Физио+ кейс";"35402.00";"RUB";"17604.00";"RUB";"1";;;;"48890.00";"28%";"13488.00";"Системная виртуальная скидка селлера Россия (RUB), Эластичный бустинг. Без ограничения срока действия";"0.8";"Ростов";"Москва, МО и Дальние регионы";"75";"долго";"РОСТОВ-НА-ДОНУ_РФЦ";"Московская Область";"Клин";"ПВЗ";"Не премиум";"нет";"Ozon Банк";
"05934844-0328";"05934844-0328-1";"2025-12-20 15:07:42";"2025-12-21 14:30:00";"Доставлен";"2025-12-24 10:38:37";"2025-12-20 18:24:57";"14528.00";"RUB";"Комплект массажеров для спины Cordus Plus для лечения спины, шеи и поясницы, физиотерапевтический(без электроники)";"1774766982";"Комплект_изи";"14528.00";"RUB";"6843.30";"RUB";"1";;;;"22300.00";"35%";"7772.00";"Системная виртуальная скидка селлера Россия (RUB), Эластичный бустинг. Без ограничения срока действия";"1.2";"Пермь";"Казань";"75";"долго";"ПЕРМЬ_РФЦ";"Нижегородская Область";"Нижний Новгород";"Курьер";"Не премиум";"нет";"Ozon Банк";
"0132479185-0218";"0132479185-0218-1";"2025-12-20 14:58:27";"2025-12-21 04:00:00";"Доставлен";"2025-12-22 15:07:12";"2025-12-21 01:49:19";"14528.00";"RUB";"Комплект массажеров для спины Cordus Plus для лечения спины, шеи и поясницы, физиотерапевтический(без электроники)";"1774766982";"Комплект_изи";"14528.00";"RUB";"7175.00";"RUB";"1";;;;"22300.00";"35%";"7772.00";"Системная виртуальная скидка селлера Россия (RUB), Эластичный бустинг. Без ограничения срока действия";"1.2";"Невинномысск";"Ростов";"45";"средне";"НЕВИННОМЫССК_РФЦ";"Ростовская Область";"Таганрог";"ПВЗ";"Не премиум";"нет";"SberPay";
"0138343499-0071";"0138343499-0071-7";"2025-12-20 14:42:09";"2025-12-21 11:30:00";"Отменён";;;"4156.00";"RUB";"Коллаген порошок с Кверцетином Cordus";"1774766972";"Коллаген";"4156.00";"RUB";"2403.81";"RUB";"1";;;;"7560.00";"45%";"3404.00";"Системная виртуальная скидка селлера Россия (RUB), Эластичный бустинг. Без ограничения срока действия";"0.5";"Новосибирск";"Новосибирск";"28";"быстро";"НОВОСИБИРСК_РФЦ_НОВЫЙ";"Томская Область";"Северск";"ПВЗ";"Премиум";"нет";"Ozon Банк";
"75575333-0243";"75575333-0243-1";"2025-12-20 12:30:58";"2025-12-21 06:30:00";"Отменён";;"2025-12-20 18:27:14";"34952.00";"RUB";"Комплект медицинских электронных массажеров для спины Cordus Vibro с кейсом";"1774766992";"Физио+ кейс";"34952.00";"RUB";"14900.00";"RUB";"1";;;;"48446.00";"28%";"13494.00";"Системная виртуальная скидка селлера Россия (RUB), Автоакция. Рассрочка 0-0-6 #1739185464, Эластичный бустинг. Без ограничения срока действия";"0.8";"Ростов";"Москва, МО и Дальние регионы";"75";"долго";"РОСТОВ-НА-ДОНУ_РФЦ";"Московская Область";;"ПВЗ";"Не премиум";"нет";"Озон Счет Рассрочка МКК";
"09536922-0210";"09536922-0210-1";"2025-12-20 10:55:38";"2025-12-21 12:00:00";"Доставлен";"2025-12-25 16:41:49";"2025-12-21 13:24:12";"35402.00";"RUB";"Комплект медицинских электронных массажеров для спины Cordus Vibro с кейсом";"1774766992";"Физио+ кейс";"35402.00";"RUB";"14945.00";"RUB";"1";;;;"48890.00";"28%";"13488.00";"Системная виртуальная скидка селлера Россия (RUB), Эластичный бустинг. Без ограничения срока действия";"0.8";"Москва, МО и Дальние регионы";"Санкт-Петербург и СЗО";"60";"долго";"ХОРУГВИНО_РФЦ";"Санкт-Петербург";"Санкт-Петербург";"ПВЗ";"Не премиум";"нет";"Ozon Банк";
"28502768-0296";"28502768-0296-1";"2025-12-20 10:00:43";"2025-12-20 14:30:00";"Доставлен";"2025-12-28 15:20:46";"2025-12-20 14:00:00";"13582.00";"RUB";"Комплект массажеров для спины Cordus Plus для лечения спины, шеи и поясницы, физиотерапевтический(без электроники)";"1774766982";"Комплект_изи";"13582.00";"RUB";"5014.00";"RUB";"1";;;;"21354.00";"36%";"7772.00";"Эластичный бустинг. Без ограничения срока действия, Системная виртуальная скидка селлера Россия (RUB)";"1.2";"Пермь";"Москва, МО и Дальние регионы";"75";"долго";"ПЕРМЬ_РФЦ";"Московская Область";"Красногорск";"ПВЗ";"Не премиум";"нет";"Ozon Банк";
"0215504207-0016";"0215504207-0016-1";"2025-12-20 07:07:12";"2025-12-20 21:00:00";"Доставлен";"2025-12-24 07:36:13";"2025-12-20 12:04:53";"18245.00";"RUB";"Cordus Plus - комплект массажеров для спины шеи и поясницы + Кейс";"1774767026";"Комплект_изи_кейс";"18245.00";"RUB";"9326.00";"RUB";"1";;;;"23400.00";"22%";"5155.00";"Системная виртуальная скидка селлера Россия (RUB), Эластичный бустинг. Без ограничения срока действия";"0.7";"Пермь";"Пермь";"28";"быстро";"ПЕРМЬ_РФЦ";"Пермский Край";"Оханск";"ПВЗ";"Не премиум";"нет";"SberPay";
"0207423909-0039";"0207423909-0039-1";"2025-12-20 00:07:18";"2025-12-20 21:00:00";"Доставлен";"2025-12-22 23:38:07";"2025-12-20 12:45:09";"14528.00";"RUB";"Комплект массажеров для спины Cordus Plus для лечения спины, шеи и поясницы, физиотерапевтический(без электроники)";"1774766982";"Комплект_изи";"14528.00";"RUB";"6682.00";"RUB";"1";;;;"22300.00";"35%";"7772.00";"Системная виртуальная скидка селлера Россия (RUB), Эластичный бустинг. Без ограничения срока действия";"1.2";"Дальний Восток";"Дальний Восток";"28";"быстро";"ХАБАРОВСК_2_РФЦ";"Приморский Край";"Владивосток";"ПВЗ";"Не премиум";"нет";"Ozon Банк";
"0182300514-0091";"0182300514-0091-1";"2025-12-19 19:33:44";"2025-12-20 13:00:00";"Доставлен";"2025-12-23 13:44:38";"2025-12-20 06:15:13";"32500.00";"RUB";"Массажер электрический для спины и шеи Cordus Vibro от боли в спине";"1793876972";"кордус_вибро";"32500.00";"RUB";"12786.00";"RUB";"1";;;;"42050.00";"23%";"9550.00";"Системная виртуальная скидка селлера Россия (RUB)";"0.4";"Москва, МО и Дальние регионы";"Казань";"60";"долго";"ГРИВНО_РФЦ";"Татарстан Республика";;"ПВЗ";"Не премиум";"нет";"Ozon Банк";
"62371421-0065";"62371421-0065-1";"2025-12-19 19:17:28";"2025-12-20 15:00:00";"Доставлен";"2025-12-21 13:53:00";"2025-12-20 17:50:18";"7609.00";"RUB";"Медицинский массажер для поясницы и шеи Sacrus Easy";"1774766962";"Сакрус_Изи";"7609.00";"RUB";"4553.33";"RUB";"1";;;;"15290.00";"50%";"7681.00";"Системная виртуальная скидка селлера Россия (RUB), Эластичный бустинг. Без ограничения срока действия";"0.2";"Краснодар";"Краснодар";"28";"быстро";"НОВОРОССИЙСК_МРФЦ";"Краснодарский Край";"Краснодар";"ПВЗ";"Не премиум";"нет";"SberPay";
"15576366-0441";"15576366-0441-5";"2025-12-19 19:06:55";"2025-12-20 14:30:00";"Доставлен";"2025-12-30 12:03:37";"2025-12-20 05:58:18";"14528.00";"RUB";"Комплект массажеров для спины Cordus Plus для лечения спины, шеи и поясницы, физиотерапевтический(без электроники)";"1774766982";"Комплект_изи";"14528.00";"RUB";"6290.00";"RUB";"1";;;;"22300.00";"35%";"7772.00";"Системная виртуальная скидка селлера Россия (RUB), Эластичный бустинг. Без ограничения срока действия";"1.2";"Пермь";"Москва, МО и Дальние регионы";"75";"долго";"ПЕРМЬ_РФЦ";"Москва";"Москва";"ПВЗ";"Не премиум";"нет";"Ozon Банк";
"0135478458-0124";"0135478458-0124-1";"2025-12-19 17:28:07";;"Доставлен";"2025-12-22 09:58:34";"2025-12-20 05:21:59";"7609.00";"RUB";"Медицинский массажер для поясницы и шеи Sacrus Easy";"1774766962";"Сакрус_Изи";"7609.00";"RUB";"4544.68";"RUB";"1";;;;"15290.00";"50%";"7681.00";"Системная виртуальная скидка селлера Россия (RUB), Эластичный бустинг. Без ограничения срока действия";"0.2";"Уфа";"Уфа";"28";"быстро";"УФА_РФЦ";"Удмуртская Республика";"Ижевск";"ПВЗ";"Не премиум";"нет";"Система Быстрых Платежей";
"17805715-0103";"17805715-0103-1";"2025-12-19 16:49:01";"2025-12-20 04:00:00";"Доставлен";"2025-12-23 10:32:57";"2025-12-21 05:02:43";"14528.00";"RUB";"Комплект массажеров для спины Cordus Plus для лечения спины, шеи и поясницы, физиотерапевтический(без электроники)";"1774766982";"Комплект_изи";"14528.00";"RUB";"7244.00";"RUB";"1";;;;"22300.00";"35%";"7772.00";"Системная виртуальная скидка селлера Россия (RUB), Эластичный бустинг. Без ограничения срока действия";"1.2";"Невинномысск";"Ростов";"45";"средне";"НЕВИННОМЫССК_РФЦ";"Ростовская Область";"Каменск-Шахтинский";"ПВЗ";"Не премиум";"нет";"SberPay";
"70788744-0017";"70788744-0017-1";"2025-12-19 16:19:38";"2025-12-21 00:30:00";"Доставлен";"2025-12-27 14:03:04";"2025-12-21 04:44:26";"14528.00";"RUB";"Комплект массажеров для спины Cordus Plus для лечения спины, шеи и поясницы, физиотерапевтический(без электроники)";"1774766982";"Комплект_изи";"14528.00";"RUB";"306.10";"BYN";"1";;;"Подлежит выкупу";"22299.80";"35%";"7771.80";"Системная виртуальная скидка селлера Россия (RUB), Эластичный бустинг. Без ограничения срока действия";"1.2";"Екатеринбург";"Беларусь";"90";"долго";"ЕКАТЕРИНБУРГ_РФЦ_НОВЫЙ";;"Малорита";"ПВЗ";"Не премиум";"нет";"Банковская карта";
"31881631-0221";"31881631-0221-1";"2025-12-19 15:03:36";"2025-12-21 14:30:00";"Доставлен";"2025-12-31 08:24:16";"2025-12-20 15:49:40";"35402.00";"RUB";"Комплект медицинских электронных массажеров для спины Cordus Vibro с кейсом";"1774766992";"Физио+ кейс";"35402.00";"RUB";"16964.00";"RUB";"1";;;;"48890.00";"28%";"13488.00";"Эластичный бустинг. Без ограничения срока действия, Системная виртуальная скидка селлера Россия (RUB)";"0.8";"Оренбург";"Дальний Восток";"150";"долго";"ОРЕНБУРГ_РФЦ";"Амурская Область";"Белогорск";"ПВЗ";"Не премиум";"нет";"Ozon Банк";
"33923645-0387";"33923645-0387-1";"2025-12-19 13:17:47";"2025-12-19 22:00:00";"Доставлен";"2025-12-26 12:19:26";"2025-12-19 22:20:51";"32500.00";"RUB";"Массажер электрический для спины и шеи Cordus Vibro от боли в спине";"1793876972";"кордус_вибро";"32500.00";"RUB";"13163.00";"RUB";"1";;;;"42050.00";"23%";"9550.00";"Системная виртуальная скидка селлера Россия (RUB)";"0.4";"Москва, МО и Дальние регионы";"Москва, МО и Дальние регионы";"28";"быстро";"ЖУКОВСКИЙ_РФЦ";"Москва";"Москва";"ПВЗ";"Не премиум";"нет";"Система Быстрых Платежей";
"65050471-0095";"65050471-0095-1";"2025-12-19 13:14:54";"2025-12-20 13:00:00";"Доставлен";"2025-12-26 07:36:08";"2025-12-20 15:46:10";"14528.00";"RUB";"Комплект массажеров для спины Cordus Plus для лечения спины, шеи и поясницы, физиотерапевтический(без электроники)";"1774766982";"Комплект_изи";"14528.00";"RUB";"6486.00";"RUB";"1";;;;"22300.00";"35%";"7772.00";"Эластичный бустинг. Без ограничения срока действия, Системная виртуальная скидка селлера Россия (RUB)";"1.2";"Невинномысск";"Санкт-Петербург и СЗО";"75";"долго";"НЕВИННОМЫССК_РФЦ";"Санкт-Петербург";"Санкт-Петербург";"ПВЗ";"Не премиум";"нет";"Ozon Банк";
"74366995-0048";"74366995-0048-1";"2025-12-19 12:52:36";"2025-12-20 14:30:00";"Доставлен";"2025-12-24 15:02:07";"2025-12-20 13:36:06";"13353.00";"RUB";"Комплект массажеров для спины Cordus Plus для лечения спины, шеи и поясницы, физиотерапевтический(без электроники)";"1774766982";"Комплект_изи";"13353.00";"RUB";"5886.00";"RUB";"1";;;;"21125.00";"37%";"7772.00";"Системная виртуальная скидка селлера Россия (RUB), Эластичный бустинг. Без ограничения срока действия";"1.2";"Пермь";"Москва, МО и Дальние регионы";"75";"долго";"ПЕРМЬ_РФЦ";"Московская Область";"Красногорск";"ПВЗ";"Не премиум";"нет";"Ozon Банк";
"40167292-0098";"40167292-0098-1";"2025-12-19 10:29:36";"2025-12-20 00:00:00";"Доставлен";"2025-12-21 10:44:09";"2025-12-19 16:00:48";"35402.00";"RUB";"Комплект медицинских электронных массажеров для спины Cordus Vibro с кейсом";"1774766992";"Физио+ кейс";"35402.00";"RUB";"14720.00";"RUB";"1";;;;"48890.00";"28%";"13488.00";"Системная виртуальная скидка селлера Россия (RUB), Эластичный бустинг. Без ограничения срока действия";"0.8";"Оренбург";"Оренбург";"28";"быстро";"ОРЕНБУРГ_РФЦ";"Оренбургская Область";;"ПВЗ";"Не премиум";"нет";"Ozon Банк";
"34961305-0279";"34961305-0279-2";"2025-12-19 10:11:36";"2025-12-19 17:00:00";"Доставлен";"2025-12-22 15:35:38";"2025-12-19 20:30:13";"9392.00";"RUB";"Массажёр для спины шеи и поясницы Cordus Easy";"1793877007";"Кордус_изи";"9392.00";"RUB";"5089.00";"RUB";"1";;;;"10057.00";"7%";"665.00";"Системная виртуальная скидка селлера Россия (RUB)";"0.3";"Тверь";"Москва, МО и Дальние регионы";"60";"долго";"ТВЕРЬ_РФЦ";"Москва";"Москва";"ПВЗ";"Не премиум";"нет";"Банковская карта";
"26157258-0098";"26157258-0098-1";"2025-12-19 09:27:23";"2025-12-20 06:30:00";"Доставлен";"2025-12-21 15:34:07";"2025-12-19 15:39:09";"35402.00";"RUB";"Комплект медицинских электронных массажеров для спины Cordus Vibro с кейсом";"1774766992";"Физио+ кейс";"35402.00";"RUB";"14720.00";"RUB";"1";;;;"48890.00";"28%";"13488.00";"Системная виртуальная скидка селлера Россия (RUB), Эластичный бустинг. Без ограничения срока действия";"0.8";"Ростов";"Москва, МО и Дальние регионы";"75";"долго";"РОСТОВ-НА-ДОНУ_РФЦ";"Москва";"Москва";"ПВЗ";"Не премиум";"нет";"Кредитная карта";
"39796702-0243";"39796702-0243-1";"2025-12-19 08:53:08";"2025-12-20 08:30:00";"Доставлен";"2025-12-22 13:14:30";"2025-12-20 08:56:57";"34952.00";"RUB";"Комплект медицинских электронных массажеров для спины Cordus Vibro с кейсом";"1774766992";"Физио+ кейс";"34952.00";"RUB";"14433.75";"RUB";"1";;;;"48440.00";"28%";"13488.00";"Системная виртуальная скидка селлера Россия (RUB), Эластичный бустинг. Без ограничения срока действия";"0.8";"Оренбург";"Уфа";"45";"средне";"ОРЕНБУРГ_РФЦ";"Удмуртская Республика";;"ПВЗ";"Не премиум";"нет";"Ozon Банк";
"0232817280-0002";"0232817280-0002-1";"2025-12-19 08:33:02";"2025-12-20 06:00:00";"Доставлен";"2025-12-23 07:28:51";"2025-12-20 10:08:36";"9005.00";"RUB";"Массажер для Йоги и релакса Corden Yoga Тренажер из натурального бука";"2920956821";"Corden_Yoga";"9005.00";"RUB";"200.60";"BYN";"1";;;"Подлежит выкупу";"34458.70";"74%";"25453.70";"Новогодний супербустинг, Системная виртуальная скидка селлера Россия (RUB)";"0.4";"Беларусь";"Беларусь";"28";"быстро";"МИНСК_МПСЦ";;"Минск";"ПВЗ";"Не премиум";"нет";"Банковская карта";
"02603382-1086";"02603382-1086-1";"2025-12-19 07:59:14";"2025-12-19 13:00:00";"Доставлен";"2025-12-21 14:12:07";"2025-12-19 15:54:30";"14528.00";"RUB";"Комплект массажеров для спины Cordus Plus для лечения спины, шеи и поясницы, физиотерапевтический(без электроники)";"1774766982";"Комплект_изи";"14528.00";"RUB";"7004.55";"RUB";"1";;;;"22300.00";"35%";"7772.00";"Системная виртуальная скидка селлера Россия (RUB), Эластичный бустинг. Без ограничения срока действия";"1.2";"Невинномысск";"Краснодар";"45";"средне";"НЕВИННОМЫССК_РФЦ";"Краснодарский Край";"Сочи";"Курьер";"Не премиум";"нет";"Банковская карта";
"0161236998-0036";"0161236998-0036-1";"2025-12-19 07:48:36";"2025-12-20 22:00:00";"Отменён";;"2025-12-20 23:40:39";"35402.00";"RUB";"Комплект медицинских электронных массажеров для спины Cordus Vibro с кейсом";"1774766992";"Физио+ кейс";"35402.00";"RUB";"15427.00";"RUB";"1";;;;"48890.00";"28%";"13488.00";"Системная виртуальная скидка селлера Россия (RUB), Эластичный бустинг. Без ограничения срока действия";"0.8";"Екатеринбург";"Екатеринбург";"28";"быстро";"ЕКАТЕРИНБУРГ_РФЦ_НОВЫЙ";"Свердловская Область";"Екатеринбург";"ПВЗ";"Не премиум";"нет";"Ozon Банк";
"58885394-0281";"58885394-0281-1";"2025-12-19 07:07:28";"2025-12-20 16:30:00";"Доставлен";"2025-12-27 09:43:37";"2025-12-21 13:50:14";"35402.00";"RUB";"Комплект медицинских электронных массажеров для спины Cordus Vibro с кейсом";"1774766992";"Физио+ кейс";"35402.00";"RUB";"15427.00";"RUB";"1";;;;"48890.00";"28%";"13488.00";"Системная виртуальная скидка селлера Россия (RUB), Эластичный бустинг. Без ограничения срока действия";"0.8";"Екатеринбург";"Омск";"60";"долго";"ЕКАТЕРИНБУРГ_РФЦ_НОВЫЙ";"Омская Область";"Омск";"ПВЗ";"Премиум";"нет";"Ozon Банк";
"66271004-0175";"66271004-0175-1";"2025-12-19 07:04:40";"2025-12-19 21:00:00";"Доставлен";"2025-12-22 08:55:00";"2025-12-19 19:36:41";"14528.00";"RUB";"Комплект массажеров для спины Cordus Plus для лечения спины, шеи и поясницы, физиотерапевтический(без электроники)";"1774766982";"Комплект_изи";"14528.00";"RUB";"6338.00";"RUB";"1";;;;"22300.00";"35%";"7772.00";"Системная виртуальная скидка селлера Россия (RUB), Эластичный бустинг. Без ограничения срока действия";"1.2";"Дальний Восток";"Дальний Восток";"28";"быстро";"ХАБАРОВСК_2_РФЦ";"Приморский Край";"Владивосток";"ПВЗ";"Не премиум";"нет";"Ozon Банк";
"36720166-0194";"36720166-0194-1";"2025-12-19 06:17:27";"2025-12-19 14:30:00";"Доставлен";"2025-12-22 16:40:42";"2025-12-19 09:08:55";"14528.00";"RUB";"Комплект массажеров для спины Cordus Plus для лечения спины, шеи и поясницы, физиотерапевтический(без электроники)";"1774766982";"Комплект_изи";"14528.00";"RUB";"6333.00";"RUB";"1";;;;"22300.00";"35%";"7772.00";"Системная виртуальная скидка селлера Россия (RUB), Эластичный бустинг. Без ограничения срока действия";"1.2";"Пермь";"Москва, МО и Дальние регионы";"75";"долго";"ПЕРМЬ_РФЦ";"Московская Область";"Электрогорск";"ПВЗ";"Не премиум";"нет";"Ozon Банк";
"91764153-0146";"91764153-0146-1";"2025-12-19 06:10:49";"2025-12-20 00:00:00";"Отменён";;;"18245.00";"RUB";"Cordus Plus - комплект массажеров для спины шеи и поясницы + Кейс";"1774767026";"Комплект_изи_кейс";"18245.00";"RUB";"8400.00";"RUB";"1";;;;"23400.00";"22%";"5155.00";"Системная виртуальная скидка селлера Россия (RUB), Эластичный бустинг. Без ограничения срока действия";"0.7";"Воронеж";"Воронеж";"28";"быстро";"ВОРОНЕЖ_2_РФЦ";"Воронежская Область";;"ПВЗ";"Премиум";"нет";"Банковская карта";
"38838205-0083";"38838205-0083-1";"2025-12-19 05:55:59";"2025-12-19 09:00:00";"Доставлен";"2025-12-29 17:28:32";"2025-12-19 11:52:56";"4156.00";"RUB";"Коллаген порошок с Кверцетином Cordus";"1774766972";"Коллаген";"4156.00";"RUB";"2273.31";"RUB";"1";;;;"7560.00";"45%";"3404.00";"Системная виртуальная скидка селлера Россия (RUB), Эластичный бустинг. Без ограничения срока действия";"0.5";"Воронеж";"Санкт-Петербург и СЗО";"60";"долго";"ВОРОНЕЖ_МРФЦ";"Санкт-Петербург";"Санкт-Петербург";"ПВЗ";"Не премиум";"нет";"Ozon Банк";
"0135066707-0119";"0135066707-0119-1";"2025-12-19 04:52:20";"2025-12-19 10:30:00";"Доставлен";"2025-12-26 06:36:22";"2025-12-19 13:17:45";"14528.00";"RUB";"Комплект массажеров для спины Cordus Plus для лечения спины, шеи и поясницы, физиотерапевтический(без электроники)";"1774766982";"Комплект_изи";"14528.00";"RUB";"6333.00";"RUB";"1";;;;"22300.00";"35%";"7772.00";"Системная виртуальная скидка селлера Россия (RUB), Эластичный бустинг. Без ограничения срока действия";"1.2";"Оренбург";"Самара";"60";"долго";"ОРЕНБУРГ_РФЦ";"Самарская Область";;"ПВЗ";"Не премиум";"нет";"Ozon Банк";
"44644594-0129";"44644594-0129-1";"2025-12-19 03:22:04";"2025-12-19 20:00:00";"Доставлен";"2025-12-22 11:51:50";"2025-12-19 10:06:36";"7609.00";"RUB";"Медицинский массажер для поясницы и шеи Sacrus Easy";"1774766962";"Сакрус_Изи";"7609.00";"RUB";"3774.90";"RUB";"1";;;;"15290.00";"50%";"7681.00";"Системная виртуальная скидка селлера Россия (RUB), Эластичный бустинг. Без ограничения срока действия";"0.2";"Новосибирск";"Новосибирск";"28";"быстро";"НОВОСИБИРСК_РФЦ_НОВЫЙ";"Новосибирская Область";"Бердск";"ПВЗ";"Премиум";"нет";"Ozon Банк";
"43869836-0641";"43869836-0641-1";"2025-12-19 03:11:42";"2025-12-20 03:00:00";"Доставлен";"2025-12-23 10:24:37";"2025-12-20 11:58:52";"14528.00";"RUB";"Комплект массажеров для спины Cordus Plus для лечения спины, шеи и поясницы, физиотерапевтический(без электроники)";"1774766982";"Комплект_изи";"14528.00";"RUB";"5942.00";"RUB";"1";;;;"22306.00";"35%";"7778.00";"Системная виртуальная скидка селлера Россия (RUB), Эластичный бустинг. Без ограничения срока действия, Автоакция. Рассрочка 0-0-6 #1739185464";"1.2";"Новосибирск";"Красноярск";"45";"средне";"НОВОСИБИРСК_РФЦ_НОВЫЙ";"Иркутская Область";;"ПВЗ";"Премиум";"нет";"Озон Счет Рассрочка МКК";
"0134867171-0042";"0134867171-0042-1";"2025-12-19 01:48:58";"2025-12-19 07:30:00";"Отменён";;"2025-12-19 06:46:31";"35402.00";"RUB";"Комплект медицинских электронных массажеров для спины Cordus Vibro с кейсом";"1774766992";"Физио+ кейс";"35402.00";"RUB";"14616.00";"RUB";"1";;;;"48890.00";"28%";"13488.00";"Эластичный бустинг. Без ограничения срока действия, Системная виртуальная скидка селлера Россия (RUB)";"0.8";"Екатеринбург";"Красноярск";"60";"долго";"ЕКАТЕРИНБУРГ_РФЦ_НОВЫЙ";"Красноярский Край";;"ПВЗ";"Не премиум";"нет";"Ozon Банк";
"50915313-0250";"50915313-0250-1";"2025-12-19 00:06:21";"2025-12-19 06:30:00";"Отменён";;"2025-12-19 07:54:13";"18661.00";"RUB";"Sacrus Vibro Массажер для поясницы электрический/физиотерапевтический";"1774766986";"Сакрус_Вибро";"18661.00";"RUB";"7231.00";"RUB";"1";;;;"39800.00";"53%";"21139.00";"Системная виртуальная скидка селлера Россия (RUB), Эластичный бустинг. Без ограничения срока действия";"0.4";"Дальний Восток";"Новосибирск";"150";"долго";"ХАБАРОВСК_2_РФЦ";"Республика Алтай";;"ПВЗ";"Премиум";"нет";"Озон Счет Рассрочка МКК";
"0144832576-0083";"0144832576-0083-1";"2025-12-18 20:51:51";"2025-12-19 12:30:00";"Доставлен";"2025-12-21 12:44:37";"2025-12-19 07:28:44";"19097.00";"RUB";"Cordus Plus - комплект массажеров для спины шеи и поясницы + Кейс";"1774767026";"Комплект_изи_кейс";"19097.00";"RUB";"8040.22";"RUB";"1";;;;"23400.00";"18%";"4303.00";"Системная виртуальная скидка селлера Россия (RUB), Эластичный бустинг. Без ограничения срока действия";"0.7";"Воронеж";"Москва, МО и Дальние регионы";"60";"долго";"ВОРОНЕЖ_2_РФЦ";"Москва";"Москва";"Курьер";"Не премиум";"нет";"Ozon Банк";
"0147187021-0164";"0147187021-0164-1";"2025-12-18 20:21:10";"2025-12-19 22:00:00";"Доставлен";"2025-12-20 19:00:33";"2025-12-19 15:20:49";"31670.00";"RUB";"Массажер Cordus Gun, перкуссионный, для тела, шеи, лица, беспроводной, 6 режимов, 4 насадки";"1828646386";"перкуссионный";"31670.00";"RUB";"11564.00";"RUB";"1";;;;"39310.00";"19%";"7640.00";"Системная виртуальная скидка селлера Россия (RUB)";"0.7";"Москва, МО и Дальние регионы";"Москва, МО и Дальние регионы";"28";"быстро";"СОФЬИНО_РФЦ";"Москва";"Москва";"ПВЗ";"Не премиум";"нет";"Ozon Банк";
"0129835908-0138";"0129835908-0138-1";"2025-12-18 18:39:18";"2025-12-19 22:00:00";"Доставлен";"2025-12-20 15:04:54";"2025-12-19 10:57:16";"15411.00";"RUB";"Комплект массажеров для спины Cordus Plus для лечения спины, шеи и поясницы, физиотерапевтический(без электроники)";"1774766982";"Комплект_изи";"15411.00";"RUB";"6334.00";"RUB";"1";;;;"22300.00";"31%";"6889.00";"Системная виртуальная скидка селлера Россия (RUB), Эластичный бустинг. Без ограничения срока действия";"1.2";"Москва, МО и Дальние регионы";"Москва, МО и Дальние регионы";"28";"быстро";"ПЕТРОВСКОЕ_РФЦ";"Москва";"Москва";"ПВЗ";"Не премиум";"нет";"Ozon Банк";
"60382183-0349";"60382183-0349-1";"2025-12-18 18:24:45";"2025-12-19 06:30:00";"Доставлен";"2025-12-28 10:26:47";"2025-12-19 06:17:39";"20181.00";"RUB";"Sacrus Vibro Массажер для поясницы электрический/физиотерапевтический";"1774766986";"Сакрус_Вибро";"20181.00";"RUB";"8414.00";"RUB";"1";;;;"39800.00";"49%";"19619.00";"Системная виртуальная скидка селлера Россия (RUB), Новогодний супербустинг";"0.4";"Дальний Восток";"Самара";"150";"долго";"ХАБАРОВСК_2_РФЦ";"Самарская Область";"Новокуйбышевск";"ПВЗ";"Не премиум";"нет";"Ozon Банк";
"12994216-0392";"12994216-0392-1";"2025-12-18 16:27:14";"2025-12-19 13:00:00";"Доставлен";"2025-12-22 14:23:22";"2025-12-19 09:46:31";"15411.00";"RUB";"Комплект массажеров для спины Cordus Plus для лечения спины, шеи и поясницы, физиотерапевтический(без электроники)";"1774766982";"Комплект_изи";"15411.00";"RUB";"6334.00";"RUB";"1";;;;"22300.00";"31%";"6889.00";"Системная виртуальная скидка селлера Россия (RUB), Эластичный бустинг. Без ограничения срока действия";"1.2";"Невинномысск";"Москва, МО и Дальние регионы";"75";"долго";"НЕВИННОМЫССК_РФЦ";"Москва";"Москва";"ПВЗ";"Не премиум";"нет";"Ozon Банк";
"29369390-0336";"29369390-0336-1";"2025-12-18 16:03:35";"2025-12-21 23:00:00";"Доставлен";"2025-12-23 08:34:31";"2025-12-21 15:11:58";"9885.00";"RUB";"Массажёр для спины шеи и поясницы Cordus Easy";"1793877007";"Кордус_изи";"9885.00";"RUB";"5595.00";"RUB";"1";;;;"10550.00";"6%";"665.00";"Системная виртуальная скидка селлера Россия (RUB)";"0.3";"Москва, МО и Дальние регионы";"Москва, МО и Дальние регионы";"28";"быстро";"ПУШКИНО_1_РФЦ";"Московская Область";"Химки";"ПВЗ";"Не премиум";"нет";"SberPay";
"34695297-0063";"34695297-0063-1";"2025-12-18 12:31:02";"2025-12-19 23:00:00";"Доставлен";"2025-12-21 14:25:44";"2025-12-19 11:41:19";"9005.00";"RUB";"Массажер для Йоги и релакса Corden Yoga Тренажер из натурального бука";"2920956821";"Corden_Yoga";"9005.00";"RUB";"3955.45";"RUB";"1";;;;"34459.00";"74%";"25454.00";"Системная виртуальная скидка селлера Россия (RUB), Новогодний супербустинг";"0.4";"Москва, МО и Дальние регионы";"Москва, МО и Дальние регионы";"28";"быстро";"ХОРУГВИНО_РФЦ";"Москва";"Москва";"ПВЗ";"Не премиум";"нет";"Ozon Банк";
"47396308-0327";"47396308-0327-1";"2025-12-18 12:21:44";"2025-12-18 22:00:00";"Доставлен";"2025-12-20 12:21:11";"2025-12-18 19:27:34";"9005.00";"RUB";"Массажер для Йоги и релакса Corden Yoga Тренажер из натурального бука";"2920956821";"Corden_Yoga";"9005.00";"RUB";"3955.45";"RUB";"1";;;;"34459.00";"74%";"25454.00";"Системная виртуальная скидка селлера Россия (RUB), Новогодний супербустинг";"0.4";"Москва, МО и Дальние регионы";"Москва, МО и Дальние регионы";"28";"быстро";"ХОРУГВИНО_РФЦ";"Москва";"Москва";"ПВЗ";"Не премиум";"нет";"Ozon Банк";
"55042158-0027";"55042158-0027-3";"2025-12-18 11:35:10";"2025-12-18 23:00:00";"Доставлен";"2025-12-19 15:19:36";"2025-12-18 21:14:57";"15411.00";"RUB";"Комплект массажеров для спины Cordus Plus для лечения спины, шеи и поясницы, физиотерапевтический(без электроники)";"1774766982";"Комплект_изи";"15411.00";"RUB";"8026.26";"RUB";"1";;;;"22300.00";"31%";"6889.00";"Системная виртуальная скидка селлера Россия (RUB), Эластичный бустинг. Без ограничения срока действия";"1.2";"Москва, МО и Дальние регионы";"Москва, МО и Дальние регионы";"28";"быстро";"ПУШКИНО_2_РФЦ";"Московская Область";"Талдом";"Курьер";"Не премиум";"нет";"Банковская карта";
"20348820-0067";"20348820-0067-2";"2025-12-18 11:21:04";;"Доставлен";"2025-12-27 13:57:31";"2025-12-18 17:34:20";"4485.00";"RUB";"Коллаген порошок с Кверцетином Cordus";"1774766972";"Коллаген";"4485.00";"RUB";"2642.99";"RUB";"1";;;;"7560.00";"41%";"3075.00";"Системная виртуальная скидка селлера Россия (RUB), Эластичный бустинг. Без ограничения срока действия";"0.5";"Воронеж";"Москва, МО и Дальние регионы";"60";"долго";"ВОРОНЕЖ_МРФЦ";"Москва";"Москва";"ПВЗ";"Не премиум";"нет";"Банковская карта";
"14836117-0103";"14836117-0103-2";"2025-12-18 09:37:29";"2025-12-22 23:00:00";"Отменён";;;"9005.00";"RUB";"Массажер для Йоги и релакса Corden Yoga Тренажер из натурального бука";"2920956821";"Corden_Yoga";"9005.00";"RUB";"4919.46";"RUB";"1";;;;"34459.00";"74%";"25454.00";"Системная виртуальная скидка селлера Россия (RUB), Новогодний супербустинг";"0.4";"Москва, МО и Дальние регионы";"Москва, МО и Дальние регионы";"28";"быстро";"ХОРУГВИНО_РФЦ";"Московская Область";"Истра";"Курьер";"Не премиум";"нет";"Банковская карта";
"47687079-0110";"47687079-0110-3";"2025-12-18 07:58:03";"2025-12-18 22:00:00";"Доставлен";"2025-12-19 11:16:50";"2025-12-18 11:30:01";"15411.00";"RUB";"Комплект массажеров для спины Cordus Plus для лечения спины, шеи и поясницы, физиотерапевтический(без электроники)";"1774766982";"Комплект_изи";"15411.00";"RUB";"6850.00";"RUB";"1";;;;"22300.00";"31%";"6889.00";"Системная виртуальная скидка селлера Россия (RUB), Эластичный бустинг. Без ограничения срока действия";"1.2";"Новосибирск";"Новосибирск";"28";"быстро";"НОВОСИБИРСК_РФЦ_НОВЫЙ";"Новосибирская Область";"Новосибирск";"ПВЗ";"Не премиум";"нет";"Ozon Банк";
"74725362-0168";"74725362-0168-2";"2025-12-18 07:04:17";"2025-12-19 09:00:00";"Доставлен";"2025-12-21 16:40:44";"2025-12-18 17:34:20";"4485.00";"RUB";"Коллаген порошок с Кверцетином Cordus";"1774766972";"Коллаген";"4485.00";"RUB";"2716.89";"RUB";"1";;;;"7560.00";"41%";"3075.00";"Системная виртуальная скидка селлера Россия (RUB), Эластичный бустинг. Без ограничения срока действия";"0.5";"Воронеж";"Москва, МО и Дальние регионы";"60";"долго";"ВОРОНЕЖ_МРФЦ";"Москва";"Москва";"Курьер";"Не премиум";"нет";"Система Быстрых Платежей";
"06311683-0145";"06311683-0145-1";"2025-12-18 06:45:52";"2025-12-19 05:30:00";"Доставлен";"2025-12-20 08:13:35";"2025-12-19 03:58:16";"4035.00";"RUB";"Коллаген порошок с Кверцетином Cordus";"1774766972";"Коллаген";"4035.00";"RUB";"1932.49";"RUB";"1";;;;"7110.00";"43%";"3075.00";"Эластичный бустинг. Без ограничения срока действия, Системная виртуальная скидка селлера Россия (RUB)";"0.5";"Новосибирск";"Новосибирск";"28";"быстро";"НОВОСИБИРСК_РФЦ_НОВЫЙ";"Кемеровская область - Кузбасс";"Новокузнецк";"ПВЗ";"Не премиум";"нет";"Ozon Банк";
"99060640-0074";"99060640-0074-3";"2025-12-18 05:23:11";"2025-12-18 23:00:00";"Доставлен";"2025-12-20 16:16:32";"2025-12-18 20:33:50";"14772.00";"RUB";"Комплект массажеров для спины Cordus Plus для лечения спины, шеи и поясницы, физиотерапевтический(без электроники)";"1774766982";"Комплект_изи";"14772.00";"RUB";"6734.00";"RUB";"1";;;;"21661.00";"32%";"6889.00";"Системная виртуальная скидка селлера Россия (RUB), Эластичный бустинг. Без ограничения срока действия";"1.2";"Ростов";"Ростов";"28";"быстро";"РОСТОВ_НА_ДОНУ_2_РФЦ";"Ростовская Область";"Ростов-на-Дону";"ПВЗ";"Не премиум";"нет";"Ozon Банк";
"37511838-0063";"37511838-0063-1";"2025-12-18 04:50:22";"2025-12-18 16:30:00";"Доставлен";"2025-12-22 12:43:26";"2025-12-18 17:05:28";"45990.00";"RUB";"Комплект медицинских электронных массажеров для спины Cordus Vibro с кейсом";"1774766992";"Физио+ кейс";"45990.00";"RUB";"20612.00";"RUB";"1";;;;"48890.00";"6%";"2900.00";"Системная виртуальная скидка селлера Россия (RUB)";"0.8";"Екатеринбург";"Новосибирск";"75";"долго";"ЕКАТЕРИНБУРГ_РФЦ_НОВЫЙ";"Кемеровская область - Кузбасс";"Кемерово";"ПВЗ";"Не премиум";"нет";"Банковская карта";
"15735424-0290";"15735424-0290-2";"2025-12-17 23:05:30";"2025-12-19 00:00:00";"Доставлен";"2025-12-19 16:48:25";"2025-12-18 12:30:50";"7190.00";"RUB";"Первый веганский хондропротектор/CHONDROPROTECTOR CORDUS";"1793876871";"хондропротектор";"7190.00";"RUB";"3831.43";"RUB";"1";;;;"7590.00";"5%";"400.00";"Системная виртуальная скидка селлера Россия (RUB)";"0.5";"Санкт-Петербург и СЗО";"Санкт-Петербург и СЗО";"28";"быстро";"СПБ_ШУШАРЫ_РФЦ";"Санкт-Петербург";"Санкт-Петербург";"ПВЗ";"Премиум";"нет";"Ozon Банк";
"15735424-0290";"15735424-0290-1";"2025-12-17 23:05:30";"2025-12-18 11:00:00";"Доставлен";"2025-12-24 16:25:23";"2025-12-18 11:18:54";"4485.00";"RUB";"Коллаген порошок с Кверцетином Cordus";"1774766972";"Коллаген";"4485.00";"RUB";"2384.76";"RUB";"1";;;;"7560.00";"41%";"3075.00";"Системная виртуальная скидка селлера Россия (RUB), Эластичный бустинг. Без ограничения срока действия";"0.5";"Воронеж";"Санкт-Петербург и СЗО";"60";"долго";"ВОРОНЕЖ_МРФЦ";"Санкт-Петербург";"Санкт-Петербург";"ПВЗ";"Премиум";"нет";"Ozon Банк";
"66722417-0011";"66722417-0011-1";"2025-12-17 22:44:55";"2025-12-19 06:30:00";"Отменён";;"2025-12-20 00:08:32";"9885.00";"RUB";"Массажёр для спины шеи и поясницы Cordus Easy";"1793877007";"Кордус_изи";"9885.00";"RUB";"5600.00";"RUB";"1";;;;"10550.00";"6%";"665.00";"Системная виртуальная скидка селлера Россия (RUB)";"0.3";"Москва, МО и Дальние регионы";"Москва, МО и Дальние регионы";"28";"быстро";"ПУШКИНО_1_РФЦ";"Сахалинская Область";"Южно-Сахалинск";"ПВЗ";"Не премиум";"нет";"Система Быстрых Платежей";
"0107384278-0049";"0107384278-0049-1";"2025-12-17 19:19:16";"2025-12-18 01:00:00";"Доставлен";"2025-12-22 09:03:07";"2025-12-18 13:51:21";"9885.00";"RUB";"Массажёр для спины шеи и поясницы Cordus Easy";"1793877007";"Кордус_изи";"9885.00";"RUB";"4760.00";"RUB";"1";;;;"10550.00";"6%";"665.00";"Системная виртуальная скидка селлера Россия (RUB)";"0.3";"Москва, МО и Дальние регионы";"Москва, МО и Дальние регионы";"28";"быстро";"ПУШКИНО_1_РФЦ";"Москва";"Москва";"ПВЗ";"Не премиум";"нет";"Ozon Банк";
"40147758-0054";"40147758-0054-1";"2025-12-17 18:37:20";"2025-12-18 00:00:00";"Доставлен";"2025-12-18 16:24:50";"2025-12-18 00:30:22";"9885.00";"RUB";"Массажёр для спины шеи и поясницы Cordus Easy";"1793877007";"Кордус_изи";"9885.00";"RUB";"4715.00";"RUB";"1";;;;"10550.00";"6%";"665.00";"Системная виртуальная скидка селлера Россия (RUB)";"0.3";"Москва, МО и Дальние регионы";"Москва, МО и Дальние регионы";"28";"быстро";"ПУШКИНО_1_РФЦ";"Москва";"Москва";"ПВЗ";"Не премиум";"нет";"Ozon Банк";
"18032490-0830";"18032490-0830-1";"2025-12-17 17:50:26";"2025-12-18 13:00:00";"Отменён";;;"15411.00";"RUB";"Комплект массажеров для спины Cordus Plus для лечения спины, шеи и поясницы, физиотерапевтический(без электроники)";"1774766982";"Комплект_изи";"15411.00";"RUB";"6619.00";"RUB";"1";;;;"22306.00";"31%";"6895.00";"Системная виртуальная скидка селлера Россия (RUB), Эластичный бустинг. Без ограничения срока действия, Автоакция. Рассрочка 0-0-6 #1739185464";"1.2";"Москва, МО и Дальние регионы";"Санкт-Петербург и СЗО";"60";"долго";"ПУШКИНО_2_РФЦ";"Ленинградская Область";"Мурино";"ПВЗ";"Премиум";"нет";"Озон Счет Рассрочка МКК";
"04711202-0382";"04711202-0382-1";"2025-12-17 16:40:26";"2025-12-18 19:30:00";"Доставлен";"2025-12-19 07:10:32";"2025-12-17 20:50:14";"3894.00";"RUB";"Коллаген порошок с Кверцетином Cordus";"1774766972";"Коллаген";"3894.00";"RUB";"1889.95";"RUB";"1";;;;"6969.00";"44%";"3075.00";"Эластичный бустинг. Без ограничения срока действия, Системная виртуальная скидка селлера Россия (RUB)";"0.5";"Уфа";"Уфа";"28";"быстро";"УФА_РФЦ";"Башкортостан Республика";"Уфа";"ПВЗ";"Премиум";"нет";"Ozon Банк";
"38792054-0612";"38792054-0612-1";"2025-12-17 14:13:07";"2025-12-18 16:30:00";"Доставлен";"2025-12-21 12:39:16";"2025-12-18 06:49:38";"14961.00";"RUB";"Комплект массажеров для спины Cordus Plus для лечения спины, шеи и поясницы, физиотерапевтический(без электроники)";"1774766982";"Комплект_изи";"14961.00";"RUB";"5342.00";"RUB";"1";;;;"21850.00";"32%";"6889.00";"Системная виртуальная скидка селлера Россия (RUB), Эластичный бустинг. Без ограничения срока действия";"1.2";"Москва, МО и Дальние регионы";"Ярославль";"45";"средне";"ПУШКИНО_2_РФЦ";"Архангельская Область";"Вельск";"ПВЗ";"Не премиум";"нет";"Ozon Банк";
"69245922-0027";"69245922-0027-1";"2025-12-17 13:47:17";"2025-12-18 06:00:00";"Доставлен";"2025-12-22 15:28:51";"2025-12-17 23:50:07";"15411.00";"RUB";"Комплект массажеров для спины Cordus Plus для лечения спины, шеи и поясницы, физиотерапевтический(без электроники)";"1774766982";"Комплект_изи";"15411.00";"RUB";"6686.00";"RUB";"1";;;;"22300.00";"31%";"6889.00";"Системная виртуальная скидка селлера Россия (RUB), Эластичный бустинг. Без ограничения срока действия";"1.2";"Уфа";"Уфа";"28";"быстро";"УФА_РФЦ";"Удмуртская Республика";"Сарапул";"ПВЗ";"Не премиум";"нет";"SberPay";
"33592839-0355";"33592839-0355-1";"2025-12-17 13:35:20";"2025-12-18 05:00:00";"Доставлен";"2025-12-22 16:01:00";"2025-12-18 05:46:55";"19097.00";"RUB";"Cordus Plus - комплект массажеров для спины шеи и поясницы + Кейс";"1774767026";"Комплект_изи_кейс";"19097.00";"RUB";"7311.00";"RUB";"1";;;;"23400.00";"18%";"4303.00";"Системная виртуальная скидка селлера Россия (RUB), Эластичный бустинг. Без ограничения срока действия";"0.7";"Самара";"Санкт-Петербург и СЗО";"75";"долго";"САМАРА_РФЦ";"Ленинградская Область";"Мурино";"ПВЗ";"Не премиум";"нет";"Ozon Банк";
"0177961606-0004";"0177961606-0004-1";"2025-12-17 13:23:52";"2025-12-18 00:30:00";"Доставлен";"2025-12-25 09:38:34";"2025-12-18 01:17:59";"15411.00";"RUB";"Комплект массажеров для спины Cordus Plus для лечения спины, шеи и поясницы, физиотерапевтический(без электроники)";"1774766982";"Комплект_изи";"15411.00";"RUB";"6455.00";"RUB";"1";;;;"22300.00";"31%";"6889.00";"Системная виртуальная скидка селлера Россия (RUB), Эластичный бустинг. Без ограничения срока действия";"1.2";"Уфа";"Москва, МО и Дальние регионы";"75";"долго";"УФА_РФЦ";"Москва";"Москва";"ПВЗ";"Не премиум";"нет";"SberPay";
"57999803-0136";"57999803-0136-1";"2025-12-17 13:20:56";"2025-12-18 09:30:00";"Доставлен";"2025-12-23 10:14:44";"2025-12-17 17:21:42";"46237.00";"RUB";"Комплект медицинских массажеров для спины Cordus&Sacrus Ero";"1775726260";"комплект_Эро";"46237.00";"RUB";"23189.00";"RUB";"1";;;;"51600.00";"10%";"5363.00";"Новогодний супербустинг, Системная виртуальная скидка селлера Россия (RUB)";"0.8";"Казань";"Москва, МО и Дальние регионы";"60";"долго";"НИЖНИЙ_НОВГОРОД_РФЦ";"Москва";"Зеленоград";"ПВЗ";"Не премиум";"нет";"Кредитная карта";
"32477325-0094";"32477325-0094-1";"2025-12-17 13:10:18";"2025-12-18 00:00:00";"Доставлен";"2025-12-21 07:44:03";"2025-12-17 19:53:18";"8555.00";"RUB";"Массажер для Йоги и релакса Corden Yoga Тренажер из натурального бука";"2920956821";"Corden_Yoga";"8555.00";"RUB";"3285.55";"RUB";"1";;;;"34009.00";"75%";"25454.00";"Системная виртуальная скидка селлера Россия (RUB), Новогодний супербустинг";"0.4";"Москва, МО и Дальние регионы";"Москва, МО и Дальние регионы";"28";"быстро";"НОГИНСК_РФЦ";"Москва";"Москва";"ПВЗ";"Не премиум";"нет";"Ozon Банк";
"37984544-0304";"37984544-0304-1";"2025-12-17 12:15:16";"2025-12-18 00:30:00";"Доставлен";"2025-12-21 14:08:58";"2025-12-17 21:43:57";"15411.00";"RUB";"Комплект массажеров для спины Cordus Plus для лечения спины, шеи и поясницы, физиотерапевтический(без электроники)";"1774766982";"Комплект_изи";"15411.00";"RUB";"5792.00";"RUB";"1";;;;"22300.00";"31%";"6889.00";"Системная виртуальная скидка селлера Россия (RUB), Эластичный бустинг. Без ограничения срока действия";"1.2";"Уфа";"Москва, МО и Дальние регионы";"75";"долго";"УФА_РФЦ";"Москва";"Москва";"ПВЗ";"Не премиум";"нет";"Ozon Банк";
"15369777-0111";"15369777-0111-1";"2025-12-17 11:48:18";"2025-12-18 05:00:00";"Доставлен";"2025-12-21 17:40:22";"2025-12-18 05:31:15";"19097.00";"RUB";"Cordus Plus - комплект массажеров для спины шеи и поясницы + Кейс";"1774767026";"Комплект_изи_кейс";"19097.00";"RUB";"8068.00";"RUB";"1";;;;"23400.00";"18%";"4303.00";"Эластичный бустинг. Без ограничения срока действия, Системная виртуальная скидка селлера Россия (RUB)";"0.7";"Самара";"Санкт-Петербург и СЗО";"75";"долго";"САМАРА_РФЦ";"Санкт-Петербург";"Санкт-Петербург";"ПВЗ";"Не премиум";"нет";"Банковская карта";
"0236886675-0001";"0236886675-0001-1";"2025-12-17 11:33:31";;"Отменён";;"2025-12-18 19:31:05";"19097.00";"RUB";"Cordus Plus - комплект массажеров для спины шеи и поясницы + Кейс";"1774767026";"Комплект_изи_кейс";"19097.00";"RUB";"8714.00";"RUB";"1";;;;"23400.00";"18%";"4303.00";"Системная виртуальная скидка селлера Россия (RUB), Эластичный бустинг. Без ограничения срока действия";"0.7";"Санкт-Петербург и СЗО";"Калининград";"60";"долго";"САНКТ-ПЕТЕРБУРГ_РФЦ";"Калининградская Область";"Калининград";"ПВЗ";"Не премиум";"нет";"Банковская карта";
"41068919-0144";"41068919-0144-1";"2025-12-17 11:30:38";"2025-12-18 02:00:00";"Доставлен";"2025-12-22 15:27:46";"2025-12-18 02:42:24";"9885.00";"RUB";"Массажёр для спины шеи и поясницы Cordus Easy";"1793877007";"Кордус_изи";"9885.00";"RUB";"4490.01";"RUB";"1";;;;"10550.00";"6%";"665.00";"Системная виртуальная скидка селлера Россия (RUB)";"0.3";"Санкт-Петербург и СЗО";"Санкт-Петербург и СЗО";"28";"быстро";"САНКТ-ПЕТЕРБУРГ_РФЦ";"Санкт-Петербург";"Красное Село";"ПВЗ";"Не премиум";"нет";"Ozon Банк";
"0103461694-0084";"0103461694-0084-1";"2025-12-17 11:23:39";"2025-12-18 08:30:00";"Доставлен";"2025-12-30 06:27:10";"2025-12-18 01:05:00";"20181.00";"RUB";"Sacrus Vibro Массажер для поясницы электрический/физиотерапевтический";"1774766986";"Сакрус_Вибро";"20181.00";"RUB";"9364.00";"RUB";"1";;;;"39800.00";"49%";"19619.00";"Системная виртуальная скидка селлера Россия (RUB), Новогодний супербустинг";"0.4";"Дальний Восток";"Омск";"150";"долго";"ХАБАРОВСК_2_РФЦ";"Омская Область";"Омск";"ПВЗ";"Не премиум";"нет";"Ozon Банк";
"61244645-0226";"61244645-0226-1";"2025-12-17 09:42:50";"2025-12-18 00:00:00";"Доставлен";"2025-12-21 08:05:23";"2025-12-18 01:09:16";"15411.00";"RUB";"Комплект массажеров для спины Cordus Plus для лечения спины, шеи и поясницы, физиотерапевтический(без электроники)";"1774766982";"Комплект_изи";"15411.00";"RUB";"6269.00";"RUB";"1";;;;"22300.00";"31%";"6889.00";"Системная виртуальная скидка селлера Россия (RUB), Эластичный бустинг. Без ограничения срока действия";"1.2";"Тюмень";"Тюмень";"28";"быстро";"ТЮМЕНЬ_РФЦ";"Тюменская Область";"Тюмень";"ПВЗ";"Не премиум";"нет";"Ozon Банк";
"71250730-0087";"71250730-0087-1";"2025-12-17 09:24:57";"2025-12-18 12:30:00";"Доставлен";"2025-12-22 17:51:29";"2025-12-18 13:22:21";"15411.00";"RUB";"Комплект массажеров для спины Cordus Plus для лечения спины, шеи и поясницы, физиотерапевтический(без электроники)";"1774766982";"Комплект_изи";"15411.00";"RUB";"6209.00";"RUB";"1";;;;"22300.00";"31%";"6889.00";"Системная виртуальная скидка селлера Россия (RUB), Эластичный бустинг. Без ограничения срока действия";"1.2";"Ростов";"Воронеж";"45";"средне";"РОСТОВ_НА_ДОНУ_2_РФЦ";"Курская Область";"Курск";"ПВЗ";"Премиум";"нет";"Ozon Банк";
"25155432-0416";"25155432-0416-1";"2025-12-17 08:57:40";"2025-12-18 01:00:00";"Отменён";;"2025-12-18 12:11:09";"8318.00";"RUB";"Медицинский массажер для поясницы и шеи Sacrus Easy";"1774766962";"Сакрус_Изи";"8318.00";"RUB";"4538.39";"RUB";"1";;;;"15290.00";"46%";"6972.00";"Системная виртуальная скидка селлера Россия (RUB), Эластичный бустинг. Без ограничения срока действия";"0.2";"Москва, МО и Дальние регионы";"Москва, МО и Дальние регионы";"28";"быстро";"ПУШКИНО_2_РФЦ";"Москва";"Москва";"ПВЗ";"Не премиум";"нет";"Банковская карта";
"69401562-0203";"69401562-0203-3";"2025-12-17 08:13:21";"2025-12-17 12:30:00";"Доставлен";"2025-12-18 11:24:04";"2025-12-17 10:17:38";"8104.00";"RUB";"Массажер для Йоги и релакса Corden Yoga Тренажер из натурального бука";"2920956821";"Corden_Yoga";"8104.00";"RUB";"3657.14";"RUB";"1";;;;"33558.00";"76%";"25454.00";"Системная виртуальная скидка селлера Россия (RUB), Новогодний супербустинг";"0.4";"Екатеринбург";"Тюмень";"45";"средне";"ЕКАТЕРИНБУРГ_РФЦ_НОВЫЙ";"Тюменская Область";"Тобольск";"ПВЗ";"Не премиум";"нет";"Ozon Банк";
"69401562-0203";"69401562-0203-2";"2025-12-17 08:13:21";"2025-12-17 22:00:00";"Доставлен";"2025-12-19 13:39:08";"2025-12-17 15:17:23";"8104.00";"RUB";"Массажер для Йоги и релакса Corden Yoga Тренажер из натурального бука";"2920956821";"Corden_Yoga";"8104.00";"RUB";"3657.14";"RUB";"1";;;;"33558.00";"76%";"25454.00";"Системная виртуальная скидка селлера Россия (RUB), Новогодний супербустинг";"0.4";"Тюмень";"Тюмень";"28";"быстро";"ТЮМЕНЬ_РФЦ";"Тюменская Область";"Тобольск";"ПВЗ";"Не премиум";"нет";"Ozon Банк";
"69401562-0203";"69401562-0203-1";"2025-12-17 08:13:21";"2025-12-17 12:30:00";"Доставлен";"2025-12-18 11:24:04";"2025-12-17 10:17:38";"8104.00";"RUB";"Массажер для Йоги и релакса Corden Yoga Тренажер из натурального бука";"2920956821";"Corden_Yoga";"8104.00";"RUB";"3657.14";"RUB";"1";;;;"33558.00";"76%";"25454.00";"Системная виртуальная скидка селлера Россия (RUB), Новогодний супербустинг";"0.4";"Екатеринбург";"Тюмень";"45";"средне";"ЕКАТЕРИНБУРГ_РФЦ_НОВЫЙ";"Тюменская Область";"Тобольск";"ПВЗ";"Не премиум";"нет";"Ozon Банк";
"56882922-0111";"56882922-0111-1";"2025-12-17 07:24:23";"2025-12-17 12:30:00";"Доставлен";"2025-12-21 17:26:36";"2025-12-17 12:23:55";"15411.00";"RUB";"Комплект массажеров для спины Cordus Plus для лечения спины, шеи и поясницы, физиотерапевтический(без электроники)";"1774766982";"Комплект_изи";"15411.00";"RUB";"6269.00";"RUB";"1";;;;"22300.00";"31%";"6889.00";"Системная виртуальная скидка селлера Россия (RUB), Эластичный бустинг. Без ограничения срока действия";"1.2";"Ростов";"Москва, МО и Дальние регионы";"75";"долго";"РОСТОВ_НА_ДОНУ_2_РФЦ";"Московская Область";"Истра";"ПВЗ";"Не премиум";"нет";"Ozon Банк";
"21566131-0392";"21566131-0392-1";"2025-12-17 06:43:47";"2025-12-17 12:30:00";"Доставлен";"2025-12-19 18:27:29";"2025-12-17 12:22:29";"15411.00";"RUB";"Комплект массажеров для спины Cordus Plus для лечения спины, шеи и поясницы, физиотерапевтический(без электроники)";"1774766982";"Комплект_изи";"15411.00";"RUB";"5792.00";"RUB";"1";;;;"22300.00";"31%";"6889.00";"Системная виртуальная скидка селлера Россия (RUB), Эластичный бустинг. Без ограничения срока действия";"1.2";"Ростов";"Москва, МО и Дальние регионы";"75";"долго";"РОСТОВ_НА_ДОНУ_2_РФЦ";"Москва";"Москва";"ПВЗ";"Не премиум";"нет";"Ozon Банк";
"82454633-0249";"82454633-0249-1";"2025-12-17 05:49:11";"2025-12-18 22:00:00";"Доставлен";"2025-12-20 06:13:50";"2025-12-18 07:00:59";"15411.00";"RUB";"Комплект массажеров для спины Cordus Plus для лечения спины, шеи и поясницы, физиотерапевтический(без электроники)";"1774766982";"Комплект_изи";"15411.00";"RUB";"6269.00";"RUB";"1";;;;"22300.00";"31%";"6889.00";"Системная виртуальная скидка селлера Россия (RUB), Эластичный бустинг. Без ограничения срока действия";"1.2";"Новосибирск";"Новосибирск";"28";"быстро";"НОВОСИБИРСК_РФЦ_НОВЫЙ";"Новосибирская Область";"Новосибирск";"ПВЗ";"Не премиум";"нет";"Ozon Банк";
"0127926120-0009";"0127926120-0009-1";"2025-12-17 05:12:43";"2025-12-18 06:00:00";"Доставлен";"2025-12-25 08:32:38";"2025-12-17 18:04:42";"9005.00";"RUB";"Массажер для Йоги и релакса Corden Yoga Тренажер из натурального бука";"2920956821";"Corden_Yoga";"9005.00";"RUB";"4489.54";"RUB";"1";;;;"34459.00";"74%";"25454.00";"Системная виртуальная скидка селлера Россия (RUB), Новогодний супербустинг";"0.4";"Невинномысск";"Ростов";"45";"средне";"НЕВИННОМЫССК_РФЦ";"Ростовская Область";"Ростов-на-Дону";"ПВЗ";"Не премиум";"нет";"Система Быстрых Платежей";
"84931800-0113";"84931800-0113-1";"2025-12-17 04:55:16";"2025-12-20 03:00:00";"Доставлен";"2025-12-25 03:15:51";"2025-12-19 16:27:16";"15411.00";"RUB";"Комплект массажеров для спины Cordus Plus для лечения спины, шеи и поясницы, физиотерапевтический(без электроники)";"1774766982";"Комплект_изи";"15411.00";"RUB";"5852.00";"RUB";"1";;;;"22306.00";"31%";"6895.00";"Системная виртуальная скидка селлера Россия (RUB), Эластичный бустинг. Без ограничения срока действия, Автоакция. Рассрочка 0-0-6 #1739185464";"1.2";"Новосибирск";"Красноярск";"45";"средне";"НОВОСИБИРСК_РФЦ_НОВЫЙ";"Иркутская Область";"Железногорск-Илимский";"ПВЗ";"Не премиум";"нет";"Озон Счет Рассрочка МКК";
"63096232-0135";"63096232-0135-1";"2025-12-17 03:26:12";"2025-12-17 23:00:00";"Отменён";;"2025-12-17 14:41:27";"32500.00";"RUB";"Массажер электрический для спины и шеи Cordus Vibro от боли в спине";"1793876972";"кордус_вибро";"32500.00";"RUB";"11663.00";"RUB";"1";;;;"42056.00";"23%";"9556.00";"Автоакция. Рассрочка 0-0-6 #1739185464, Системная виртуальная скидка селлера Россия (RUB)";"0.4";"Омск";"Новосибирск";"45";"средне";"ОМСК_РФЦ";"Новосибирская Область";"Новосибирск";"ПВЗ";"Не премиум";"нет";"Озон Счет Рассрочка МКК";
"42692395-1283";"42692395-1283-1";"2025-12-17 03:08:21";"2025-12-18 05:00:00";"Доставлен";"2025-12-21 09:14:04";"2025-12-18 04:07:59";"8555.00";"RUB";"Массажер для Йоги и релакса Corden Yoga Тренажер из натурального бука";"2920956821";"Corden_Yoga";"8555.00";"RUB";"3299.76";"RUB";"1";;;;"34009.00";"75%";"25454.00";"Системная виртуальная скидка селлера Россия (RUB), Новогодний супербустинг";"0.4";"Новосибирск";"Красноярск";"45";"средне";"НОВОСИБИРСК_РФЦ_НОВЫЙ";"Иркутская Область";"Иркутск";"ПВЗ";"Не премиум";"нет";"Ozon Банк";
"82477696-0027";"82477696-0027-1";"2025-12-17 01:46:24";"2025-12-17 16:30:00";"Доставлен";"2025-12-21 07:45:18";"2025-12-17 17:16:29";"20181.00";"RUB";"Sacrus Vibro Массажер для поясницы электрический/физиотерапевтический";"1774766986";"Сакрус_Вибро";"20181.00";"RUB";"7729.00";"RUB";"1";;;;"39800.00";"49%";"19619.00";"Системная виртуальная скидка селлера Россия (RUB), Новогодний супербустинг";"0.4";"Екатеринбург";"Саратов";"75";"долго";"ЕКАТЕРИНБУРГ_РФЦ_НОВЫЙ";"Саратовская Область";"Саратов";"ПВЗ";"Не премиум";"нет";"Ozon Банк";
"0169409745-0082";"0169409745-0082-1";"2025-12-17 00:48:39";"2025-12-17 11:00:00";"Доставлен";"2025-12-27 08:59:52";"2025-12-17 09:34:05";"46237.00";"RUB";"Комплект медицинских массажеров для спины Cordus&Sacrus Ero";"1775726260";"комплект_Эро";"46237.00";"RUB";"23881.00";"RUB";"1";;;;"51600.00";"10%";"5363.00";"Системная виртуальная скидка селлера Россия (RUB), Новогодний супербустинг";"0.8";"Санкт-Петербург и СЗО";"Дальний Восток";"150";"долго";"САНКТ-ПЕТЕРБУРГ_РФЦ";"Еврейская Автономная область";"Биробиджан";"ПВЗ";"Не премиум";"нет";"Банковская карта";
"46116397-0378";"46116397-0378-1";"2025-12-16 22:43:32";"2025-12-17 13:30:00";"Доставлен";"2025-12-19 09:54:36";"2025-12-17 07:21:38";"8103.00";"RUB";"Массажер для Йоги и релакса Corden Yoga Тренажер из натурального бука";"2920956821";"Corden_Yoga";"8103.00";"RUB";"3814.26";"RUB";"1";;;;"33557.00";"76%";"25454.00";"Системная виртуальная скидка селлера Россия (RUB), Новогодний супербустинг";"0.4";"Новосибирск";"Новосибирск";"28";"быстро";"НОВОСИБИРСК_РФЦ_НОВЫЙ";"Томская Область";"Томск";"ПВЗ";"Не премиум";"нет";"Банковская карта";
"68677017-0322";"68677017-0322-1";"2025-12-16 20:11:15";"2025-12-18 02:30:00";"Доставлен";"2025-12-22 07:16:46";"2025-12-18 04:25:24";"20181.00";"RUB";"Sacrus Vibro Массажер для поясницы электрический/физиотерапевтический";"1774766986";"Сакрус_Вибро";"20181.00";"RUB";"8436.00";"RUB";"1";;;;"39800.00";"49%";"19619.00";"Системная виртуальная скидка селлера Россия (RUB), Новогодний супербустинг";"0.4";"Екатеринбург";"Ярославль";"105";"долго";"ЕКАТЕРИНБУРГ_РФЦ_НОВЫЙ";"Ивановская Область";"Иваново";"ПВЗ";"Не премиум";"нет";"SberPay";
"0201386172-0006";"0201386172-0006-1";"2025-12-16 19:02:20";"2025-12-17 17:00:00";"Доставлен";"2025-12-18 16:34:50";"2025-12-17 17:00:41";"4485.00";"RUB";"Коллаген порошок с Кверцетином Cordus";"1774766972";"Коллаген";"4485.00";"RUB";"2507.14";"RUB";"1";;;;"7560.00";"41%";"3075.00";"Системная виртуальная скидка селлера Россия (RUB), Эластичный бустинг. Без ограничения срока действия";"0.5";"Краснодар";"Краснодар";"28";"быстро";"НОВОРОССИЙСК_МРФЦ";"Адыгея Республика";;"ПВЗ";"Не премиум";"нет";"Ozon Банк";
"04857020-0913";"04857020-0913-1";"2025-12-16 18:56:50";;"Доставлен";"2025-12-19 13:47:25";"2025-12-17 15:53:53";"45990.00";"RUB";"Комплект медицинских электронных массажеров для спины Cordus Vibro с кейсом";"1774766992";"Физио+ кейс";"45990.00";"RUB";"16949.00";"RUB";"1";;;;"48890.00";"6%";"2900.00";"Системная виртуальная скидка селлера Россия (RUB)";"0.8";"Ярославль";"Москва, МО и Дальние регионы";"60";"долго";"ЯРОСЛАВЛЬ_РФЦ";"Москва";"Москва";"ПВЗ";"Не премиум";"нет";"Ozon Банк";
"0139411182-0767";"0139411182-0767-1";"2025-12-16 17:55:33";"2025-12-17 00:30:00";"Доставлен";"2025-12-22 17:45:27";"2025-12-17 12:54:27";"15411.00";"RUB";"Комплект массажеров для спины Cordus Plus для лечения спины, шеи и поясницы, физиотерапевтический(без электроники)";"1774766982";"Комплект_изи";"15411.00";"RUB";"6269.00";"RUB";"1";;;;"22300.00";"31%";"6889.00";"Системная виртуальная скидка селлера Россия (RUB), Эластичный бустинг. Без ограничения срока действия";"1.2";"Уфа";"Москва, МО и Дальние регионы";"75";"долго";"УФА_РФЦ";"Московская Область";"Балашиха";"ПВЗ";"Премиум";"нет";"Ozon Банк";
"0177621332-0009";"0177621332-0009-1";"2025-12-16 15:23:28";;"Отменён";;"2025-12-17 01:03:46";"20181.00";"RUB";"Sacrus Vibro Массажер для поясницы электрический/физиотерапевтический";"1774766986";"Сакрус_Вибро";"20181.00";"RUB";"448.49";"BYN";"1";;;"Подлежит выкупу";"39799.50";"49%";"19618.50";"Системная виртуальная скидка селлера Россия (RUB), Новогодний супербустинг";"0.4";"Уфа";"Беларусь";"90";"долго";"УФА_РФЦ";;"Минск";"ПВЗ";"Не премиум";"нет";"Банковская карта";
"51741137-0287";"51741137-0287-3";"2025-12-16 15:22:30";"2025-12-17 06:00:00";"Доставлен";"2025-12-19 10:04:20";"2025-12-17 05:54:35";"9005.00";"RUB";"Массажер для Йоги и релакса Corden Yoga Тренажер из натурального бука";"2920956821";"Corden_Yoga";"9005.00";"RUB";"4063.81";"RUB";"1";;;;"34459.00";"74%";"25454.00";"Системная виртуальная скидка селлера Россия (RUB), Новогодний супербустинг";"0.4";"Невинномысск";"Ростов";"45";"средне";"НЕВИННОМЫССК_РФЦ";"Ростовская Область";"Донецк";"ПВЗ";"Не премиум";"нет";"Ozon Банк";
"26485956-0975";"26485956-0975-1";"2025-12-16 14:08:13";"2025-12-17 00:30:00";"Отменён";;"2025-12-16 20:50:01";"20181.00";"RUB";"Sacrus Vibro Массажер для поясницы электрический/физиотерапевтический";"1774766986";"Сакрус_Вибро";"20181.00";"RUB";"7739.00";"RUB";"1";;;;"39800.00";"49%";"19619.00";"Новогодний супербустинг, Системная виртуальная скидка селлера Россия (RUB)";"0.4";"Уфа";"Ростов";"75";"долго";"УФА_РФЦ";"Ростовская Область";"Волгодонск";"ПВЗ";"Премиум";"нет";"Озон Счет Рассрочка МКК";
"52138863-0080";"52138863-0080-3";"2025-12-16 14:05:35";"2025-12-17 02:00:00";"Доставлен";"2025-12-18 13:28:11";"2025-12-17 01:49:49";"14961.00";"RUB";"Комплект массажеров для спины Cordus Plus для лечения спины, шеи и поясницы, физиотерапевтический(без электроники)";"1774766982";"Комплект_изи";"14961.00";"RUB";"6205.00";"RUB";"1";;;;"21850.00";"32%";"6889.00";"Эластичный бустинг. Без ограничения срока действия, Системная виртуальная скидка селлера Россия (RUB)";"1.2";"Новосибирск";"Омск";"60";"долго";"НОВОСИБИРСК_РФЦ_НОВЫЙ";"Омская Область";"Омск";"ПВЗ";"Не премиум";"нет";"Банковская карта";
"23779860-0148";"23779860-0148-1";"2025-12-16 13:26:21";"2025-12-18 01:00:00";"Доставлен";"2025-12-18 16:41:19";"2025-12-17 13:43:10";"9435.00";"RUB";"Массажёр для спины шеи и поясницы Cordus Easy";"1793877007";"Кордус_изи";"9435.00";"RUB";"3992.65";"RUB";"1";;;;"10100.00";"7%";"665.00";"Системная виртуальная скидка селлера Россия (RUB)";"0.3";"Москва, МО и Дальние регионы";"Москва, МО и Дальние регионы";"28";"быстро";"ПУШКИНО_1_РФЦ";"Москва";"Москва";"ПВЗ";"Не премиум";"нет";"Ozon Банк";
"40944230-0571";"40944230-0571-1";"2025-12-16 11:49:26";;"Отменён";;"2025-12-17 04:03:53";"19731.00";"RUB";"Sacrus Vibro Массажер для поясницы электрический/физиотерапевтический";"1774766986";"Сакрус_Вибро";"19731.00";"RUB";"7216.00";"RUB";"1";;;;"39350.00";"50%";"19619.00";"Системная виртуальная скидка селлера Россия (RUB), Новогодний супербустинг";"0.4";"Уфа";"Москва, МО и Дальние регионы";"75";"долго";"УФА_РФЦ";"Московская Область";"Протвино";"ПВЗ";"Не премиум";"нет";"Ozon Банк";
"40944230-0570";"40944230-0570-1";"2025-12-16 11:46:46";"2025-12-17 00:30:00";"Отменён";;;"20181.00";"RUB";"Sacrus Vibro Массажер для поясницы электрический/физиотерапевтический";"1774766986";"Сакрус_Вибро";"20181.00";"RUB";"7666.00";"RUB";"1";;;;"39800.00";"49%";"19619.00";"Новогодний супербустинг, Системная виртуальная скидка селлера Россия (RUB)";"0.4";"Уфа";"Москва, МО и Дальние регионы";"75";"долго";"УФА_РФЦ";"Московская Область";"Протвино";"ПВЗ";"Не премиум";"нет";"Ozon Банк";
"96559819-0252";"96559819-0252-1";"2025-12-16 11:09:50";"2025-12-17 02:00:00";"Доставлен";"2025-12-17 16:57:22";"2025-12-16 22:21:16";"9885.00";"RUB";"Массажёр для спины шеи и поясницы Cordus Easy";"1793877007";"Кордус_изи";"9885.00";"RUB";"4404.94";"RUB";"1";;;;"10550.00";"6%";"665.00";"Системная виртуальная скидка селлера Россия (RUB)";"0.3";"Санкт-Петербург и СЗО";"Санкт-Петербург и СЗО";"28";"быстро";"СПБ_БУГРЫ_РФЦ";"Санкт-Петербург";"Санкт-Петербург";"ПВЗ";"Не премиум";"нет";"Ozon Банк";
"95258712-0323";"95258712-0323-1";"2025-12-16 10:57:02";"2025-12-17 09:00:00";"Доставлен";"2025-12-21 07:36:28";"2025-12-17 06:40:00";"20181.00";"RUB";"Sacrus Vibro Массажер для поясницы электрический/физиотерапевтический";"1774766986";"Сакрус_Вибро";"20181.00";"RUB";"7666.00";"RUB";"1";;;;"39800.00";"49%";"19619.00";"Системная виртуальная скидка селлера Россия (RUB), Новогодний супербустинг";"0.4";"Саратов";"Краснодар";"75";"долго";"ВОЛГОГРАД_МРФЦ";"Краснодарский Край";"Тимашевск";"ПВЗ";"Премиум";"нет";"Ozon Банк";
"0176413849-0077";"0176413849-0077-1";"2025-12-16 10:54:50";"2025-12-17 02:00:00";"Доставлен";"2025-12-19 08:11:34";"2025-12-17 02:12:07";"4485.00";"RUB";"Коллаген порошок с Кверцетином Cordus";"1774766972";"Коллаген";"4485.00";"RUB";"2475.24";"RUB";"1";;;;"7560.00";"41%";"3075.00";"Системная виртуальная скидка селлера Россия (RUB), Эластичный бустинг. Без ограничения срока действия";"0.5";"Краснодар";"Ростов";"45";"средне";"НОВОРОССИЙСК_МРФЦ";"Ростовская Область";"Таганрог";"ПВЗ";"Премиум";"нет";"Ozon Банк";
"95258712-0322";"95258712-0322-1";"2025-12-16 10:50:13";"2025-12-16 15:00:00";"Отменён";;;"45990.00";"RUB";"Комплект медицинских электронных массажеров для спины Cordus Vibro с кейсом";"1774766992";"Физио+ кейс";"45990.00";"RUB";"18278.00";"RUB";"1";;;;"48890.00";"6%";"2900.00";"Системная виртуальная скидка селлера Россия (RUB)";"0.8";"Невинномысск";"Краснодар";"45";"средне";"НЕВИННОМЫССК_РФЦ";"Краснодарский Край";"Тимашевск";"ПВЗ";"Премиум";"нет";"Ozon Банк";
"20465693-1689";"20465693-1689-1";"2025-12-16 10:29:18";"2025-12-17 01:00:00";"Доставлен";"2025-12-17 16:52:50";"2025-12-16 20:33:03";"9005.00";"RUB";"Массажер для Йоги и релакса Corden Yoga Тренажер из натурального бука";"2920956821";"Corden_Yoga";"9005.00";"RUB";"3785.76";"RUB";"1";;;;"34459.00";"74%";"25454.00";"Новогодний супербустинг, Системная виртуальная скидка селлера Россия (RUB)";"0.4";"Москва, МО и Дальние регионы";"Москва, МО и Дальние регионы";"28";"быстро";"ХОРУГВИНО_РФЦ";"Москва";"Москва";"Курьер";"Премиум";"нет";"Ozon Банк";
"05160550-0260";"05160550-0260-1";"2025-12-16 08:37:42";"2025-12-18 00:00:00";"Доставлен";"2025-12-21 12:34:08";"2025-12-18 06:31:14";"15411.00";"RUB";"Комплект массажеров для спины Cordus Plus для лечения спины, шеи и поясницы, физиотерапевтический(без электроники)";"1774766982";"Комплект_изи";"15411.00";"RUB";"6128.00";"RUB";"1";;;;"22300.00";"31%";"6889.00";"Системная виртуальная скидка селлера Россия (RUB), Эластичный бустинг. Без ограничения срока действия";"1.2";"Екатеринбург";"Екатеринбург";"28";"быстро";"ЕКАТЕРИНБУРГ_РФЦ_НОВЫЙ";"Свердловская Область";"Екатеринбург";"ПВЗ";"Премиум";"нет";"Ozon Банк";
"0126074622-0346";"0126074622-0346-1";"2025-12-16 08:23:56";"2025-12-18 18:00:00";"Доставлен";"2025-12-19 13:31:19";"2025-12-18 16:16:58";"15411.00";"RUB";"Комплект массажеров для спины Cordus Plus для лечения спины, шеи и поясницы, физиотерапевтический(без электроники)";"1774766982";"Комплект_изи";"15411.00";"RUB";"6149.00";"RUB";"1";;;;"22300.00";"31%";"6889.00";"Системная виртуальная скидка селлера Россия (RUB), Эластичный бустинг. Без ограничения срока действия";"1.2";"Ростов";"Ростов";"28";"быстро";"РОСТОВ_НА_ДОНУ_2_РФЦ";"Ростовская Область";;"ПВЗ";"Не премиум";"нет";"Ozon Банк";
"56629688-0331";"56629688-0331-1";"2025-12-16 08:10:54";"2025-12-17 12:30:00";"Доставлен";"2025-12-24 10:49:43";"2025-12-17 14:09:57";"19097.00";"RUB";"Cordus Plus - комплект массажеров для спины шеи и поясницы + Кейс";"1774767026";"Комплект_изи_кейс";"19097.00";"RUB";"7163.00";"RUB";"1";;;;"23400.00";"18%";"4303.00";"Системная виртуальная скидка селлера Россия (RUB), Эластичный бустинг. Без ограничения срока действия";"0.7";"Ростов";"Ростов";"28";"быстро";"РОСТОВ_НА_ДОНУ_2_РФЦ";"Крым Республика";"Евпатория";"ПВЗ";"Не премиум";"нет";"Ozon Банк";
"97373126-0160";"97373126-0160-1";"2025-12-16 07:41:13";"2025-12-16 23:00:00";"Доставлен";"2025-12-20 12:13:43";"2025-12-17 16:22:36";"15411.00";"RUB";"Комплект массажеров для спины Cordus Plus для лечения спины, шеи и поясницы, физиотерапевтический(без электроники)";"1774766982";"Комплект_изи";"15411.00";"RUB";"5732.00";"RUB";"1";;;;"22306.00";"31%";"6895.00";"Системная виртуальная скидка селлера Россия (RUB), Эластичный бустинг. Без ограничения срока действия, Автоакция. Рассрочка 0-0-6 #1739185464";"1.2";"Москва, МО и Дальние регионы";"Воронеж";"60";"долго";"ПЕТРОВСКОЕ_РФЦ";"Белгородская Область";"Строитель";"ПВЗ";"Не премиум";"нет";"Озон Счет Рассрочка МКК";
"0123315546-0027";"0123315546-0027-3";"2025-12-16 07:33:38";"2025-12-18 00:00:00";"Доставлен";"2025-12-19 15:32:35";"2025-12-18 06:31:14";"15411.00";"RUB";"Комплект массажеров для спины Cordus Plus для лечения спины, шеи и поясницы, физиотерапевтический(без электроники)";"1774766982";"Комплект_изи";"15411.00";"RUB";"6827.00";"RUB";"1";;;;"22300.00";"31%";"6889.00";"Системная виртуальная скидка селлера Россия (RUB), Эластичный бустинг. Без ограничения срока действия";"1.2";"Екатеринбург";"Екатеринбург";"28";"быстро";"ЕКАТЕРИНБУРГ_РФЦ_НОВЫЙ";"Свердловская Область";"Екатеринбург";"ПВЗ";"Не премиум";"нет";"SberPay";
"0163296407-0003";"0163296407-0003-1";"2025-12-16 06:08:17";"2025-12-16 15:00:00";"Доставлен";"2025-12-28 03:36:13";"2025-12-16 12:52:27";"20181.00";"RUB";"Sacrus Vibro Массажер для поясницы электрический/физиотерапевтический";"1774766986";"Сакрус_Вибро";"20181.00";"RUB";"7863.00";"RUB";"1";;;;"39800.00";"49%";"19619.00";"Новогодний супербустинг, Системная виртуальная скидка селлера Россия (RUB)";"0.4";"Тюмень";"Красноярск";"75";"долго";"ТЮМЕНЬ_РФЦ";"Забайкальский Край";;"ПВЗ";"Не премиум";"нет";"SberPay";
"77407400-0487";"77407400-0487-1";"2025-12-16 04:48:16";"2025-12-16 20:00:00";"Отменён";;"2025-12-16 14:13:55";"19097.00";"RUB";"Cordus Plus - комплект массажеров для спины шеи и поясницы + Кейс";"1774767026";"Комплект_изи_кейс";"19097.00";"RUB";"7679.00";"RUB";"1";;;;"23400.00";"18%";"4303.00";"Системная виртуальная скидка селлера Россия (RUB), Эластичный бустинг. Без ограничения срока действия";"0.7";"Екатеринбург";"Екатеринбург";"28";"быстро";"ЕКАТЕРИНБУРГ_РФЦ_НОВЫЙ";"Свердловская Область";;"ПВЗ";"Не премиум";"нет";"Ozon Банк";
"41550035-0048";"41550035-0048-1";"2025-12-16 04:45:28";"2025-12-16 18:30:00";"Отменён";;"2025-12-16 15:16:01";"20181.00";"RUB";"Sacrus Vibro Массажер для поясницы электрический/физиотерапевтический";"1774766986";"Сакрус_Вибро";"20181.00";"RUB";"10169.00";"RUB";"1";;;;"39800.00";"49%";"19619.00";"Системная виртуальная скидка селлера Россия (RUB), Новогодний супербустинг";"0.4";"Казань";"Москва, МО и Дальние регионы";"60";"долго";"КАЗАНЬ_РФЦ_НОВЫЙ";"Московская Область";;"ПВЗ";"Не премиум";"нет";"Банковская карта";
"69053657-0822";"69053657-0822-2";"2025-12-15 19:29:56";"2025-12-16 07:00:00";"Доставлен";"2025-12-21 12:37:26";"2025-12-16 07:55:07";"20181.00";"RUB";"Sacrus Vibro Массажер для поясницы электрический/физиотерапевтический";"1774766986";"Сакрус_Вибро";"20181.00";"RUB";"8858.00";"RUB";"1";;;;"39800.00";"49%";"19619.00";"Системная виртуальная скидка селлера Россия (RUB), Новогодний супербустинг";"0.4";"Саратов";"Москва, МО и Дальние регионы";"75";"долго";"САРАТОВ_РФЦ";"Москва";"Москва";"ПВЗ";"Не премиум";"нет";"Ozon Банк";
"0121124338-0136";"0121124338-0136-4";"2025-12-15 18:50:45";"2025-12-16 14:30:00";"Доставлен";"2025-12-19 14:55:12";"2025-12-16 10:23:35";"19097.00";"RUB";"Cordus Plus - комплект массажеров для спины шеи и поясницы + Кейс";"1774767026";"Комплект_изи_кейс";"19097.00";"RUB";"7679.00";"RUB";"1";;;;"23400.00";"18%";"4303.00";"Системная виртуальная скидка селлера Россия (RUB), Эластичный бустинг. Без ограничения срока действия";"0.7";"Воронеж";"Москва, МО и Дальние регионы";"60";"долго";"ВОРОНЕЖ_2_РФЦ";"Московская Область";"Коломна";"ПВЗ";"Не премиум";"нет";"Ozon Банк";
"0124085560-0510";"0124085560-0510-1";"2025-12-15 18:22:53";"2025-12-16 00:30:00";"Доставлен";"2025-12-21 09:35:14";"2025-12-16 01:47:29";"15411.00";"RUB";"Комплект массажеров для спины Cordus Plus для лечения спины, шеи и поясницы, физиотерапевтический(без электроники)";"1774766982";"Комплект_изи";"15411.00";"RUB";"5732.00";"RUB";"1";;;;"22300.00";"31%";"6889.00";"Эластичный бустинг. Без ограничения срока действия, Системная виртуальная скидка селлера Россия (RUB)";"1.2";"Уфа";"Санкт-Петербург и СЗО";"75";"долго";"УФА_РФЦ";"Ленинградская Область";;"ПВЗ";"Не премиум";"нет";"Ozon Банк";
"0117313564-0100";"0117313564-0100-1";"2025-12-15 18:04:58";"2025-12-16 22:00:00";"Доставлен";"2025-12-21 14:38:31";"2025-12-16 22:34:31";"32000.00";"RUB";"Массажер Cordus Gun, перкуссионный, для тела, шеи, лица, беспроводной, 6 режимов, 4 насадки";"1828646386";"перкуссионный";"32000.00";"RUB";"12645.00";"RUB";"1";;;;"39640.00";"19%";"7640.00";"Системная виртуальная скидка селлера Россия (RUB)";"0.7";"Ростов";"Воронеж";"45";"средне";"РОСТОВ-НА-ДОНУ_РФЦ";"Курская Область";"Курчатов";"ПВЗ";"Не премиум";"нет";"SberPay";
"0215504207-0014";"0215504207-0014-1";"2025-12-15 17:38:16";"2025-12-15 23:00:00";"Отменён";;"2025-12-15 21:54:50";"20181.00";"RUB";"Sacrus Vibro Массажер для поясницы электрический/физиотерапевтический";"1774766986";"Сакрус_Вибро";"20181.00";"RUB";"8367.00";"RUB";"1";;;;"39800.00";"49%";"19619.00";"Системная виртуальная скидка селлера Россия (RUB), Новогодний супербустинг";"0.4";"Пермь";"Пермь";"28";"быстро";"ПЕРМЬ_РФЦ";"Пермский Край";"Оханск";"ПВЗ";"Не премиум";"нет";"SberPay";
"63883589-0028";"63883589-0028-10";"2025-12-15 16:44:34";"2025-12-16 00:30:00";"Доставлен";"2025-12-19 11:25:25";"2025-12-16 00:59:20";"15411.00";"RUB";"Комплект массажеров для спины Cordus Plus для лечения спины, шеи и поясницы, физиотерапевтический(без электроники)";"1774766982";"Комплект_изи";"15411.00";"RUB";"5842.61";"RUB";"1";;;;"22300.00";"31%";"6889.00";"Системная виртуальная скидка селлера Россия (RUB), Эластичный бустинг. Без ограничения срока действия";"1.2";"Уфа";"Москва, МО и Дальние регионы";"75";"долго";"УФА_РФЦ";"Москва";"Москва";"Курьер";"Не премиум";"нет";"Ozon Банк";
"72306106-0708";"72306106-0708-1";"2025-12-15 16:15:57";"2025-12-16 00:00:00";"Доставлен";"2025-12-18 14:51:29";"2025-12-15 23:53:13";"8556.00";"RUB";"Массажер для Йоги и релакса Corden Yoga Тренажер из натурального бука";"2920956821";"Corden_Yoga";"8556.00";"RUB";"3516.59";"RUB";"1";;;;"34010.00";"75%";"25454.00";"Системная виртуальная скидка селлера Россия (RUB), Новогодний супербустинг";"0.4";"Москва, МО и Дальние регионы";"Москва, МО и Дальние регионы";"28";"быстро";"ХОРУГВИНО_РФЦ";"Москва";"Москва";"ПВЗ";"Не премиум";"нет";"Ozon Банк";
"70765436-0470";"70765436-0470-1";"2025-12-15 15:51:20";"2025-12-16 13:30:00";"Доставлен";"2025-12-23 12:03:52";"2025-12-16 12:14:52";"15411.00";"RUB";"Комплект массажеров для спины Cordus Plus для лечения спины, шеи и поясницы, физиотерапевтический(без электроники)";"1774766982";"Комплект_изи";"15411.00";"RUB";"5732.00";"RUB";"1";;;;"22300.00";"31%";"6889.00";"Системная виртуальная скидка селлера Россия (RUB), Эластичный бустинг. Без ограничения срока действия";"1.2";"Новосибирск";"Красноярск";"45";"средне";"НОВОСИБИРСК_РФЦ_НОВЫЙ";"Бурятия Республика";"Улан-Удэ";"ПВЗ";"Премиум";"нет";"Ozon Банк";
"34124531-0711";"34124531-0711-2";"2025-12-15 15:05:00";"2025-12-16 06:00:00";"Отменён";;"2025-12-16 10:59:11";"20181.00";"RUB";"Sacrus Vibro Массажер для поясницы электрический/физиотерапевтический";"1774766986";"Сакрус_Вибро";"20181.00";"RUB";"7434.00";"RUB";"1";;;;"39800.00";"49%";"19619.00";"Системная виртуальная скидка селлера Россия (RUB), Новогодний супербустинг";"0.4";"Уфа";"Уфа";"28";"быстро";"УФА_РФЦ";"Удмуртская Республика";"Ижевск";"ПВЗ";"Не премиум";"нет";"Ozon Банк";
"15532517-0121";"15532517-0121-1";"2025-12-15 14:02:29";"2025-12-16 01:00:00";"Доставлен";"2025-12-17 08:51:25";"2025-12-15 23:44:06";"9005.00";"RUB";"Массажер для Йоги и релакса Corden Yoga Тренажер из натурального бука";"2920956821";"Corden_Yoga";"9005.00";"RUB";"4024.74";"RUB";"1";;;;"34459.00";"74%";"25454.00";"Системная виртуальная скидка селлера Россия (RUB), Новогодний супербустинг";"0.4";"Москва, МО и Дальние регионы";"Москва, МО и Дальние регионы";"28";"быстро";"ПЕТРОВСКОЕ_РФЦ";"Московская Область";"Пушкино";"ПВЗ";"Не премиум";"нет";"Ozon Банк";
"77677459-0285";"77677459-0285-2";"2025-12-15 13:00:45";"2025-12-16 00:30:00";"Отменён";;"2025-12-15 23:31:53";"15411.00";"RUB";"Комплект массажеров для спины Cordus Plus для лечения спины, шеи и поясницы, физиотерапевтический(без электроники)";"1774766982";"Комплект_изи";"15411.00";"RUB";"5732.00";"RUB";"1";;;;"22300.00";"31%";"6889.00";"Системная виртуальная скидка селлера Россия (RUB), Эластичный бустинг. Без ограничения срока действия";"1.2";"Уфа";"Москва, МО и Дальние регионы";"75";"долго";"УФА_РФЦ";"Москва";"Москва";"ПВЗ";"Не премиум";"нет";"Ozon Банк";
"15010132-0296";"15010132-0296-1";"2025-12-15 12:57:34";"2025-12-16 11:00:00";"Доставлен";"2025-12-19 17:16:12";"2025-12-15 16:25:01";"4485.00";"RUB";"Коллаген порошок с Кверцетином Cordus";"1774766972";"Коллаген";"4485.00";"RUB";"2475.24";"RUB";"1";;;;"7560.00";"41%";"3075.00";"Системная виртуальная скидка селлера Россия (RUB), Эластичный бустинг. Без ограничения срока действия";"0.5";"Воронеж";"Москва, МО и Дальние регионы";"60";"долго";"ВОРОНЕЖ_МРФЦ";"Московская Область";"Мытищи";"ПВЗ";"Не премиум";"нет";"Ozon Банк";
"61653380-0308";"61653380-0308-1";"2025-12-15 12:05:37";"2025-12-15 18:30:00";"Доставлен";"2025-12-16 17:33:00";"2025-12-15 19:12:14";"4485.00";"RUB";"Коллаген порошок с Кверцетином Cordus";"1774766972";"Коллаген";"4485.00";"RUB";"2283.81";"RUB";"1";;;;"7560.00";"41%";"3075.00";"Системная виртуальная скидка селлера Россия (RUB), Эластичный бустинг. Без ограничения срока действия";"0.5";"Невинномысск";"Невинномысск";"28";"быстро";"НЕВИННОМЫССК_РФЦ";"Ставропольский Край";"Ессентуки";"ПВЗ";"Премиум";"нет";"Ozon Банк";
"44840823-0439";"44840823-0439-1";"2025-12-15 11:53:01";"2025-12-16 00:30:00";"Доставлен";"2025-12-19 10:08:07";"2025-12-15 20:44:20";"15411.00";"RUB";"Комплект массажеров для спины Cordus Plus для лечения спины, шеи и поясницы, физиотерапевтический(без электроники)";"1774766982";"Комплект_изи";"15411.00";"RUB";"5732.00";"RUB";"1";;;;"22300.00";"31%";"6889.00";"Эластичный бустинг. Без ограничения срока действия, Системная виртуальная скидка селлера Россия (RUB)";"1.2";"Уфа";"Санкт-Петербург и СЗО";"75";"долго";"УФА_РФЦ";"Санкт-Петербург";"Санкт-Петербург";"ПВЗ";"Премиум";"нет";"Ozon Банк";
"17124957-0191";"17124957-0191-1";"2025-12-15 11:36:42";"2025-12-15 18:00:00";"Доставлен";"2025-12-18 14:51:26";"2025-12-15 19:12:33";"45540.00";"RUB";"Комплект медицинских электронных массажеров для спины Cordus Vibro с кейсом";"1774766992";"Физио+ кейс";"45540.00";"RUB";"16774.00";"RUB";"1";;;;"48446.00";"6%";"2906.00";"Системная виртуальная скидка селлера Россия (RUB), Автоакция. Рассрочка 0-0-6 #1739185464";"0.8";"Ростов";"Санкт-Петербург и СЗО";"75";"долго";"РОСТОВ-НА-ДОНУ_РФЦ";"Санкт-Петербург";"Санкт-Петербург";"ПВЗ";"Не премиум";"нет";"Озон Счет Рассрочка МКК";
"0117158979-0167";"0117158979-0167-1";"2025-12-15 10:09:10";"2025-12-15 18:00:00";"Доставлен";"2025-12-18 12:51:19";"2025-12-15 19:21:46";"15411.00";"RUB";"Комплект массажеров для спины Cordus Plus для лечения спины, шеи и поясницы, физиотерапевтический(без электроники)";"1774766982";"Комплект_изи";"15411.00";"RUB";"5861.06";"RUB";"1";;;;"22300.00";"31%";"6889.00";"Системная виртуальная скидка селлера Россия (RUB), Эластичный бустинг. Без ограничения срока действия";"1.2";"Ростов";"Санкт-Петербург и СЗО";"75";"долго";"РОСТОВ-НА-ДОНУ_РФЦ";"Санкт-Петербург";"Санкт-Петербург";"Курьер";"Не премиум";"нет";"Ozon Банк";
"46692358-0368";"46692358-0368-2";"2025-12-15 07:58:29";"2025-12-15 12:30:00";"Доставлен";"2025-12-20 13:11:27";"2025-12-15 14:34:37";"15411.00";"RUB";"Комплект массажеров для спины Cordus Plus для лечения спины, шеи и поясницы, физиотерапевтический(без электроники)";"1774766982";"Комплект_изи";"15411.00";"RUB";"6156.00";"RUB";"1";;;;"22306.00";"31%";"6895.00";"Автоакция. Рассрочка 0-0-6 #1739185464, Системная виртуальная скидка селлера Россия (RUB), Эластичный бустинг. Без ограничения срока действия";"1.2";"Ростов";"Москва, МО и Дальние регионы";"75";"долго";"РОСТОВ_НА_ДОНУ_2_РФЦ";"Москва";"Москва";"ПВЗ";"Премиум";"нет";"Озон Счет Рассрочка МКК";
"46692358-0367";"46692358-0367-1";"2025-12-15 07:56:12";"2025-12-15 12:30:00";"Отменён";;;"15411.00";"RUB";"Комплект массажеров для спины Cordus Plus для лечения спины, шеи и поясницы, физиотерапевтический(без электроники)";"1774766982";"Комплект_изи";"15411.00";"RUB";"6156.00";"RUB";"1";;;;"22306.00";"31%";"6895.00";"Системная виртуальная скидка селлера Россия (RUB), Эластичный бустинг. Без ограничения срока действия, Автоакция. Рассрочка 0-0-6 #1739185464";"1.2";"Ростов";"Москва, МО и Дальние регионы";"75";"долго";"РОСТОВ_НА_ДОНУ_2_РФЦ";"Москва";"Москва";"ПВЗ";"Премиум";"нет";"Озон Счет Рассрочка МКК";
"32290802-0378";"32290802-0378-1";"2025-12-15 06:58:57";"2025-12-15 14:30:00";"Доставлен";"2025-12-22 08:22:43";"2025-12-15 10:59:15";"4035.00";"RUB";"Коллаген порошок с Кверцетином Cordus";"1774766972";"Коллаген";"4035.00";"RUB";"2343.33";"RUB";"1";;;;"7110.00";"43%";"3075.00";"Системная виртуальная скидка селлера Россия (RUB), Эластичный бустинг. Без ограничения срока действия";"0.5";"Воронеж";"Тверь";"60";"долго";"ВОРОНЕЖ_2_РФЦ";"Тверская Область";"Тверь";"ПВЗ";"Не премиум";"нет";"Банковская карта";
"0142936473-0176";"0142936473-0176-1";"2025-12-15 05:56:49";"2025-12-16 01:00:00";"Доставлен";"2025-12-17 15:37:07";"2025-12-15 20:32:54";"9885.00";"RUB";"Массажёр для спины шеи и поясницы Cordus Easy";"1793877007";"Кордус_изи";"9885.00";"RUB";"4740.00";"RUB";"1";;;;"10550.00";"6%";"665.00";"Системная виртуальная скидка селлера Россия (RUB)";"0.3";"Москва, МО и Дальние регионы";"Москва, МО и Дальние регионы";"28";"быстро";"ХОРУГВИНО_РФЦ";"Московская Область";"Дмитров";"ПВЗ";"Не премиум";"нет";"Ozon Банк";
"77677459-0284";"77677459-0284-1";"2025-12-15 05:30:03";"2025-12-15 12:30:00";"Отменён";;;"15411.00";"RUB";"Комплект массажеров для спины Cordus Plus для лечения спины, шеи и поясницы, физиотерапевтический(без электроники)";"1774766982";"Комплект_изи";"15411.00";"RUB";"6156.00";"RUB";"1";;;;"22300.00";"31%";"6889.00";"Системная виртуальная скидка селлера Россия (RUB), Эластичный бустинг. Без ограничения срока действия";"1.2";"Ростов";"Москва, МО и Дальние регионы";"75";"долго";"РОСТОВ_НА_ДОНУ_2_РФЦ";"Москва";"Москва";"ПВЗ";"Не премиум";"нет";"Ozon Банк";
"0192494064-0004";"0192494064-0004-1";"2025-12-15 04:36:40";"2025-12-16 05:00:00";"Отменён";;"2025-12-15 22:18:11";"15411.00";"RUB";"Комплект массажеров для спины Cordus Plus для лечения спины, шеи и поясницы, физиотерапевтический(без электроники)";"1774766982";"Комплект_изи";"15411.00";"RUB";"6156.00";"RUB";"1";;;;"22300.00";"31%";"6889.00";"Системная виртуальная скидка селлера Россия (RUB), Эластичный бустинг. Без ограничения срока действия";"1.2";"Новосибирск";"Красноярск";"45";"средне";"НОВОСИБИРСК_РФЦ_НОВЫЙ";"Иркутская Область";"Ангарск";"ПВЗ";"Не премиум";"нет";"Ozon Банк";
"37878632-0088";"37878632-0088-1";"2025-12-15 04:15:46";"2025-12-16 06:00:00";"Доставлен";"2025-12-18 14:08:53";"2025-12-16 03:01:41";"9005.00";"RUB";"Массажер для Йоги и релакса Corden Yoga Тренажер из натурального бука";"2920956821";"Corden_Yoga";"9005.00";"RUB";"191.27";"BYN";"1";;;"Подлежит выкупу";"34459.09";"74%";"25454.09";"Новогодний супербустинг, Системная виртуальная скидка селлера Россия (RUB)";"0.4";"Беларусь";"Беларусь";"28";"быстро";"МИНСК_МПСЦ";;"Минск";"ПВЗ";"Не премиум";"нет";"Банковская карта";
"64315827-0103";"64315827-0103-2";"2025-12-14 21:23:14";"2025-12-15 11:00:00";"Доставлен";"2026-01-06 08:43:54";"2025-12-15 08:46:14";"4485.00";"RUB";"Коллаген порошок с Кверцетином Cordus";"1774766972";"Коллаген";"4485.00";"RUB";"2505.71";"RUB";"1";;;;"7560.00";"41%";"3075.00";"Системная виртуальная скидка селлера Россия (RUB), Эластичный бустинг. Без ограничения срока действия";"0.5";"Воронеж";"Москва, МО и Дальние регионы";"60";"долго";"ВОРОНЕЖ_МРФЦ";"Сахалинская Область";;"ПВЗ";"Не премиум";"нет";"Ozon Банк";
"86353741-0493";"86353741-0493-1";"2025-12-14 21:20:08";"2025-12-15 22:00:00";"Доставлен";"2025-12-18 13:57:49";"2025-12-15 07:38:19";"19097.00";"RUB";"Cordus Plus - комплект массажеров для спины шеи и поясницы + Кейс";"1774767026";"Комплект_изи_кейс";"19097.00";"RUB";"8204.00";"RUB";"1";;;;"23400.00";"18%";"4303.00";"Системная виртуальная скидка селлера Россия (RUB), Эластичный бустинг. Без ограничения срока действия";"0.7";"Новосибирск";"Новосибирск";"28";"быстро";"НОВОСИБИРСК_РФЦ_НОВЫЙ";"Новосибирская Область";;"ПВЗ";"Не премиум";"нет";"Ozon Банк";
"01973479-0272";"01973479-0272-1";"2025-12-14 21:02:04";"2025-12-15 11:00:00";"Доставлен";"2025-12-17 13:16:15";"2025-12-15 09:54:04";"20181.00";"RUB";"Sacrus Vibro Массажер для поясницы электрический/физиотерапевтический";"1774766986";"Сакрус_Вибро";"20181.00";"RUB";"7605.00";"RUB";"1";;;;"39800.00";"49%";"19619.00";"Новогодний супербустинг, Системная виртуальная скидка селлера Россия (RUB)";"0.4";"Воронеж";"Санкт-Петербург и СЗО";"60";"долго";"ВОРОНЕЖ_МРФЦ";"Санкт-Петербург";"Санкт-Петербург";"ПВЗ";"Не премиум";"нет";"Ozon Банк";
"30075912-0173";"30075912-0173-1";"2025-12-14 20:25:12";"2025-12-16 01:00:00";"Доставлен";"2025-12-22 15:42:43";"2025-12-15 12:53:26";"9005.00";"RUB";"Массажер для Йоги и релакса Corden Yoga Тренажер из натурального бука";"2920956821";"Corden_Yoga";"9005.00";"RUB";"4181.04";"RUB";"1";;;;"34459.00";"74%";"25454.00";"Системная виртуальная скидка селлера Россия (RUB), Новогодний супербустинг";"0.4";"Москва, МО и Дальние регионы";"Москва, МО и Дальние регионы";"28";"быстро";"ХОРУГВИНО_РФЦ";"Москва";"Москва";"ПВЗ";"Не премиум";"нет";"Банковская карта";
"32040470-0031";"32040470-0031-1";"2025-12-14 20:07:26";"2025-12-15 18:00:00";"Доставлен";"2025-12-20 10:34:35";"2025-12-16 09:50:45";"14961.00";"RUB";"Комплект массажеров для спины Cordus Plus для лечения спины, шеи и поясницы, физиотерапевтический(без электроники)";"1774766982";"Комплект_изи";"14961.00";"RUB";"5706.00";"RUB";"1";;;;"21850.00";"32%";"6889.00";"Системная виртуальная скидка селлера Россия (RUB), Эластичный бустинг. Без ограничения срока действия";"1.2";"Ростов";"Санкт-Петербург и СЗО";"75";"долго";"РОСТОВ-НА-ДОНУ_РФЦ";"Санкт-Петербург";"Санкт-Петербург";"ПВЗ";"Не премиум";"нет";"Ozon Банк";
"64332641-0377";"64332641-0377-1";"2025-12-14 19:14:21";"2025-12-15 02:00:00";"Доставлен";"2025-12-15 16:41:02";"2025-12-14 22:26:20";"19097.00";"RUB";"Cordus Plus - комплект массажеров для спины шеи и поясницы + Кейс";"1774767026";"Комплект_изи_кейс";"19097.00";"RUB";"7688.00";"RUB";"1";;;;"23400.00";"18%";"4303.00";"Системная виртуальная скидка селлера Россия (RUB), Эластичный бустинг. Без ограничения срока действия";"0.7";"Санкт-Петербург и СЗО";"Санкт-Петербург и СЗО";"28";"быстро";"САНКТ-ПЕТЕРБУРГ_РФЦ";"Санкт-Петербург";"Санкт-Петербург";"ПВЗ";"Не премиум";"нет";"Кредитная карта";
"0144803752-0145";"0144803752-0145-1";"2025-12-14 18:38:16";"2025-12-15 01:00:00";"Доставлен";"2025-12-28 16:52:05";"2025-12-15 02:08:59";"19097.00";"RUB";"Cordus Plus - комплект массажеров для спины шеи и поясницы + Кейс";"1774767026";"Комплект_изи_кейс";"19097.00";"RUB";"9131.00";"RUB";"1";;;;"23400.00";"18%";"4303.00";"Системная виртуальная скидка селлера Россия (RUB), Эластичный бустинг. Без ограничения срока действия";"0.7";"Саратов";"Саратов";"28";"быстро";"ВОЛГОГРАД_МРФЦ";"Саратовская Область";"Новоузенск";"ПВЗ";"Не премиум";"нет";"Банковская карта";
"23566161-0410";"23566161-0410-1";"2025-12-14 18:35:40";"2025-12-15 02:00:00";"Доставлен";"2025-12-20 15:35:27";"2025-12-15 01:47:20";"19411.00";"RUB";"Sacrus Vibro Массажер для поясницы электрический/физиотерапевтический";"1774766986";"Сакрус_Вибро";"19411.00";"RUB";"6835.00";"RUB";"1";;;;"39030.00";"50%";"19619.00";"Системная виртуальная скидка селлера Россия (RUB), Новогодний супербустинг";"0.4";"Воронеж";"Воронеж";"28";"быстро";"ВОРОНЕЖ_МРФЦ";"Воронежская Область";"Воронеж";"ПВЗ";"Не премиум";"нет";"Ozon Банк";
"0115958798-0118";"0115958798-0118-1";"2025-12-14 18:31:10";"2025-12-15 08:30:00";"Доставлен";"2025-12-17 12:09:51";"2025-12-15 11:39:13";"15411.00";"RUB";"Комплект массажеров для спины Cordus Plus для лечения спины, шеи и поясницы, физиотерапевтический(без электроники)";"1774766982";"Комплект_изи";"15411.00";"RUB";"6156.00";"RUB";"1";;;;"22300.00";"31%";"6889.00";"Системная виртуальная скидка селлера Россия (RUB), Эластичный бустинг. Без ограничения срока действия";"1.2";"Ростов";"Москва, МО и Дальние регионы";"75";"долго";"РОСТОВ-НА-ДОНУ_РФЦ";"Москва";"Москва";"ПВЗ";"Премиум";"нет";"Ozon Банк";
"84531650-0526";"84531650-0526-9";"2025-12-14 17:25:40";"2025-12-15 11:00:00";"Доставлен";"2025-12-17 13:19:17";"2025-12-14 22:09:23";"9885.00";"RUB";"Массажёр для спины шеи и поясницы Cordus Easy";"1793877007";"Кордус_изи";"9885.00";"RUB";"4499.05";"RUB";"1";;;;"10550.00";"6%";"665.00";"Системная виртуальная скидка селлера Россия (RUB)";"0.3";"Санкт-Петербург и СЗО";"Санкт-Петербург и СЗО";"28";"быстро";"СПБ_БУГРЫ_РФЦ";"Мурманская Область";"Кировск";"ПВЗ";"Премиум";"нет";"Ozon Банк";
"34517441-0198";"34517441-0198-1";"2025-12-14 17:12:40";"2025-12-15 19:00:00";"Доставлен";"2025-12-16 17:24:18";"2025-12-15 20:48:01";"7190.00";"RUB";"Первый веганский хондропротектор/CHONDROPROTECTOR CORDUS";"1793876871";"хондропротектор";"7190.00";"RUB";"3894.89";"RUB";"1";;;;"7590.00";"5%";"400.00";"Системная виртуальная скидка селлера Россия (RUB)";"0.5";"Тверь";"Москва, МО и Дальние регионы";"60";"долго";"ТВЕРЬ_РФЦ";"Московская Область";"Мытищи";"ПВЗ";"Не премиум";"нет";"Ozon Банк";
"13191458-0281";"13191458-0281-1";"2025-12-14 16:55:50";"2025-12-15 14:30:00";"Доставлен";"2025-12-18 12:58:31";"2025-12-15 10:59:37";"18647.00";"RUB";"Cordus Plus - комплект массажеров для спины шеи и поясницы + Кейс";"1774767026";"Комплект_изи_кейс";"18647.00";"RUB";"7238.00";"RUB";"1";;;;"22950.00";"19%";"4303.00";"Системная виртуальная скидка селлера Россия (RUB), Эластичный бустинг. Без ограничения срока действия";"0.7";"Воронеж";"Москва, МО и Дальние регионы";"60";"долго";"ВОРОНЕЖ_2_РФЦ";"Москва";"Москва";"ПВЗ";"Не премиум";"нет";"Ozon Банк";
"0123115010-0131";"0123115010-0131-1";"2025-12-14 16:26:21";"2025-12-15 08:30:00";"Доставлен";"2025-12-19 14:21:20";"2025-12-15 08:31:24";"15411.00";"RUB";"Комплект массажеров для спины Cordus Plus для лечения спины, шеи и поясницы, физиотерапевтический(без электроники)";"1774766982";"Комплект_изи";"15411.00";"RUB";"318.74";"BYN";"1";;;"Подлежит выкупу";"22299.55";"31%";"6888.55";"Системная виртуальная скидка селлера Россия (RUB), Эластичный бустинг. Без ограничения срока действия";"1.2";"Ростов";"Беларусь";"90";"долго";"РОСТОВ-НА-ДОНУ_РФЦ";;"Витебск";"ПВЗ";"Не премиум";"нет";"Банковская карта";
"0132807930-0706";"0132807930-0706-1";"2025-12-14 15:19:13";"2025-12-15 06:00:00";"Доставлен";"2025-12-16 14:40:30";"2025-12-15 01:11:14";"8555.00";"RUB";"Массажер для Йоги и релакса Corden Yoga Тренажер из натурального бука";"2920956821";"Corden_Yoga";"8555.00";"RUB";"3635.31";"RUB";"1";;;;"34009.00";"75%";"25454.00";"Системная виртуальная скидка селлера Россия (RUB), Новогодний супербустинг";"0.4";"Невинномысск";"Ростов";"45";"средне";"НЕВИННОМЫССК_РФЦ";"Ростовская Область";"Ростов-на-Дону";"ПВЗ";"Не премиум";"нет";"Ozon Банк";
"64332641-0375";"64332641-0375-1";"2025-12-14 14:39:05";"2025-12-15 02:00:00";"Доставлен";"2025-12-15 16:41:02";"2025-12-14 18:27:52";"19097.00";"RUB";"Cordus Plus - комплект массажеров для спины шеи и поясницы + Кейс";"1774767026";"Комплект_изи_кейс";"19097.00";"RUB";"7688.00";"RUB";"1";;;;"23400.00";"18%";"4303.00";"Системная виртуальная скидка селлера Россия (RUB), Эластичный бустинг. Без ограничения срока действия";"0.7";"Санкт-Петербург и СЗО";"Санкт-Петербург и СЗО";"28";"быстро";"САНКТ-ПЕТЕРБУРГ_РФЦ";"Санкт-Петербург";"Санкт-Петербург";"ПВЗ";"Не премиум";"нет";"Кредитная карта";
"42392984-0103";"42392984-0103-1";"2025-12-14 14:37:33";"2025-12-15 08:30:00";"Доставлен";"2025-12-17 16:07:43";"2025-12-15 08:31:24";"14961.00";"RUB";"Комплект массажеров для спины Cordus Plus для лечения спины, шеи и поясницы, физиотерапевтический(без электроники)";"1774766982";"Комплект_изи";"14961.00";"RUB";"5706.00";"RUB";"1";;;;"21850.00";"32%";"6889.00";"Эластичный бустинг. Без ограничения срока действия, Системная виртуальная скидка селлера Россия (RUB)";"1.2";"Ростов";"Москва, МО и Дальние регионы";"75";"долго";"РОСТОВ-НА-ДОНУ_РФЦ";"Москва";"Москва";"ПВЗ";"Премиум";"нет";"Кредитная карта";
"86757722-0378";"86757722-0378-1";"2025-12-14 13:22:12";"2025-12-14 23:00:00";"Доставлен";"2025-12-17 09:27:57";"2025-12-14 23:20:59";"8554.00";"RUB";"Массажер для Йоги и релакса Corden Yoga Тренажер из натурального бука";"2920956821";"Corden_Yoga";"8554.00";"RUB";"3604.76";"RUB";"1";;;;"34008.00";"75%";"25454.00";"Системная виртуальная скидка селлера Россия (RUB), Новогодний супербустинг";"0.4";"Москва, МО и Дальние регионы";"Воронеж";"60";"долго";"ХОРУГВИНО_РФЦ";"Белгородская Область";"Старый Оскол";"ПВЗ";"Не премиум";"нет";"Ozon Банк";
"0139165723-0014";"0139165723-0014-1";"2025-12-14 13:13:02";"2025-12-15 01:00:00";"Доставлен";"2025-12-16 15:12:21";"2025-12-14 23:44:54";"9885.00";"RUB";"Массажёр для спины шеи и поясницы Cordus Easy";"1793877007";"Кордус_изи";"9885.00";"RUB";"5283.00";"RUB";"1";;;;"10550.00";"6%";"665.00";"Системная виртуальная скидка селлера Россия (RUB)";"0.3";"Самара";"Самара";"28";"быстро";"САМАРА_РФЦ";"Самарская Область";"Самара";"ПВЗ";"Не премиум";"нет";"Банковская карта";
"28292912-0555";"28292912-0555-1";"2025-12-14 12:56:39";"2025-12-15 01:00:00";"Доставлен";"2025-12-29 17:52:54";"2025-12-14 20:39:00";"9005.00";"RUB";"Массажер для Йоги и релакса Corden Yoga Тренажер из натурального бука";"2920956821";"Corden_Yoga";"9005.00";"RUB";"3777.25";"RUB";"1";;;;"34459.00";"74%";"25454.00";"Системная виртуальная скидка селлера Россия (RUB), Новогодний супербустинг";"0.4";"Москва, МО и Дальние регионы";"Москва, МО и Дальние регионы";"28";"быстро";"ХОРУГВИНО_РФЦ";"Москва";"Москва";"ПВЗ";"Премиум";"нет";"Ozon Банк";
"32290802-0376";"32290802-0376-1";"2025-12-14 12:52:29";"2025-12-14 20:00:00";"Отменён";;;"4035.00";"RUB";"Коллаген порошок с Кверцетином Cordus";"1774766972";"Коллаген";"4035.00";"RUB";"2343.33";"RUB";"1";;;;"7110.00";"43%";"3075.00";"Системная виртуальная скидка селлера Россия (RUB), Эластичный бустинг. Без ограничения срока действия";"0.5";"Беларусь";"Тверь";"60";"долго";"МИНСК_МПСЦ";"Тверская Область";"Тверь";"ПВЗ";"Не премиум";"нет";"Банковская карта";
"0161236998-0035";"0161236998-0035-1";"2025-12-14 12:32:11";"2025-12-18 00:00:00";"Отменён";;"2025-12-17 23:49:50";"45990.00";"RUB";"Комплект медицинских электронных массажеров для спины Cordus Vibro с кейсом";"1774766992";"Физио+ кейс";"45990.00";"RUB";"20717.00";"RUB";"1";;;;"48890.00";"6%";"2900.00";"Системная виртуальная скидка селлера Россия (RUB)";"0.8";"Екатеринбург";"Екатеринбург";"28";"быстро";"ЕКАТЕРИНБУРГ_РФЦ_НОВЫЙ";"Свердловская Область";"Екатеринбург";"ПВЗ";"Не премиум";"нет";"Ozon Банк";
"18169562-0183";"18169562-0183-1";"2025-12-14 11:32:58";"2025-12-15 11:00:00";"Доставлен";"2025-12-17 07:11:27";"2025-12-14 14:23:18";"19731.00";"RUB";"Sacrus Vibro Массажер для поясницы электрический/физиотерапевтический";"1774766986";"Сакрус_Вибро";"19731.00";"RUB";"7155.00";"RUB";"1";;;;"39350.00";"50%";"19619.00";"Системная виртуальная скидка селлера Россия (RUB), Новогодний супербустинг";"0.4";"Воронеж";"Москва, МО и Дальние регионы";"60";"долго";"ВОРОНЕЖ_МРФЦ";"Москва";"Москва";"ПВЗ";"Не премиум";"нет";"Ozon Банк";
"77677459-0280";"77677459-0280-1";"2025-12-14 11:10:19";"2025-12-15 08:30:00";"Отменён";;;"15411.00";"RUB";"Комплект массажеров для спины Cordus Plus для лечения спины, шеи и поясницы, физиотерапевтический(без электроники)";"1774766982";"Комплект_изи";"15411.00";"RUB";"6156.00";"RUB";"1";;;;"22300.00";"31%";"6889.00";"Системная виртуальная скидка селлера Россия (RUB), Эластичный бустинг. Без ограничения срока действия";"1.2";"Ростов";"Москва, МО и Дальние регионы";"75";"долго";"РОСТОВ-НА-ДОНУ_РФЦ";"Москва";"Москва";"ПВЗ";"Не премиум";"нет";"Ozon Банк";
"0195989572-0003";"0195989572-0003-1";"2025-12-14 11:01:38";"2025-12-14 22:00:00";"Доставлен";"2025-12-21 12:16:59";"2025-12-15 03:28:32";"8318.00";"RUB";"Медицинский массажер для поясницы и шеи Sacrus Easy";"1774766962";"Сакрус_Изи";"8318.00";"RUB";"5090.00";"RUB";"1";;;;"15290.00";"46%";"6972.00";"Системная виртуальная скидка селлера Россия (RUB), Эластичный бустинг. Без ограничения срока действия";"0.2";"Самара";"Алматы";"75";"долго";"САМАРА_РФЦ";"Байконур";"Байконур";"ПВЗ";"Не премиум";"нет";"Банковская карта";
"74421920-0140";"74421920-0140-1";"2025-12-14 10:57:33";"2025-12-15 09:30:00";"Доставлен";"2025-12-17 06:15:59";"2025-12-15 11:52:52";"9005.00";"RUB";"Массажер для Йоги и релакса Corden Yoga Тренажер из натурального бука";"2920956821";"Corden_Yoga";"9005.00";"RUB";"4104.76";"RUB";"1";;;;"34459.00";"74%";"25454.00";"Системная виртуальная скидка селлера Россия (RUB), Новогодний супербустинг";"0.4";"Казань";"Самара";"60";"долго";"КАЗАНЬ_РФЦ_НОВЫЙ";"Самарская Область";;"ПВЗ";"Не премиум";"нет";"Озон Счет Рассрочка МКК";
"49304157-0468";"49304157-0468-1";"2025-12-14 10:51:01";;"Отменён";;;"45990.00";"RUB";"Комплект медицинских электронных массажеров для спины Cordus Vibro с кейсом";"1774766992";"Физио+ кейс";"45990.00";"RUB";"17750.00";"RUB";"1";;;;"48896.00";"6%";"2906.00";"Системная виртуальная скидка селлера Россия (RUB), Автоакция. Рассрочка 0-0-6 #1739185464";"0.8";"Краснодар";"Ярославль";"90";"долго";"АДЫГЕЙСК_РФЦ";"Ярославская Область";"Рыбинск";"ПВЗ";"Не премиум";"нет";"Озон Счет Рассрочка МКК";
"0151441486-0030";"0151441486-0030-1";"2025-12-14 10:34:13";"2025-12-15 08:30:00";"Доставлен";"2025-12-18 16:08:35";"2025-12-15 11:39:12";"15411.00";"RUB";"Комплект массажеров для спины Cordus Plus для лечения спины, шеи и поясницы, физиотерапевтический(без электроники)";"1774766982";"Комплект_изи";"15411.00";"RUB";"318.74";"BYN";"1";;;"Подлежит выкупу";"22299.55";"31%";"6888.55";"Системная виртуальная скидка селлера Россия (RUB), Эластичный бустинг. Без ограничения срока действия";"1.2";"Ростов";"Беларусь";"90";"долго";"РОСТОВ-НА-ДОНУ_РФЦ";;"Пинск";"ПВЗ";"Не премиум";"нет";"Банковская карта";
"73393430-0364";"73393430-0364-1";"2025-12-14 09:43:47";"2025-12-15 01:00:00";"Доставлен";"2025-12-16 13:08:09";"2025-12-15 02:00:21";"8318.00";"RUB";"Медицинский массажер для поясницы и шеи Sacrus Easy";"1774766962";"Сакрус_Изи";"8318.00";"RUB";"4847.62";"RUB";"1";;;;"15290.00";"46%";"6972.00";"Системная виртуальная скидка селлера Россия (RUB), Эластичный бустинг. Без ограничения срока действия";"0.2";"Москва, МО и Дальние регионы";"Москва, МО и Дальние регионы";"28";"быстро";"ПУШКИНО_2_РФЦ";"Московская Область";"Лобня";"ПВЗ";"Не премиум";"нет";"SberPay";
"18858480-0457";"18858480-0457-1";"2025-12-14 09:41:05";"2025-12-15 09:30:00";"Доставлен";"2025-12-26 15:38:20";"2025-12-15 09:28:18";"9005.00";"RUB";"Массажер для Йоги и релакса Corden Yoga Тренажер из натурального бука";"2920956821";"Corden_Yoga";"9005.00";"RUB";"4539.49";"RUB";"1";;;;"34459.00";"74%";"25454.00";"Новогодний супербустинг, Системная виртуальная скидка селлера Россия (RUB)";"0.4";"Казань";"Казань";"28";"быстро";"КАЗАНЬ_РФЦ_НОВЫЙ";"Нижегородская Область";"Нижний Новгород";"ПВЗ";"Не премиум";"нет";"Банковская карта";
"52564604-0778";"52564604-0778-1";"2025-12-14 07:30:08";"2025-12-15 11:00:00";"Отменён";;"2025-12-14 12:22:27";"44087.00";"RUB";"Комплект медицинских массажеров для спины Cordus&Sacrus Ero";"1775726260";"комплект_Эро";"44087.00";"RUB";"20521.00";"RUB";"1";;;;"49450.00";"11%";"5363.00";"Системная виртуальная скидка селлера Россия (RUB), Новогодний супербустинг";"0.8";"Санкт-Петербург и СЗО";"Казань";"75";"долго";"САНКТ-ПЕТЕРБУРГ_РФЦ";"Чувашская Республика - Чувашия";"Чебоксары";"ПВЗ";"Не премиум";"нет";"Ozon Банк";
"29761650-2919";"29761650-2919-1";"2025-12-14 07:13:29";"2025-12-15 10:00:00";"Доставлен";"2026-01-02 12:59:06";"2025-12-14 11:19:01";"46237.00";"RUB";"Комплект медицинских массажеров для спины Cordus&Sacrus Ero";"1775726260";"комплект_Эро";"46237.00";"RUB";"23271.00";"RUB";"1";;;;"51600.00";"10%";"5363.00";"Системная виртуальная скидка селлера Россия (RUB), Новогодний супербустинг";"0.8";"Санкт-Петербург и СЗО";"Ростов";"75";"долго";"СПБ_ШУШАРЫ_РФЦ";"Ростовская Область";"Белая Калитва";"ПВЗ";"Премиум";"нет";"Ozon Банк";
"33617838-0125";"33617838-0125-1";"2025-12-14 07:01:43";"2025-12-15 01:00:00";"Доставлен";"2025-12-15 15:12:56";"2025-12-14 20:47:42";"9005.00";"RUB";"Массажер для Йоги и релакса Corden Yoga Тренажер из натурального бука";"2920956821";"Corden_Yoga";"9005.00";"RUB";"4700.95";"RUB";"1";;;;"34459.00";"74%";"25454.00";"Новогодний супербустинг, Системная виртуальная скидка селлера Россия (RUB)";"0.4";"Москва, МО и Дальние регионы";"Москва, МО и Дальние регионы";"28";"быстро";"ХОРУГВИНО_РФЦ";"Московская Область";"Дедовск";"ПВЗ";"Премиум";"нет";"Ozon Банк";
"02676920-0698";"02676920-0698-1";"2025-12-14 04:05:36";"2025-12-14 22:00:00";"Доставлен";"2025-12-18 09:00:03";"2025-12-14 22:44:46";"32500.00";"RUB";"Массажер электрический для спины и шеи Cordus Vibro от боли в спине";"1793876972";"кордус_вибро";"32500.00";"RUB";"11663.00";"RUB";"1";;;;"42050.00";"23%";"9550.00";"Системная виртуальная скидка селлера Россия (RUB)";"0.4";"Новосибирск";"Красноярск";"45";"средне";"НОВОСИБИРСК_РФЦ_НОВЫЙ";"Красноярский Край";"Минусинск";"ПВЗ";"Премиум";"нет";"Ozon Банк";
"90941744-0037";"90941744-0037-1";"2025-12-14 00:44:08";"2025-12-14 15:00:00";"Доставлен";"2025-12-25 23:46:44";"2025-12-14 08:33:52";"30545.00";"RUB";"Sacrus ERO нейро-массажер для женского здоровья";"1793876828";"Сакрус_Эро";"30545.00";"RUB";"14780.00";"RUB";"1";;;;"45490.00";"33%";"14945.00";"Системная виртуальная скидка селлера Россия (RUB), Эластичный бустинг. Без ограничения срока действия";"0.4";"Тюмень";"Дальний Восток";"150";"долго";"ТЮМЕНЬ_РФЦ";"Хабаровский Край";"Комсомольск-на-Амуре";"ПВЗ";"Не премиум";"нет";"Ozon Банк";
"29691464-0171";"29691464-0171-6";"2025-12-13 23:36:31";"2025-12-14 11:00:00";"Доставлен";"2025-12-17 12:54:57";"2025-12-14 06:35:14";"20181.00";"RUB";"Sacrus Vibro Массажер для поясницы электрический/физиотерапевтический";"1774766986";"Сакрус_Вибро";"20181.00";"RUB";"7492.00";"RUB";"1";;;;"39800.00";"49%";"19619.00";"Системная виртуальная скидка селлера Россия (RUB), Новогодний супербустинг";"0.4";"Воронеж";"Санкт-Петербург и СЗО";"60";"долго";"ВОРОНЕЖ_МРФЦ";"Санкт-Петербург";"Санкт-Петербург";"ПВЗ";"Не премиум";"нет";"Ozon Банк";
"30443426-0694";"30443426-0694-1";"2025-12-13 19:59:45";"2025-12-14 08:30:00";"Отменён";;"2025-12-14 03:20:22";"14961.00";"RUB";"Комплект массажеров для спины Cordus Plus для лечения спины, шеи и поясницы, физиотерапевтический(без электроники)";"1774766982";"Комплект_изи";"14961.00";"RUB";"6785.00";"RUB";"1";;;;"21850.00";"32%";"6889.00";"Системная виртуальная скидка селлера Россия (RUB), Эластичный бустинг. Без ограничения срока действия";"1.2";"Ростов";"Москва, МО и Дальние регионы";"75";"долго";"РОСТОВ-НА-ДОНУ_РФЦ";"Москва";"Москва";"ПВЗ";"Премиум";"нет";"Банковская карта";
"03752119-0683";"03752119-0683-1";"2025-12-13 19:54:48";"2025-12-14 00:30:00";"Доставлен";"2025-12-21 14:00:57";"2025-12-14 02:31:10";"15411.00";"RUB";"Комплект массажеров для спины Cordus Plus для лечения спины, шеи и поясницы, физиотерапевтический(без электроники)";"1774766982";"Комплект_изи";"15411.00";"RUB";"6938.00";"RUB";"1";;;;"22300.00";"31%";"6889.00";"Эластичный бустинг. Без ограничения срока действия, Системная виртуальная скидка селлера Россия (RUB)";"1.2";"Уфа";"Казань";"45";"средне";"УФА_РФЦ";"Нижегородская Область";"Нижний Новгород";"ПВЗ";"Не премиум";"нет";"Ozon Банк";
"86757722-0375";"86757722-0375-1";"2025-12-13 16:43:19";"2025-12-13 23:00:00";"Отменён";;"2025-12-14 01:13:10";"9005.00";"RUB";"Массажер для Йоги и релакса Corden Yoga Тренажер из натурального бука";"2920956821";"Corden_Yoga";"9005.00";"RUB";"4479.05";"RUB";"1";;;;"34459.00";"74%";"25454.00";"Системная виртуальная скидка селлера Россия (RUB), Новогодний супербустинг";"0.4";"Москва, МО и Дальние регионы";"Воронеж";"60";"долго";"ХОРУГВИНО_РФЦ";"Белгородская Область";"Старый Оскол";"ПВЗ";"Не премиум";"нет";"Ozon Банк";
"18858480-0456";"18858480-0456-1";"2025-12-13 15:56:14";"2025-12-14 09:30:00";"Отменён";;;"9005.00";"RUB";"Массажер для Йоги и релакса Corden Yoga Тренажер из натурального бука";"2920956821";"Corden_Yoga";"9005.00";"RUB";"5317.00";"RUB";"1";;;;"34459.00";"74%";"25454.00";"Системная виртуальная скидка селлера Россия (RUB), Новогодний супербустинг";"0.4";"Казань";"Казань";"28";"быстро";"КАЗАНЬ_РФЦ_НОВЫЙ";"Нижегородская Область";"Нижний Новгород";"ПВЗ";"Не премиум";"нет";"Банковская карта";
"15448304-0416";"15448304-0416-1";"2025-12-13 12:32:04";"2025-12-13 18:00:00";"Доставлен";"2025-12-14 17:30:58";"2025-12-13 17:05:47";"14961.00";"RUB";"Комплект массажеров для спины Cordus Plus для лечения спины, шеи и поясницы, физиотерапевтический(без электроники)";"1774766982";"Комплект_изи";"14961.00";"RUB";"6488.00";"RUB";"1";;;;"21850.00";"32%";"6889.00";"Системная виртуальная скидка селлера Россия (RUB), Эластичный бустинг. Без ограничения срока действия";"1.2";"Ростов";"Ростов";"28";"быстро";"РОСТОВ-НА-ДОНУ_РФЦ";"Ростовская Область";"Сальск";"ПВЗ";"Премиум";"нет";"Ozon Банк";
"18784373-0569";"18784373-0569-1";"2025-12-13 12:13:36";"2025-12-14 02:00:00";"Доставлен";"2025-12-16 13:31:19";"2025-12-13 16:23:01";"15411.00";"RUB";"Комплект массажеров для спины Cordus Plus для лечения спины, шеи и поясницы, физиотерапевтический(без электроники)";"1774766982";"Комплект_изи";"15411.00";"RUB";"6495.00";"RUB";"1";;;;"22300.00";"31%";"6889.00";"Системная виртуальная скидка селлера Россия (RUB), Эластичный бустинг. Без ограничения срока действия";"1.2";"Санкт-Петербург и СЗО";"Санкт-Петербург и СЗО";"28";"быстро";"СПБ_БУГРЫ_РФЦ";"Ленинградская Область";;"ПВЗ";"Премиум";"нет";"Ozon Банк";
"10274705-0390";"10274705-0390-1";"2025-12-13 11:48:32";"2025-12-14 02:00:00";"Доставлен";"2025-12-20 08:10:08";"2025-12-13 14:43:41";"15411.00";"RUB";"Комплект массажеров для спины Cordus Plus для лечения спины, шеи и поясницы, физиотерапевтический(без электроники)";"1774766982";"Комплект_изи";"15411.00";"RUB";"6521.00";"RUB";"1";;;;"22300.00";"31%";"6889.00";"Системная виртуальная скидка селлера Россия (RUB), Эластичный бустинг. Без ограничения срока действия";"1.2";"Санкт-Петербург и СЗО";"Санкт-Петербург и СЗО";"28";"быстро";"СПБ_БУГРЫ_РФЦ";"Ленинградская Область";"Кудрово";"ПВЗ";"Не премиум";"нет";"Ozon Банк";
"22169035-0503";"22169035-0503-1";"2025-12-13 11:33:36";"2025-12-14 14:00:00";"Доставлен";"2025-12-20 16:45:42";"2025-12-14 14:50:39";"20181.00";"RUB";"Sacrus Vibro Массажер для поясницы электрический/физиотерапевтический";"1774766986";"Сакрус_Вибро";"20181.00";"RUB";"7492.00";"RUB";"1";;;;"39800.00";"49%";"19619.00";"Системная виртуальная скидка селлера Россия (RUB), Новогодний супербустинг";"0.4";"Москва, МО и Дальние регионы";"Санкт-Петербург и СЗО";"60";"долго";"ХОРУГВИНО_РФЦ";"Санкт-Петербург";"Санкт-Петербург";"ПВЗ";"Не премиум";"нет";"Ozon Банк";
"72741639-0350";"72741639-0350-1";"2025-12-13 10:39:48";"2025-12-13 16:30:00";"Доставлен";"2025-12-16 08:50:22";"2025-12-13 17:49:12";"20181.00";"RUB";"Sacrus Vibro Массажер для поясницы электрический/физиотерапевтический";"1774766986";"Сакрус_Вибро";"20181.00";"RUB";"7492.00";"RUB";"1";;;;"39800.00";"49%";"19619.00";"Системная виртуальная скидка селлера Россия (RUB), Новогодний супербустинг";"0.4";"Ярославль";"Ярославль";"28";"быстро";"ЯРОСЛАВЛЬ_РФЦ";"Вологодская Область";"Устюжна";"ПВЗ";"Не премиум";"нет";"Ozon Банк";
"0125550922-0098";"0125550922-0098-2";"2025-12-13 10:00:28";"2025-12-13 18:30:00";"Доставлен";"2025-12-17 07:45:34";"2025-12-13 17:50:45";"9885.00";"RUB";"Массажёр для спины шеи и поясницы Cordus Easy";"1793877007";"Кордус_изи";"9885.00";"RUB";"4479.05";"RUB";"1";;;;"10550.00";"6%";"665.00";"Системная виртуальная скидка селлера Россия (RUB)";"0.3";"Невинномысск";"Невинномысск";"28";"быстро";"НЕВИННОМЫССК_РФЦ";"Ставропольский Край";;"ПВЗ";"Не премиум";"нет";"Ozon Банк";
"0143492602-0029";"0143492602-0029-2";"2025-12-13 08:24:33";"2025-12-14 00:00:00";"Доставлен";"2025-12-17 12:17:07";"2025-12-14 23:34:54";"4485.00";"RUB";"Коллаген порошок с Кверцетином Cordus";"1774766972";"Коллаген";"4485.00";"RUB";"2513.26";"RUB";"1";;;;"7560.00";"41%";"3075.00";"Системная виртуальная скидка селлера Россия (RUB), Эластичный бустинг. Без ограничения срока действия";"0.5";"Москва, МО и Дальние регионы";"Москва, МО и Дальние регионы";"28";"быстро";"ГРИВНО_РФЦ";"Московская Область";"Химки";"ПВЗ";"Не премиум";"нет";"Ozon Банк";
"09846235-0129";"09846235-0129-1";"2025-12-13 08:18:02";"2025-12-13 22:00:00";"Доставлен";"2025-12-15 11:30:49";"2025-12-13 13:24:06";"4343.00";"RUB";"Коллаген порошок с Кверцетином Cordus";"1774766972";"Коллаген";"4343.00";"RUB";"2444.67";"RUB";"1";;;;"7418.00";"41%";"3075.00";"Системная виртуальная скидка селлера Россия (RUB), Эластичный бустинг. Без ограничения срока действия";"0.5";"Новосибирск";"Новосибирск";"28";"быстро";"НОВОСИБИРСК_РФЦ_НОВЫЙ";"Новосибирская Область";"Новосибирск";"ПВЗ";"Не премиум";"нет";"Ozon Банк";
"72427716-0231";"72427716-0231-1";"2025-12-13 07:42:50";;"Доставлен";"2025-12-19 17:00:31";"2025-12-15 00:54:36";"32500.00";"RUB";"Массажер электрический для спины и шеи Cordus Vibro от боли в спине";"1793876972";"кордус_вибро";"32500.00";"RUB";"11663.00";"RUB";"1";;;;"42050.00";"23%";"9550.00";"Системная виртуальная скидка селлера Россия (RUB)";"0.4";"Москва, МО и Дальние регионы";"Санкт-Петербург и СЗО";"60";"долго";"НОГИНСК_РФЦ";"Санкт-Петербург";"Санкт-Петербург";"ПВЗ";"Не премиум";"нет";"Ozon Банк";
"0108451360-0150";"0108451360-0150-1";"2025-12-13 07:41:44";"2025-12-13 14:00:00";"Доставлен";"2025-12-14 13:27:19";"2025-12-13 15:25:44";"9005.00";"RUB";"Массажер для Йоги и релакса Corden Yoga Тренажер из натурального бука";"2920956821";"Corden_Yoga";"9005.00";"RUB";"4789.52";"RUB";"1";;;;"34459.00";"74%";"25454.00";"Системная виртуальная скидка селлера Россия (RUB), Новогодний супербустинг";"0.4";"Москва, МО и Дальние регионы";"Ярославль";"45";"средне";"ХОРУГВИНО_РФЦ";"Владимирская Область";"Владимир";"ПВЗ";"Не премиум";"нет";"Ozon Банк";
"06855598-0094";"06855598-0094-3";"2025-12-13 05:54:01";"2025-12-14 02:00:00";"Доставлен";"2025-12-14 14:04:51";"2025-12-13 13:41:30";"15411.00";"RUB";"Комплект массажеров для спины Cordus Plus для лечения спины, шеи и поясницы, физиотерапевтический(без электроники)";"1774766982";"Комплект_изи";"15411.00";"RUB";"6521.00";"RUB";"1";;;;"22300.00";"31%";"6889.00";"Системная виртуальная скидка селлера Россия (RUB), Эластичный бустинг. Без ограничения срока действия";"1.2";"Санкт-Петербург и СЗО";"Санкт-Петербург и СЗО";"28";"быстро";"СПБ_БУГРЫ_РФЦ";"Санкт-Петербург";"Санкт-Петербург";"ПВЗ";"Не премиум";"нет";"Ozon Банк";
"38136649-0078";"38136649-0078-1";"2025-12-13 05:09:22";"2025-12-14 02:00:00";"Доставлен";"2025-12-17 16:28:40";"2025-12-13 12:41:16";"14351.00";"RUB";"Комплект массажеров для спины Cordus Plus для лечения спины, шеи и поясницы, физиотерапевтический(без электроники)";"1774766982";"Комплект_изи";"14351.00";"RUB";"5803.00";"RUB";"1";;;;"21240.00";"32%";"6889.00";"Системная виртуальная скидка селлера Россия (RUB), Эластичный бустинг. Без ограничения срока действия";"1.2";"Санкт-Петербург и СЗО";"Санкт-Петербург и СЗО";"28";"быстро";"СПБ_БУГРЫ_РФЦ";"Санкт-Петербург";"Санкт-Петербург";"ПВЗ";"Не премиум";"нет";"Ozon Банк";
"96011653-0118";"96011653-0118-2";"2025-12-12 23:44:26";"2025-12-13 12:00:00";"Отменён";;"2025-12-13 13:42:12";"20181.00";"RUB";"Sacrus Vibro Массажер для поясницы электрический/физиотерапевтический";"1774766986";"Сакрус_Вибро";"20181.00";"RUB";"7955.00";"RUB";"1";;;;"39800.00";"49%";"19619.00";"Системная виртуальная скидка селлера Россия (RUB), Новогодний супербустинг";"0.4";"Москва, МО и Дальние регионы";"Москва, МО и Дальние регионы";"28";"быстро";"ХОРУГВИНО_РФЦ";"Сахалинская Область";"Корсаков";"ПВЗ";"Не премиум";"нет";"Озон Счет Рассрочка МКК";
"0147891262-0047";"0147891262-0047-1";"2025-12-12 20:13:22";"2025-12-13 02:00:00";"Доставлен";"2025-12-13 15:26:39";"2025-12-13 01:40:08";"15411.00";"RUB";"Комплект массажеров для спины Cordus Plus для лечения спины, шеи и поясницы, физиотерапевтический(без электроники)";"1774766982";"Комплект_изи";"15411.00";"RUB";"6521.00";"RUB";"1";;;;"22300.00";"31%";"6889.00";"Системная виртуальная скидка селлера Россия (RUB), Эластичный бустинг. Без ограничения срока действия";"1.2";"Санкт-Петербург и СЗО";"Санкт-Петербург и СЗО";"28";"быстро";"САНКТ-ПЕТЕРБУРГ_РФЦ";"Санкт-Петербург";"Санкт-Петербург";"ПВЗ";"Не премиум";"нет";"Ozon Банк";
"22772557-0788";"22772557-0788-1";"2025-12-12 18:37:47";"2025-12-13 16:30:00";"Доставлен";"2025-12-17 12:59:59";"2025-12-13 07:21:27";"8318.00";"RUB";"Медицинский массажер для поясницы и шеи Sacrus Easy";"1774766962";"Сакрус_Изи";"8318.00";"RUB";"4430.07";"RUB";"1";;;;"15290.00";"46%";"6972.00";"Системная виртуальная скидка селлера Россия (RUB), Эластичный бустинг. Без ограничения срока действия";"0.2";"Екатеринбург";"Екатеринбург";"28";"быстро";"ЕКАТЕРИНБУРГ_РФЦ_НОВЫЙ";"Челябинская Область";"Снежинск";"ПВЗ";"Премиум";"нет";"Ozon Банк";
"0128775903-0037";"0128775903-0037-2";"2025-12-12 18:34:50";"2025-12-13 17:00:00";"Доставлен";"2025-12-21 14:14:17";"2025-12-13 17:31:42";"4485.00";"RUB";"Коллаген порошок с Кверцетином Cordus";"1774766972";"Коллаген";"4485.00";"RUB";"2603.81";"RUB";"1";;;;"7560.00";"41%";"3075.00";"Системная виртуальная скидка селлера Россия (RUB), Эластичный бустинг. Без ограничения срока действия";"0.5";"Краснодар";"Ростов";"45";"средне";"НОВОРОССИЙСК_МРФЦ";"Крым Республика";"Симферополь";"ПВЗ";"Не премиум";"нет";"Банковская карта";
"0128775903-0037";"0128775903-0037-1";"2025-12-12 18:34:50";"2025-12-14 18:00:00";"Доставлен";"2025-12-21 14:14:18";"2025-12-14 10:27:16";"7190.00";"RUB";"Первый веганский хондропротектор/CHONDROPROTECTOR CORDUS";"1793876871";"хондропротектор";"7190.00";"RUB";"4197.14";"RUB";"1";;;;"7590.00";"5%";"400.00";"Системная виртуальная скидка селлера Россия (RUB)";"0.5";"Ростов";"Ростов";"28";"быстро";"РОСТОВ-НА-ДОНУ_РФЦ";"Крым Республика";"Симферополь";"ПВЗ";"Не премиум";"нет";"Банковская карта";
"05934844-0323";"05934844-0323-1";"2025-12-12 18:22:18";"2025-12-13 12:30:00";"Доставлен";"2025-12-16 14:24:14";"2025-12-12 21:26:29";"45990.00";"RUB";"Комплект медицинских электронных массажеров для спины Cordus Vibro с кейсом";"1774766992";"Физио+ кейс";"45990.00";"RUB";"19129.14";"RUB";"1";;;;"48890.00";"6%";"2900.00";"Системная виртуальная скидка селлера Россия (RUB)";"0.8";"Оренбург";"Казань";"60";"долго";"ОРЕНБУРГ_РФЦ";"Нижегородская Область";"Нижний Новгород";"Курьер";"Не премиум";"нет";"Ozon Банк";
"0119446971-0094";"0119446971-0094-1";"2025-12-12 16:34:14";"2025-12-13 09:00:00";"Доставлен";"2025-12-17 12:29:54";"2025-12-13 08:32:20";"15411.00";"RUB";"Комплект массажеров для спины Cordus Plus для лечения спины, шеи и поясницы, физиотерапевтический(без электроники)";"1774766982";"Комплект_изи";"15411.00";"RUB";"6521.00";"RUB";"1";;;;"22300.00";"31%";"6889.00";"Системная виртуальная скидка селлера Россия (RUB), Эластичный бустинг. Без ограничения срока действия";"1.2";"Санкт-Петербург и СЗО";"Москва, МО и Дальние регионы";"60";"долго";"САНКТ-ПЕТЕРБУРГ_РФЦ";"Москва";"Москва";"ПВЗ";"Не премиум";"нет";"Ozon Банк";
"17338840-0458";"17338840-0458-1";"2025-12-12 14:17:43";"2025-12-13 08:30:00";"Доставлен";"2025-12-16 13:11:42";"2025-12-13 06:54:02";"19097.00";"RUB";"Cordus Plus - комплект массажеров для спины шеи и поясницы + Кейс";"1774767026";"Комплект_изи_кейс";"19097.00";"RUB";"8657.00";"RUB";"1";;;;"23400.00";"18%";"4303.00";"Системная виртуальная скидка селлера Россия (RUB), Эластичный бустинг. Без ограничения срока действия";"0.7";"Ростов";"Краснодар";"45";"средне";"РОСТОВ_НА_ДОНУ_2_РФЦ";"Краснодарский Край";"Сочи";"ПВЗ";"Не премиум";"нет";"Ozon Банк";
"93801597-0097";"93801597-0097-1";"2025-12-12 12:55:39";"2025-12-13 02:00:00";"Доставлен";"2025-12-22 05:13:49";"2025-12-12 23:49:47";"4485.00";"RUB";"Коллаген порошок с Кверцетином Cordus";"1774766972";"Коллаген";"4485.00";"RUB";"2475.74";"RUB";"1";;;;"7560.00";"41%";"3075.00";"Эластичный бустинг. Без ограничения срока действия, Системная виртуальная скидка селлера Россия (RUB)";"0.5";"Новосибирск";"Дальний Восток";"60";"долго";"НОВОСИБИРСК_РФЦ_НОВЫЙ";"Приморский Край";"Владивосток";"ПВЗ";"Не премиум";"нет";"Ozon Банк";
"33617838-0122";"33617838-0122-1";"2025-12-12 12:44:03";"2025-12-13 01:00:00";"Отменён";;"2025-12-13 03:30:56";"21800.00";"RUB";"Массажер для Йоги и релакса Corden Yoga Тренажер из натурального бука";"2920956821";"Corden_Yoga";"21800.00";"RUB";"10414.00";"RUB";"1";;;;"34459.00";"37%";"12659.00";"Системная виртуальная скидка селлера Россия (RUB)";"0.4";"Москва, МО и Дальние регионы";"Москва, МО и Дальние регионы";"28";"быстро";"ХОРУГВИНО_РФЦ";"Московская Область";"Дедовск";"ПВЗ";"Премиум";"нет";"Ozon Банк";
"0185883677-0849";"0185883677-0849-1";"2025-12-12 12:26:06";"2025-12-16 01:00:00";"Доставлен";"2025-12-19 08:59:30";"2025-12-15 18:13:41";"20181.00";"RUB";"Sacrus Vibro Массажер для поясницы электрический/физиотерапевтический";"1774766986";"Сакрус_Вибро";"20181.00";"RUB";"7802.00";"RUB";"1";;;;"39800.00";"49%";"19619.00";"Системная виртуальная скидка селлера Россия (RUB), Новогодний супербустинг";"0.4";"Саратов";"Ростов";"60";"долго";"ВОЛГОГРАД_МРФЦ";"Ростовская Область";;"ПВЗ";"Не премиум";"нет";"Ozon Банк";
"0210732540-0020";"0210732540-0020-1";"2025-12-12 09:15:23";"2025-12-24 08:30:00";"Отменён";;;"19097.00";"RUB";"Cordus Plus - комплект массажеров для спины шеи и поясницы + Кейс";"1774767026";"Комплект_изи_кейс";"19097.00";"RUB";"9203.00";"RUB";"1";;;;"23400.00";"18%";"4303.00";"Системная виртуальная скидка селлера Россия (RUB), Эластичный бустинг. Без ограничения срока действия";"0.7";"Самара";"Казань";"45";"средне";"САМАРА_РФЦ";"Татарстан Республика";"Казань";"Курьер";"Не премиум";"нет";"Система Быстрых Платежей";
"72991282-0184";"72991282-0184-1";"2025-12-12 08:46:57";"2025-12-12 22:00:00";"Доставлен";"2025-12-13 16:24:31";"2025-12-12 20:46:33";"14961.00";"RUB";"Комплект массажеров для спины Cordus Plus для лечения спины, шеи и поясницы, физиотерапевтический(без электроники)";"1774766982";"Комплект_изи";"14961.00";"RUB";"6493.00";"RUB";"1";;;;"21856.00";"32%";"6895.00";"Эластичный бустинг. Без ограничения срока действия, Системная виртуальная скидка селлера Россия (RUB), Автоакция. Рассрочка 0-0-6 #1739185464";"1.2";"Ростов";"Ростов";"28";"быстро";"РОСТОВ_НА_ДОНУ_2_РФЦ";"Краснодарский Край";;"ПВЗ";"Не премиум";"нет";"Озон Счет Рассрочка МКК";
"49304157-0467";"49304157-0467-1";"2025-12-12 08:22:02";"2025-12-13 11:00:00";"Отменён";;"2025-12-13 12:29:23";"45990.00";"RUB";"Комплект медицинских электронных массажеров для спины Cordus Vibro с кейсом";"1774766992";"Физио+ кейс";"45990.00";"RUB";"18857.00";"RUB";"1";;;;"48896.00";"6%";"2906.00";"Автоакция. Рассрочка 0-0-6 #1739185464, Системная виртуальная скидка селлера Россия (RUB)";"0.8";"Санкт-Петербург и СЗО";"Ярославль";"60";"долго";"СПБ_КОЛПИНО_РФЦ";"Ярославская Область";"Рыбинск";"ПВЗ";"Не премиум";"нет";"Озон Счет Рассрочка МКК";
"0132000026-0269";"0132000026-0269-2";"2025-12-12 08:02:28";"2025-12-13 00:00:00";"Доставлен";"2025-12-15 09:25:30";"2025-12-12 20:18:06";"4485.00";"RUB";"Коллаген порошок с Кверцетином Cordus";"1774766972";"Коллаген";"4485.00";"RUB";"2274.88";"RUB";"1";;;;"7560.00";"41%";"3075.00";"Системная виртуальная скидка селлера Россия (RUB), Эластичный бустинг. Без ограничения срока действия";"0.5";"Москва, МО и Дальние регионы";"Москва, МО и Дальние регионы";"28";"быстро";"ГРИВНО_РФЦ";"Москва";"Москва";"ПВЗ";"Не премиум";"нет";"Озон Счет Рассрочка МКК";
"55109301-0177";"55109301-0177-1";"2025-12-12 06:43:49";"2025-12-12 16:30:00";"Доставлен";"2025-12-16 13:19:39";"2025-12-12 16:45:02";"9885.00";"RUB";"Массажёр для спины шеи и поясницы Cordus Easy";"1793877007";"Кордус_изи";"9885.00";"RUB";"4689.16";"RUB";"1";;;;"10550.00";"6%";"665.00";"Системная виртуальная скидка селлера Россия (RUB)";"0.3";"Екатеринбург";"Екатеринбург";"28";"быстро";"ЕКАТЕРИНБУРГ_РФЦ_НОВЫЙ";"Челябинская Область";"Челябинск";"ПВЗ";"Не премиум";"нет";"Ozon Банк";
"39391592-0179";"39391592-0179-1";"2025-12-12 04:28:16";"2025-12-13 06:30:00";"Доставлен";"2025-12-15 14:11:44";"2025-12-12 23:36:08";"15411.00";"RUB";"Комплект массажеров для спины Cordus Plus для лечения спины, шеи и поясницы, физиотерапевтический(без электроники)";"1774766982";"Комплект_изи";"15411.00";"RUB";"6149.00";"RUB";"1";;;;"22300.00";"31%";"6889.00";"Системная виртуальная скидка селлера Россия (RUB), Эластичный бустинг. Без ограничения срока действия";"1.2";"Ростов";"Воронеж";"45";"средне";"РОСТОВ-НА-ДОНУ_РФЦ";"Воронежская Область";"Воронеж";"ПВЗ";"Премиум";"нет";"Ozon Банк";
"0138488137-0069";"0138488137-0069-1";"2025-12-12 03:29:15";"2025-12-13 02:00:00";"Доставлен";"2025-12-13 17:56:10";"2025-12-12 10:17:02";"8318.00";"RUB";"Медицинский массажер для поясницы и шеи Sacrus Easy";"1774766962";"Сакрус_Изи";"8318.00";"RUB";"4673.33";"RUB";"1";;;;"15290.00";"46%";"6972.00";"Системная виртуальная скидка селлера Россия (RUB), Эластичный бустинг. Без ограничения срока действия";"0.2";"Санкт-Петербург и СЗО";"Санкт-Петербург и СЗО";"28";"быстро";"СПБ_БУГРЫ_РФЦ";"Санкт-Петербург";"Санкт-Петербург";"ПВЗ";"Не премиум";"нет";"Банковская карта";
"14803366-1352";"14803366-1352-1";"2025-12-12 03:29:07";"2025-12-13 01:00:00";"Доставлен";"2025-12-15 10:04:39";"2025-12-12 19:54:25";"4485.00";"RUB";"Коллаген порошок с Кверцетином Cordus";"1774766972";"Коллаген";"4485.00";"RUB";"2272.73";"RUB";"1";;;;"7560.00";"41%";"3075.00";"Системная виртуальная скидка селлера Россия (RUB), Эластичный бустинг. Без ограничения срока действия";"0.5";"Москва, МО и Дальние регионы";"Москва, МО и Дальние регионы";"28";"быстро";"ПУШКИНО_1_РФЦ";"Москва";"Москва";"ПВЗ";"Премиум";"нет";"Ozon Банк";
"55043235-0319";"55043235-0319-1";"2025-12-11 22:08:53";"2025-12-13 02:00:00";"Отменён";;"2025-12-12 19:58:18";"32500.00";"RUB";"Массажер электрический для спины и шеи Cordus Vibro от боли в спине";"1793876972";"кордус_вибро";"32500.00";"RUB";"11663.00";"RUB";"1";;;;"42050.00";"23%";"9550.00";"Системная виртуальная скидка селлера Россия (RUB)";"0.4";"Санкт-Петербург и СЗО";"Санкт-Петербург и СЗО";"28";"быстро";"СПБ_КОЛПИНО_РФЦ";"Санкт-Петербург";"Санкт-Петербург";"ПВЗ";"Не премиум";"нет";"Ozon Банк";
"59833394-0303";"59833394-0303-1";"2025-12-11 18:12:45";"2025-12-12 09:30:00";"Доставлен";"2025-12-15 15:06:46";"2025-12-12 09:41:40";"19097.00";"RUB";"Cordus Plus - комплект массажеров для спины шеи и поясницы + Кейс";"1774767026";"Комплект_изи_кейс";"19097.00";"RUB";"8663.00";"RUB";"1";;;;"23400.00";"18%";"4303.00";"Эластичный бустинг. Без ограничения срока действия, Системная виртуальная скидка селлера Россия (RUB)";"0.7";"Казань";"Москва, МО и Дальние регионы";"60";"долго";"НИЖНИЙ_НОВГОРОД_РФЦ";"Московская Область";"Красногорск";"ПВЗ";"Не премиум";"нет";"Ozon Банк";
"50374778-0010";"50374778-0010-1";"2025-12-11 18:12:30";"2025-12-12 22:00:00";"Доставлен";"2025-12-14 08:55:46";"2025-12-12 21:28:15";"9885.00";"RUB";"Массажёр для спины шеи и поясницы Cordus Easy";"1793877007";"Кордус_изи";"9885.00";"RUB";"5218.00";"RUB";"1";;;;"10550.00";"6%";"665.00";"Системная виртуальная скидка селлера Россия (RUB)";"0.3";"Ростов";"Ростов";"28";"быстро";"РОСТОВ_НА_ДОНУ_2_РФЦ";"Ростовская Область";;"ПВЗ";"Не премиум";"нет";"Банковская карта";
"0135478458-0118";"0135478458-0118-1";"2025-12-11 17:19:35";;"Доставлен";"2025-12-14 09:21:17";"2025-12-12 04:35:10";"15411.00";"RUB";"Комплект массажеров для спины Cordus Plus для лечения спины, шеи и поясницы, физиотерапевтический(без электроники)";"1774766982";"Комплект_изи";"15411.00";"RUB";"7501.00";"RUB";"1";;;;"22300.00";"31%";"6889.00";"Системная виртуальная скидка селлера Россия (RUB), Эластичный бустинг. Без ограничения срока действия";"1.2";"Уфа";"Уфа";"28";"быстро";"УФА_РФЦ";"Удмуртская Республика";"Ижевск";"ПВЗ";"Не премиум";"нет";"Система Быстрых Платежей";
"0176413849-0076";"0176413849-0076-1";"2025-12-11 17:06:45";"2025-12-12 02:00:00";"Доставлен";"2025-12-14 11:44:51";"2025-12-12 02:09:24";"4485.00";"RUB";"Коллаген порошок с Кверцетином Cordus";"1774766972";"Коллаген";"4485.00";"RUB";"2478.10";"RUB";"1";;;;"7560.00";"41%";"3075.00";"Системная виртуальная скидка селлера Россия (RUB), Эластичный бустинг. Без ограничения срока действия";"0.5";"Краснодар";"Ростов";"45";"средне";"НОВОРОССИЙСК_МРФЦ";"Ростовская Область";"Таганрог";"ПВЗ";"Премиум";"нет";"Ozon Банк";
"77677459-0272";"77677459-0272-1";"2025-12-11 16:56:24";;"Отменён";;"2025-12-12 11:31:53";"15411.00";"RUB";"Комплект массажеров для спины Cordus Plus для лечения спины, шеи и поясницы, физиотерапевтический(без электроники)";"1774766982";"Комплект_изи";"15411.00";"RUB";"6526.00";"RUB";"1";;;;"22300.00";"31%";"6889.00";"Системная виртуальная скидка селлера Россия (RUB), Эластичный бустинг. Без ограничения срока действия";"1.2";"Санкт-Петербург и СЗО";"Москва, МО и Дальние регионы";"60";"долго";"САНКТ-ПЕТЕРБУРГ_РФЦ";"Москва";"Москва";"ПВЗ";"Не премиум";"нет";"Ozon Банк";
"0190663372-0006";"0190663372-0006-1";"2025-12-11 16:42:03";"2025-12-12 09:00:00";"Доставлен";"2025-12-16 12:09:53";"2025-12-12 11:31:53";"15411.00";"RUB";"Комплект массажеров для спины Cordus Plus для лечения спины, шеи и поясницы, физиотерапевтический(без электроники)";"1774766982";"Комплект_изи";"15411.00";"RUB";"6149.00";"RUB";"1";;;;"22300.00";"31%";"6889.00";"Системная виртуальная скидка селлера Россия (RUB), Эластичный бустинг. Без ограничения срока действия";"1.2";"Санкт-Петербург и СЗО";"Москва, МО и Дальние регионы";"60";"долго";"САНКТ-ПЕТЕРБУРГ_РФЦ";"Москва";"Москва";"ПВЗ";"Не премиум";"нет";"Ozon Банк";
"42525302-0113";"42525302-0113-1";"2025-12-11 15:24:46";"2025-12-12 15:00:00";"Доставлен";"2025-12-17 12:08:27";"2025-12-11 18:43:25";"20181.00";"RUB";"Sacrus Vibro Массажер для поясницы электрический/физиотерапевтический";"1774766986";"Сакрус_Вибро";"20181.00";"RUB";"7802.00";"RUB";"1";;;;"39800.00";"49%";"19619.00";"Системная виртуальная скидка селлера Россия (RUB), Новогодний супербустинг";"0.4";"Уфа";"Новосибирск";"75";"долго";"УФА_РФЦ";"Новосибирская Область";"Новосибирск";"ПВЗ";"Не премиум";"нет";"Ozon Банк";
"0126104018-0015";"0126104018-0015-1";"2025-12-11 14:49:41";"2025-12-12 05:00:00";"Отменён";;;"15411.00";"RUB";"Комплект массажеров для спины Cordus Plus для лечения спины, шеи и поясницы, физиотерапевтический(без электроники)";"1774766982";"Комплект_изи";"15411.00";"RUB";"6526.00";"RUB";"1";;;;"22300.00";"31%";"6889.00";"Системная виртуальная скидка селлера Россия (RUB), Эластичный бустинг. Без ограничения срока действия";"1.2";"Новосибирск";"Красноярск";"45";"средне";"НОВОСИБИРСК_РФЦ_НОВЫЙ";"Иркутская Область";"Ангарск";"ПВЗ";"Не премиум";"нет";"Ozon Банк";
"71598141-0045";"71598141-0045-2";"2025-12-11 14:41:55";"2025-12-12 00:00:00";"Доставлен";"2025-12-12 16:07:38";"2025-12-12 00:29:10";"32500.00";"RUB";"Массажер электрический для спины и шеи Cordus Vibro от боли в спине";"1793876972";"кордус_вибро";"32500.00";"RUB";"11663.00";"RUB";"1";;;;"42050.00";"23%";"9550.00";"Системная виртуальная скидка селлера Россия (RUB)";"0.4";"Москва, МО и Дальние регионы";"Москва, МО и Дальние регионы";"28";"быстро";"ЖУКОВСКИЙ_РФЦ";"Москва";"Москва";"ПВЗ";"Не премиум";"нет";"Ozon Банк";
"05439250-0144";"05439250-0144-1";"2025-12-11 14:33:50";"2025-12-12 02:00:00";"Доставлен";"2025-12-14 11:07:58";"2025-12-12 01:05:00";"20181.00";"RUB";"Sacrus Vibro Массажер для поясницы электрический/физиотерапевтический";"1774766986";"Сакрус_Вибро";"20181.00";"RUB";"7339.00";"RUB";"1";;;;"39800.00";"49%";"19619.00";"Системная виртуальная скидка селлера Россия (RUB), Новогодний супербустинг";"0.4";"Краснодар";"Махачкала";"60";"долго";"АДЫГЕЙСК_РФЦ";"Астраханская Область";"Астрахань";"ПВЗ";"Не премиум";"нет";"Ozon Банк";
"37031115-0088";"37031115-0088-1";"2025-12-11 14:03:35";"2025-12-11 23:00:00";"Доставлен";"2025-12-13 10:43:04";"2025-12-11 23:36:14";"20181.00";"RUB";"Sacrus Vibro Массажер для поясницы электрический/физиотерапевтический";"1774766986";"Сакрус_Вибро";"20181.00";"RUB";"7783.00";"RUB";"1";;;;"39800.00";"49%";"19619.00";"Системная виртуальная скидка селлера Россия (RUB), Новогодний супербустинг";"0.4";"Омск";"Новосибирск";"45";"средне";"ОМСК_РФЦ";"Новосибирская Область";"Новосибирск";"ПВЗ";"Не премиум";"нет";"Ozon Банк";
"0123955534-0329";"0123955534-0329-3";"2025-12-11 12:39:54";"2025-12-12 00:00:00";"Доставлен";"2025-12-17 17:39:42";"2025-12-11 20:05:20";"8318.00";"RUB";"Медицинский массажер для поясницы и шеи Sacrus Easy";"1774766962";"Сакрус_Изи";"8318.00";"RUB";"4297.35";"RUB";"1";;;;"15290.00";"46%";"6972.00";"Системная виртуальная скидка селлера Россия (RUB), Эластичный бустинг. Без ограничения срока действия";"0.2";"Москва, МО и Дальние регионы";"Москва, МО и Дальние регионы";"28";"быстро";"ПУШКИНО_2_РФЦ";"Московская Область";"Люберцы";"ПВЗ";"Не премиум";"нет";"Ozon Банк";
"06140325-0404";"06140325-0404-1";"2025-12-11 12:39:27";"2025-12-12 09:00:00";"Доставлен";"2025-12-17 12:48:24";"2025-12-12 11:38:02";"15411.00";"RUB";"Комплект массажеров для спины Cordus Plus для лечения спины, шеи и поясницы, физиотерапевтический(без электроники)";"1774766982";"Комплект_изи";"15411.00";"RUB";"6772.00";"RUB";"1";;;;"22300.00";"31%";"6889.00";"Системная виртуальная скидка селлера Россия (RUB), Эластичный бустинг. Без ограничения срока действия";"1.2";"Санкт-Петербург и СЗО";"Москва, МО и Дальние регионы";"60";"долго";"САНКТ-ПЕТЕРБУРГ_РФЦ";"Москва";"Москва";"ПВЗ";"Не премиум";"нет";"Ozon Банк";
"06140325-0403";"06140325-0403-2";"2025-12-11 12:32:27";"2025-12-12 09:00:00";"Отменён";;;"15411.00";"RUB";"Комплект массажеров для спины Cordus Plus для лечения спины, шеи и поясницы, физиотерапевтический(без электроники)";"1774766982";"Комплект_изи";"15411.00";"RUB";"7518.00";"RUB";"1";;;;"22300.00";"31%";"6889.00";"Системная виртуальная скидка селлера Россия (RUB), Эластичный бустинг. Без ограничения срока действия";"1.2";"Санкт-Петербург и СЗО";"Москва, МО и Дальние регионы";"60";"долго";"САНКТ-ПЕТЕРБУРГ_РФЦ";"Москва";"Москва";"ПВЗ";"Не премиум";"нет";"Банковская карта";
"0112564728-0307";"0112564728-0307-1";"2025-12-11 12:11:12";"2025-12-12 14:30:00";"Отменён";;"2025-12-12 10:06:12";"15411.00";"RUB";"Комплект массажеров для спины Cordus Plus для лечения спины, шеи и поясницы, физиотерапевтический(без электроники)";"1774766982";"Комплект_изи";"15411.00";"RUB";"7190.00";"RUB";"1";;;;"22300.00";"31%";"6889.00";"Эластичный бустинг. Без ограничения срока действия, Системная виртуальная скидка селлера Россия (RUB)";"1.2";"Воронеж";"Москва, МО и Дальние регионы";"60";"долго";"ВОРОНЕЖ_2_РФЦ";"Московская Область";"Орехово-Зуево";"ПВЗ";"Не премиум";"нет";"Ozon Банк";
"0169741837-0121";"0169741837-0121-1";"2025-12-11 11:12:30";"2025-12-12 00:00:00";"Доставлен";"2025-12-12 12:00:26";"2025-12-12 00:41:13";"9885.00";"RUB";"Массажёр для спины шеи и поясницы Cordus Easy";"1793877007";"Кордус_изи";"9885.00";"RUB";"4910.48";"RUB";"1";;;;"10550.00";"6%";"665.00";"Системная виртуальная скидка селлера Россия (RUB)";"0.3";"Москва, МО и Дальние регионы";"Москва, МО и Дальние регионы";"28";"быстро";"ПУШКИНО_1_РФЦ";"Московская Область";"Чехов";"ПВЗ";"Не премиум";"нет";"Ozon Банк";
"88101925-0097";"88101925-0097-1";"2025-12-11 11:02:19";"2025-12-11 18:30:00";"Отменён";;;"9885.00";"RUB";"Массажёр для спины шеи и поясницы Cordus Easy";"1793877007";"Кордус_изи";"9885.00";"RUB";"5168.00";"RUB";"1";;;;"10550.00";"6%";"665.00";"Системная виртуальная скидка селлера Россия (RUB)";"0.3";"Невинномысск";"Невинномысск";"28";"быстро";"НЕВИННОМЫССК_РФЦ";"Ставропольский Край";"Ессентуки";"ПВЗ";"Не премиум";"нет";"Банковская карта";
"60981636-0739";"60981636-0739-1";"2025-12-11 10:46:53";"2025-12-11 18:00:00";"Доставлен";"2025-12-13 13:38:02";"2025-12-11 19:31:49";"15411.00";"RUB";"Комплект массажеров для спины Cordus Plus для лечения спины, шеи и поясницы, физиотерапевтический(без электроники)";"1774766982";"Комплект_изи";"15411.00";"RUB";"7190.00";"RUB";"1";;;;"22300.00";"31%";"6889.00";"Системная виртуальная скидка селлера Россия (RUB), Эластичный бустинг. Без ограничения срока действия";"1.2";"Ростов";"Ростов";"28";"быстро";"РОСТОВ-НА-ДОНУ_РФЦ";"Ростовская Область";"Белая Калитва";"ПВЗ";"Не премиум";"нет";"Ozon Банк";
"0113077866-0198";"0113077866-0198-1";"2025-12-11 10:08:46";"2025-12-12 04:30:00";"Доставлен";"2025-12-19 09:26:29";"2025-12-11 16:55:02";"20181.00";"RUB";"Sacrus Vibro Массажер для поясницы электрический/физиотерапевтический";"1774766986";"Сакрус_Вибро";"20181.00";"RUB";"7805.00";"RUB";"1";;;;"39800.00";"49%";"19619.00";"Системная виртуальная скидка селлера Россия (RUB), Новогодний супербустинг";"0.4";"Омск";"Дальний Восток";"45";"средне";"ОМСК_РФЦ";"Приморский Край";"Владивосток";"ПВЗ";"Не премиум";"нет";"Ozon Банк";
"41983899-0316";"41983899-0316-1";"2025-12-11 09:49:49";"2025-12-12 02:00:00";"Доставлен";"2025-12-15 12:04:01";"2025-12-11 23:40:58";"8318.00";"RUB";"Медицинский массажер для поясницы и шеи Sacrus Easy";"1774766962";"Сакрус_Изи";"8318.00";"RUB";"4321.90";"RUB";"1";;;;"15290.00";"46%";"6972.00";"Эластичный бустинг. Без ограничения срока действия, Системная виртуальная скидка селлера Россия (RUB)";"0.2";"Новосибирск";"Омск";"60";"долго";"НОВОСИБИРСК_РФЦ_НОВЫЙ";"Омская Область";"Омск";"ПВЗ";"Не премиум";"нет";"Ozon Банк";
"83076171-0874";"83076171-0874-1";"2025-12-11 08:44:24";"2025-12-11 14:00:00";"Доставлен";"2025-12-12 15:55:48";"2025-12-11 13:26:47";"8555.00";"RUB";"Массажер для Йоги и релакса Corden Yoga Тренажер из натурального бука";"2920956821";"Corden_Yoga";"8555.00";"RUB";"4216.03";"RUB";"1";;;;"34009.00";"75%";"25454.00";"Системная виртуальная скидка селлера Россия (RUB), Новогодний супербустинг";"0.4";"Москва, МО и Дальние регионы";"Ярославль";"45";"средне";"ХОРУГВИНО_РФЦ";"Владимирская Область";"Муром";"ПВЗ";"Премиум";"нет";"Ozon Банк";
"49946232-0465";"49946232-0465-1";"2025-12-11 07:42:41";"2025-12-11 17:00:00";"Доставлен";"2025-12-16 10:24:36";"2025-12-11 16:37:12";"4261.00";"RUB";"Коллаген порошок с Кверцетином Cordus";"1774766972";"Коллаген";"4261.00";"RUB";"2408.57";"RUB";"1";;;;"7336.00";"42%";"3075.00";"Системная виртуальная скидка селлера Россия (RUB), Эластичный бустинг. Без ограничения срока действия";"0.5";"Москва, МО и Дальние регионы";"Ярославль";"45";"средне";"ПУШКИНО_1_РФЦ";"Владимирская Область";"Владимир";"ПВЗ";"Не премиум";"нет";"Ozon Банк";
"06420156-1007";"06420156-1007-31";"2025-12-11 05:10:08";"2025-12-11 17:00:00";"Доставлен";"2025-12-12 09:38:47";"2025-12-11 22:36:51";"4485.00";"RUB";"Коллаген порошок с Кверцетином Cordus";"1774766972";"Коллаген";"4485.00";"RUB";"2655.18";"RUB";"1";;;;"7560.00";"41%";"3075.00";"Системная виртуальная скидка селлера Россия (RUB), Эластичный бустинг. Без ограничения срока действия";"0.5";"Москва, МО и Дальние регионы";"Тверь";"45";"средне";"ПУШКИНО_1_РФЦ";"Тверская Область";;"Курьер";"Не премиум";"нет";"Ozon Банк";
"28027898-0157";"28027898-0157-1";"2025-12-11 03:58:50";"2025-12-11 14:00:00";"Доставлен";"2025-12-16 07:09:07";"2025-12-11 17:29:30";"42490.00";"RUB";"Комплект медицинских электронных массажеров для спины Cordus Vibro с кейсом";"1774766992";"Физио+ кейс";"42490.00";"RUB";"15763.00";"RUB";"1";;;;"45390.00";"6%";"2900.00";"Системная виртуальная скидка селлера Россия (RUB)";"0.8";"Москва, МО и Дальние регионы";"Санкт-Петербург и СЗО";"60";"долго";"ХОРУГВИНО_РФЦ";"Санкт-Петербург";"Санкт-Петербург";"ПВЗ";"Не премиум";"нет";"Кредитная карта";
"48688732-0192";"48688732-0192-1";"2025-12-11 03:20:57";"2025-12-12 01:00:00";"Доставлен";"2025-12-12 15:48:42";"2025-12-11 21:37:26";"15411.00";"RUB";"Комплект массажеров для спины Cordus Plus для лечения спины, шеи и поясницы, физиотерапевтический(без электроники)";"1774766982";"Комплект_изи";"15411.00";"RUB";"6772.00";"RUB";"1";;;;"22300.00";"31%";"6889.00";"Системная виртуальная скидка селлера Россия (RUB), Эластичный бустинг. Без ограничения срока действия";"1.2";"Санкт-Петербург и СЗО";"Санкт-Петербург и СЗО";"28";"быстро";"САНКТ-ПЕТЕРБУРГ_РФЦ";"Санкт-Петербург";"Пушкин";"ПВЗ";"Не премиум";"нет";"Ozon Банк";
"43633727-0661";"43633727-0661-1";"2025-12-11 03:20:00";"2025-12-12 05:00:00";"Доставлен";"2025-12-14 12:49:45";"2025-12-11 14:19:25";"45540.00";"RUB";"Комплект медицинских электронных массажеров для спины Cordus Vibro с кейсом";"1774766992";"Физио+ кейс";"45540.00";"RUB";"19883.00";"RUB";"1";;;;"48440.00";"6%";"2900.00";"Системная виртуальная скидка селлера Россия (RUB)";"0.8";"Москва, МО и Дальние регионы";"Казань";"60";"долго";"ХОРУГВИНО_РФЦ";"Республика Марий Эл";"Йошкар-Ола";"ПВЗ";"Не премиум";"нет";"Ozon Банк";
"43231769-1623";"43231769-1623-3";"2025-12-10 20:39:36";"2025-12-11 01:00:00";"Доставлен";"2025-12-11 11:34:39";"2025-12-11 00:48:25";"15411.00";"RUB";"Комплект массажеров для спины Cordus Plus для лечения спины, шеи и поясницы, физиотерапевтический(без электроники)";"1774766982";"Комплект_изи";"15411.00";"RUB";"7002.93";"RUB";"1";;;;"22300.00";"31%";"6889.00";"Системная виртуальная скидка селлера Россия (RUB), Эластичный бустинг. Без ограничения срока действия";"1.2";"Санкт-Петербург и СЗО";"Санкт-Петербург и СЗО";"28";"быстро";"САНКТ-ПЕТЕРБУРГ_РФЦ";"Санкт-Петербург";"Санкт-Петербург";"Курьер";"Не премиум";"нет";"Ozon Банк";
"77429340-0105";"77429340-0105-2";"2025-12-10 20:25:06";"2025-12-11 02:00:00";"Доставлен";"2025-12-12 11:41:54";"2025-12-11 02:21:57";"15411.00";"RUB";"Комплект массажеров для спины Cordus Plus для лечения спины, шеи и поясницы, физиотерапевтический(без электроники)";"1774766982";"Комплект_изи";"15411.00";"RUB";"5786.26";"RUB";"1";;;;"22300.00";"31%";"6889.00";"Эластичный бустинг. Без ограничения срока действия, Системная виртуальная скидка селлера Россия (RUB)";"1.2";"Санкт-Петербург и СЗО";"Санкт-Петербург и СЗО";"28";"быстро";"САНКТ-ПЕТЕРБУРГ_РФЦ";"Санкт-Петербург";"Санкт-Петербург";"Курьер";"Не премиум";"нет";"Ozon Банк";
"02266534-0277";"02266534-0277-3";"2025-12-10 19:18:15";"2025-12-12 00:00:00";"Доставлен";"2025-12-12 15:38:59";"2025-12-11 13:36:11";"45990.00";"RUB";"Комплект медицинских электронных массажеров для спины Cordus Vibro с кейсом";"1774766992";"Физио+ кейс";"45990.00";"RUB";"17869.00";"RUB";"1";;;;"48890.00";"6%";"2900.00";"Системная виртуальная скидка селлера Россия (RUB)";"0.8";"Москва, МО и Дальние регионы";"Москва, МО и Дальние регионы";"28";"быстро";"СОФЬИНО_РФЦ";"Москва";"Москва";"ПВЗ";"Не премиум";"нет";"Ozon Банк";
"57045675-0129";"57045675-0129-1";"2025-12-10 15:46:50";"2025-12-11 11:00:00";"Доставлен";"2025-12-23 10:29:14";"2025-12-11 08:27:38";"25120.00";"RUB";"Sacrus Vibro Массажер для поясницы электрический/физиотерапевтический";"1774766986";"Сакрус_Вибро";"25120.00";"RUB";"9776.00";"RUB";"1";;;;"39800.00";"37%";"14680.00";"Системная виртуальная скидка селлера Россия (RUB)";"0.4";"Воронеж";"Калининград";"60";"долго";"ВОРОНЕЖ_МРФЦ";"Калининградская Область";"Калининград";"ПВЗ";"Не премиум";"нет";"Ozon Банк";
"99976108-0783";"99976108-0783-2";"2025-12-10 14:57:24";"2025-12-10 23:00:00";"Доставлен";"2025-12-15 09:53:57";"2025-12-10 20:22:18";"7190.00";"RUB";"Первый веганский хондропротектор/CHONDROPROTECTOR CORDUS";"1793876871";"хондропротектор";"7190.00";"RUB";"4042.82";"RUB";"1";;;;"7590.00";"5%";"400.00";"Системная виртуальная скидка селлера Россия (RUB)";"0.5";"Омск";"Новосибирск";"45";"средне";"ОМСК_РФЦ";"Новосибирская Область";"Новосибирск";"ПВЗ";"Не премиум";"нет";"Ozon Банк";
"99976108-0783";"99976108-0783-1";"2025-12-10 14:57:24";"2025-12-10 22:00:00";"Доставлен";"2025-12-15 09:53:57";"2025-12-10 22:40:57";"4485.00";"RUB";"Коллаген порошок с Кверцетином Cordus";"1774766972";"Коллаген";"4485.00";"RUB";"2532.83";"RUB";"1";;;;"7560.00";"41%";"3075.00";"Системная виртуальная скидка селлера Россия (RUB), Эластичный бустинг. Без ограничения срока действия";"0.5";"Новосибирск";"Новосибирск";"28";"быстро";"НОВОСИБИРСК_РФЦ_НОВЫЙ";"Новосибирская Область";"Новосибирск";"ПВЗ";"Не премиум";"нет";"Ozon Банк";
"23315599-0045";"23315599-0045-6";"2025-12-10 14:06:04";"2025-12-11 02:00:00";"Доставлен";"2025-12-11 18:33:23";"2025-12-10 15:58:26";"14961.00";"RUB";"Комплект массажеров для спины Cordus Plus для лечения спины, шеи и поясницы, физиотерапевтический(без электроники)";"1774766982";"Комплект_изи";"14961.00";"RUB";"6322.00";"RUB";"1";;;;"21850.00";"32%";"6889.00";"Системная виртуальная скидка селлера Россия (RUB), Эластичный бустинг. Без ограничения срока действия";"1.2";"Санкт-Петербург и СЗО";"Санкт-Петербург и СЗО";"28";"быстро";"СПБ_БУГРЫ_РФЦ";"Санкт-Петербург";"Санкт-Петербург";"ПВЗ";"Не премиум";"нет";"Ozon Банк";
"0216876834-0006";"0216876834-0006-1";"2025-12-10 14:03:30";"2025-12-11 02:00:00";"Доставлен";"2025-12-11 12:52:27";"2025-12-10 19:19:54";"25120.00";"RUB";"Sacrus Vibro Массажер для поясницы электрический/физиотерапевтический";"1774766986";"Сакрус_Вибро";"25120.00";"RUB";"10062.00";"RUB";"1";;;;"39800.00";"37%";"14680.00";"Системная виртуальная скидка селлера Россия (RUB)";"0.4";"Санкт-Петербург и СЗО";"Санкт-Петербург и СЗО";"28";"быстро";"СПБ_КОЛПИНО_РФЦ";"Санкт-Петербург";"Санкт-Петербург";"ПВЗ";"Не премиум";"нет";"Банковская карта";
"0170471681-0022";"0170471681-0022-1";"2025-12-10 14:02:02";"2025-12-11 08:30:00";"Доставлен";"2025-12-16 07:22:05";"2025-12-12 05:11:14";"15411.00";"RUB";"Комплект массажеров для спины Cordus Plus для лечения спины, шеи и поясницы, физиотерапевтический(без электроники)";"1774766982";"Комплект_изи";"15411.00";"RUB";"7518.00";"RUB";"1";;;;"22300.00";"31%";"6889.00";"Системная виртуальная скидка селлера Россия (RUB), Эластичный бустинг. Без ограничения срока действия";"1.2";"Дальний Восток";"Красноярск";"120";"долго";"ХАБАРОВСК_2_РФЦ";"Забайкальский Край";"Чита";"ПВЗ";"Не премиум";"нет";"SberPay";
"0100907704-0581";"0100907704-0581-1";"2025-12-10 10:33:19";"2025-12-11 01:00:00";"Отменён";;"2025-12-11 02:29:03";"21800.00";"RUB";"Массажер для Йоги и релакса Corden Yoga Тренажер из натурального бука";"2920956821";"Corden_Yoga";"21800.00";"RUB";"11283.00";"RUB";"1";;;;"34459.00";"37%";"12659.00";"Системная виртуальная скидка селлера Россия (RUB)";"0.4";"Москва, МО и Дальние регионы";"Москва, МО и Дальние регионы";"28";"быстро";"ХОРУГВИНО_РФЦ";"Московская Область";;"ПВЗ";"Не премиум";"нет";"Озон Счет Рассрочка МКК";
"46676775-0128";"46676775-0128-1";"2025-12-10 10:09:38";"2025-12-11 00:00:00";"Доставлен";"2025-12-25 15:47:46";"2025-12-10 20:21:52";"18647.00";"RUB";"Cordus Plus - комплект массажеров для спины шеи и поясницы + Кейс";"1774767026";"Комплект_изи_кейс";"18647.00";"RUB";"8305.00";"RUB";"1";;;;"22950.00";"19%";"4303.00";"Системная виртуальная скидка селлера Россия (RUB), Эластичный бустинг. Без ограничения срока действия";"0.7";"Москва, МО и Дальние регионы";"Москва, МО и Дальние регионы";"28";"быстро";"ПУШКИНО_2_РФЦ";"Московская Область";"Люберцы";"ПВЗ";"Не премиум";"нет";"Ozon Банк";
"0104738135-0018";"0104738135-0018-1";"2025-12-10 09:33:21";"2025-12-11 02:00:00";"Доставлен";"2025-12-11 15:45:37";"2025-12-10 19:24:41";"15411.00";"RUB";"Комплект массажеров для спины Cordus Plus для лечения спины, шеи и поясницы, физиотерапевтический(без электроники)";"1774766982";"Комплект_изи";"15411.00";"RUB";"6599.00";"RUB";"1";;;;"22300.00";"31%";"6889.00";"Эластичный бустинг. Без ограничения срока действия, Системная виртуальная скидка селлера Россия (RUB)";"1.2";"Невинномысск";"Невинномысск";"28";"быстро";"НЕВИННОМЫССК_РФЦ";"Ставропольский Край";"Ставрополь";"ПВЗ";"Не премиум";"нет";"Ozon Банк";
"01901306-0283";"01901306-0283-4";"2025-12-10 06:57:46";"2025-12-13 00:30:00";"Доставлен";"2025-12-15 16:54:24";"2025-12-12 23:07:13";"17304.00";"RUB";"Массажер электрический для спины и шеи Cordus Vibro от боли в спине";"1793876972";"кордус_вибро";"17304.00";"RUB";"6307.99";"RUB";"1";;;;"22290.00";"22%";"4986.00";"Системная виртуальная скидка селлера Россия (RUB), Эластичный бустинг. Без ограничения срока действия";"0.4";"Уфа";"Москва, МО и Дальние регионы";"75";"долго";"УФА_РФЦ";"Москва";"Москва";"Курьер";"Премиум";"нет";"Ozon Банк";
"09307410-0127";"09307410-0127-2";"2025-12-10 06:12:24";"2025-12-11 00:30:00";"Доставлен";"2025-12-14 13:30:34";"2025-12-10 16:56:08";"16439.00";"RUB";"Массажер электрический для спины и шеи Cordus Vibro от боли в спине";"1793876972";"кордус_вибро";"16439.00";"RUB";"6145.00";"RUB";"1";;;;"21425.00";"23%";"4986.00";"Системная виртуальная скидка селлера Россия (RUB), Эластичный бустинг. Без ограничения срока действия";"0.4";"Уфа";"Казань";"45";"средне";"УФА_РФЦ";"Нижегородская Область";"Нижний Новгород";"ПВЗ";"Не премиум";"нет";"Ozon Банк";
"05014865-0156";"05014865-0156-1";"2025-12-10 05:41:55";"2025-12-11 00:30:00";"Доставлен";"2025-12-20 18:47:10";"2025-12-10 11:13:46";"17304.00";"RUB";"Массажер электрический для спины и шеи Cordus Vibro от боли в спине";"1793876972";"кордус_вибро";"17304.00";"RUB";"6098.00";"RUB";"1";;;;"22290.00";"22%";"4986.00";"Системная виртуальная скидка селлера Россия (RUB), Эластичный бустинг. Без ограничения срока действия";"0.4";"Уфа";"Москва, МО и Дальние регионы";"75";"долго";"УФА_РФЦ";"Москва";"Москва";"ПВЗ";"Не премиум";"нет";"Ozon Банк";
"37031115-0087";"37031115-0087-1";"2025-12-10 01:57:00";"2025-12-10 22:00:00";"Отменён";;"2025-12-10 07:29:35";"8318.00";"RUB";"Медицинский массажер для поясницы и шеи Sacrus Easy";"1774766962";"Сакрус_Изи";"8318.00";"RUB";"4610.00";"RUB";"1";;;;"15290.00";"46%";"6972.00";"Системная виртуальная скидка селлера Россия (RUB), Эластичный бустинг. Без ограничения срока действия";"0.2";"Новосибирск";"Новосибирск";"28";"быстро";"НОВОСИБИРСК_РФЦ_НОВЫЙ";"Новосибирская Область";"Новосибирск";"ПВЗ";"Не премиум";"нет";"Ozon Банк";
"37544345-0300";"37544345-0300-1";"2025-12-10 00:52:07";"2025-12-10 18:30:00";"Отменён";;"2025-12-10 04:13:36";"45540.00";"RUB";"Комплект медицинских электронных массажеров для спины Cordus Vibro с кейсом";"1774766992";"Физио+ кейс";"45540.00";"RUB";"16595.00";"RUB";"1";;;;"48440.00";"6%";"2900.00";"Системная виртуальная скидка селлера Россия (RUB)";"0.8";"Екатеринбург";"Дальний Восток";"150";"долго";"ЕКАТЕРИНБУРГ_РФЦ_НОВЫЙ";"Еврейская Автономная область";"Биробиджан";"ПВЗ";"Премиум";"нет";"Ozon Банк";
"79913014-0321";"79913014-0321-3";"2025-12-10 00:35:42";"2025-12-11 00:30:00";"Доставлен";"2025-12-16 11:23:27";"2025-12-10 09:19:05";"17136.51";"RUB";"Массажер электрический для спины и шеи Cordus Vibro от боли в спине";"1793876972";"кордус_вибро";"17136.51";"RUB";"6313.51";"RUB";"1";;;;"22122.51";"23%";"4986.00";"Системная виртуальная скидка селлера Россия (RUB), Эластичный бустинг. Без ограничения срока действия";"0.4";"Уфа";"Москва, МО и Дальние регионы";"75";"долго";"УФА_РФЦ";"Московская Область";"Щелково";"ПВЗ";"Не премиум";"нет";"Ozon Банк";
"79913014-0321";"79913014-0321-2";"2025-12-10 00:35:42";"2025-12-10 17:00:00";"Доставлен";"2025-12-13 13:24:44";"2025-12-10 17:53:45";"4425.98";"RUB";"Кейс дорожный для комплекта массажеров Cordus+Sacrus";"1828646366";"кейс";"4425.98";"RUB";"2387.41";"RUB";"1";;;;"4735.98";"7%";"310.00";"Системная виртуальная скидка селлера Россия (RUB)";"0.6";"Тверь";"Москва, МО и Дальние регионы";"60";"долго";"ТВЕРЬ_РФЦ";"Московская Область";"Щелково";"ПВЗ";"Не премиум";"нет";"Ozon Банк";
"79913014-0321";"79913014-0321-1";"2025-12-10 00:35:42";"2025-12-11 00:00:00";"Доставлен";"2025-12-13 13:24:44";"2025-12-10 14:59:28";"21901.51";"RUB";"Sacrus Vibro Массажер для поясницы электрический/физиотерапевтический";"1774766986";"Сакрус_Вибро";"21901.51";"RUB";"8310.51";"RUB";"1";;;;"23981.51";"9%";"2080.00";"Системная виртуальная скидка селлера Россия (RUB)";"0.4";"Москва, МО и Дальние регионы";"Москва, МО и Дальние регионы";"28";"быстро";"ХОРУГВИНО_РФЦ";"Московская Область";"Щелково";"ПВЗ";"Не премиум";"нет";"Ozon Банк";
"0147187021-0151";"0147187021-0151-1";"2025-12-09 21:06:28";"2025-12-10 14:30:00";"Доставлен";"2025-12-12 16:58:09";"2025-12-10 10:08:45";"14858.00";"RUB";"Комплект массажеров для спины Cordus Plus для лечения спины, шеи и поясницы, физиотерапевтический(без электроники)";"1774766982";"Комплект_изи";"14858.00";"RUB";"6353.00";"RUB";"1";;;;"21747.00";"32%";"6889.00";"Системная виртуальная скидка селлера Россия (RUB), Эластичный бустинг. Без ограничения срока действия";"1.2";"Воронеж";"Москва, МО и Дальние регионы";"60";"долго";"ВОРОНЕЖ_2_РФЦ";"Москва";"Москва";"ПВЗ";"Не премиум";"нет";"Ozon Банк";
"57942820-0243";"57942820-0243-1";"2025-12-09 19:52:32";"2025-12-10 00:30:00";"Доставлен";"2025-12-17 10:35:59";"2025-12-10 09:52:56";"16854.00";"RUB";"Массажер электрический для спины и шеи Cordus Vibro от боли в спине";"1793876972";"кордус_вибро";"16854.00";"RUB";"5648.00";"RUB";"1";;;;"21840.00";"23%";"4986.00";"Системная виртуальная скидка селлера Россия (RUB), Эластичный бустинг. Без ограничения срока действия";"0.4";"Уфа";"Москва, МО и Дальние регионы";"75";"долго";"УФА_РФЦ";"Москва";"Москва";"ПВЗ";"Не премиум";"нет";"Ozon Банк";
"83076171-0872";"83076171-0872-1";"2025-12-09 19:52:03";"2025-12-10 00:30:00";"Отменён";;;"16854.00";"RUB";"Массажер электрический для спины и шеи Cordus Vibro от боли в спине";"1793876972";"кордус_вибро";"16854.00";"RUB";"6031.00";"RUB";"1";;;;"21840.00";"23%";"4986.00";"Эластичный бустинг. Без ограничения срока действия, Системная виртуальная скидка селлера Россия (RUB)";"0.4";"Уфа";"Ярославль";"90";"долго";"УФА_РФЦ";"Владимирская Область";"Муром";"ПВЗ";"Премиум";"нет";"Ozon Банк";
"83076171-0871";"83076171-0871-1";"2025-12-09 19:44:06";"2025-12-10 00:30:00";"Отменён";;;"17304.00";"RUB";"Массажер электрический для спины и шеи Cordus Vibro от боли в спине";"1793876972";"кордус_вибро";"17304.00";"RUB";"6481.00";"RUB";"1";;;;"22290.00";"22%";"4986.00";"Системная виртуальная скидка селлера Россия (RUB), Эластичный бустинг. Без ограничения срока действия";"0.4";"Уфа";"Ярославль";"90";"долго";"УФА_РФЦ";"Владимирская Область";"Муром";"ПВЗ";"Премиум";"нет";"Ozon Банк";
"63315382-0006";"63315382-0006-1";"2025-12-09 19:26:36";"2025-12-10 13:30:00";"Доставлен";"2025-12-11 10:59:00";"2025-12-10 08:21:27";"4485.00";"RUB";"Коллаген порошок с Кверцетином Cordus";"1774766972";"Коллаген";"4485.00";"RUB";"2446.24";"RUB";"1";;;;"7560.00";"41%";"3075.00";"Системная виртуальная скидка селлера Россия (RUB), Эластичный бустинг. Без ограничения срока действия";"0.5";"Новосибирск";"Новосибирск";"28";"быстро";"НОВОСИБИРСК_РФЦ_НОВЫЙ";"Кемеровская область - Кузбасс";"Кемерово";"ПВЗ";"Не премиум";"нет";"Ozon Банк";
"55043235-0318";"55043235-0318-1";"2025-12-09 19:20:33";"2025-12-10 00:30:00";"Доставлен";"2025-12-14 13:38:14";"2025-12-10 10:19:56";"17304.00";"RUB";"Массажер электрический для спины и шеи Cordus Vibro от боли в спине";"1793876972";"кордус_вибро";"17304.00";"RUB";"6098.00";"RUB";"1";;;;"22290.00";"22%";"4986.00";"Системная виртуальная скидка селлера Россия (RUB), Эластичный бустинг. Без ограничения срока действия";"0.4";"Уфа";"Санкт-Петербург и СЗО";"75";"долго";"УФА_РФЦ";"Санкт-Петербург";"Санкт-Петербург";"ПВЗ";"Не премиум";"нет";"Ozon Банк";
"77677459-0263";"77677459-0263-1";"2025-12-09 19:16:36";"2025-12-10 14:30:00";"Отменён";;"2025-12-10 10:08:45";"15411.00";"RUB";"Комплект массажеров для спины Cordus Plus для лечения спины, шеи и поясницы, физиотерапевтический(без электроники)";"1774766982";"Комплект_изи";"15411.00";"RUB";"6599.00";"RUB";"1";;;;"22300.00";"31%";"6889.00";"Системная виртуальная скидка селлера Россия (RUB), Эластичный бустинг. Без ограничения срока действия";"1.2";"Воронеж";"Москва, МО и Дальние регионы";"60";"долго";"ВОРОНЕЖ_2_РФЦ";"Москва";"Москва";"ПВЗ";"Не премиум";"нет";"Ozon Банк";
"79913014-0320";"79913014-0320-3";"2025-12-09 17:38:13";"2025-12-10 00:00:00";"Отменён";;;"21901.51";"RUB";"Sacrus Vibro Массажер для поясницы электрический/физиотерапевтический";"1774766986";"Сакрус_Вибро";"21901.51";"RUB";"8310.51";"RUB";"1";;;;"23981.51";"9%";"2080.00";"Системная виртуальная скидка селлера Россия (RUB)";"0.4";"Москва, МО и Дальние регионы";"Москва, МО и Дальние регионы";"28";"быстро";"ХОРУГВИНО_РФЦ";"Московская Область";"Щелково";"ПВЗ";"Не премиум";"нет";"Ozon Банк";
"79913014-0320";"79913014-0320-2";"2025-12-09 17:38:13";"2025-12-10 01:00:00";"Отменён";;;"4425.98";"RUB";"Кейс дорожный для комплекта массажеров Cordus+Sacrus";"1828646366";"кейс";"4425.98";"RUB";"2387.41";"RUB";"1";;;;"4735.98";"7%";"310.00";"Системная виртуальная скидка селлера Россия (RUB)";"0.6";"Москва, МО и Дальние регионы";"Москва, МО и Дальние регионы";"28";"быстро";"СОФЬИНО_РФЦ";"Московская Область";"Щелково";"ПВЗ";"Не премиум";"нет";"Ozon Банк";
"79913014-0320";"79913014-0320-1";"2025-12-09 17:38:13";"2025-12-10 00:30:00";"Отменён";;;"17136.51";"RUB";"Массажер электрический для спины и шеи Cordus Vibro от боли в спине";"1793876972";"кордус_вибро";"17136.51";"RUB";"6313.51";"RUB";"1";;;;"22122.51";"23%";"4986.00";"Системная виртуальная скидка селлера Россия (RUB), Эластичный бустинг. Без ограничения срока действия";"0.4";"Уфа";"Москва, МО и Дальние регионы";"75";"долго";"УФА_РФЦ";"Московская Область";"Щелково";"ПВЗ";"Не премиум";"нет";"Ozon Банк";
"65172397-0276";"65172397-0276-1";"2025-12-09 17:04:35";"2025-12-10 13:30:00";"Доставлен";"2025-12-11 10:10:19";"2025-12-10 08:04:05";"17304.00";"RUB";"Массажер электрический для спины и шеи Cordus Vibro от боли в спине";"1793876972";"кордус_вибро";"17304.00";"RUB";"6098.00";"RUB";"1";;;;"22296.00";"22%";"4992.00";"Системная виртуальная скидка селлера Россия (RUB), Эластичный бустинг. Без ограничения срока действия, Автоакция. Рассрочка 0-0-6 #1739185464";"0.4";"Новосибирск";"Новосибирск";"28";"быстро";"НОВОСИБИРСК_РФЦ_НОВЫЙ";"Кемеровская область - Кузбасс";"Кемерово";"ПВЗ";"Не премиум";"нет";"Озон Счет Рассрочка МКК";
"35840275-0012";"35840275-0012-1";"2025-12-09 15:35:49";"2025-12-10 00:30:00";"Доставлен";"2025-12-12 15:03:59";"2025-12-09 22:11:16";"17304.00";"RUB";"Массажер электрический для спины и шеи Cordus Vibro от боли в спине";"1793876972";"кордус_вибро";"17304.00";"RUB";"6137.00";"RUB";"1";;;;"22290.00";"22%";"4986.00";"Системная виртуальная скидка селлера Россия (RUB), Эластичный бустинг. Без ограничения срока действия";"0.4";"Уфа";"Москва, МО и Дальние регионы";"75";"долго";"УФА_РФЦ";"Москва";"Москва";"Курьер";"Не премиум";"нет";"Ozon Банк";
"45638946-0165";"45638946-0165-1";"2025-12-09 14:25:16";"2025-12-10 15:30:00";"Доставлен";"2025-12-11 16:59:33";"2025-12-09 20:25:11";"15411.00";"RUB";"Комплект массажеров для спины Cordus Plus для лечения спины, шеи и поясницы, физиотерапевтический(без электроники)";"1774766982";"Комплект_изи";"15411.00";"RUB";"7788.00";"RUB";"1";;;;"22300.00";"31%";"6889.00";"Системная виртуальная скидка селлера Россия (RUB), Эластичный бустинг. Без ограничения срока действия";"1.2";"Краснодар";"Краснодар";"28";"быстро";"АДЫГЕЙСК_РФЦ";"Краснодарский Край";"Сочи";"ПВЗ";"Не премиум";"нет";"Банковская карта";
"0135180283-0235";"0135180283-0235-1";"2025-12-09 14:13:34";"2025-12-10 02:00:00";"Доставлен";"2025-12-11 10:25:31";"2025-12-10 00:34:16";"19097.00";"RUB";"Cordus Plus - комплект массажеров для спины шеи и поясницы + Кейс";"1774767026";"Комплект_изи_кейс";"19097.00";"RUB";"8237.00";"RUB";"1";;;;"23400.00";"18%";"4303.00";"Системная виртуальная скидка селлера Россия (RUB), Эластичный бустинг. Без ограничения срока действия";"0.7";"Воронеж";"Воронеж";"28";"быстро";"ВОРОНЕЖ_2_РФЦ";"Белгородская Область";;"ПВЗ";"Не премиум";"нет";"Ozon Банк";
"0137207002-0066";"0137207002-0066-1";"2025-12-09 12:30:27";"2025-12-10 06:00:00";"Доставлен";"2025-12-12 12:15:36";"2025-12-10 10:19:17";"17304.00";"RUB";"Массажер электрический для спины и шеи Cordus Vibro от боли в спине";"1793876972";"кордус_вибро";"17304.00";"RUB";"7930.00";"RUB";"1";;;;"22290.00";"22%";"4986.00";"Системная виртуальная скидка селлера Россия (RUB), Эластичный бустинг. Без ограничения срока действия";"0.4";"Уфа";"Уфа";"28";"быстро";"УФА_РФЦ";"Татарстан Республика";"Нижнекамск";"ПВЗ";"Не премиум";"нет";"Банковская карта";
"87467449-0227";"87467449-0227-3";"2025-12-09 09:41:39";"2025-12-10 02:00:00";"Доставлен";"2025-12-17 02:04:27";"2025-12-10 02:26:58";"17304.00";"RUB";"Массажер электрический для спины и шеи Cordus Vibro от боли в спине";"1793876972";"кордус_вибро";"17304.00";"RUB";"7930.00";"RUB";"1";;;;"22290.00";"22%";"4986.00";"Эластичный бустинг. Без ограничения срока действия, Системная виртуальная скидка селлера Россия (RUB)";"0.4";"Новосибирск";"Дальний Восток";"60";"долго";"НОВОСИБИРСК_РФЦ_НОВЫЙ";"Приморский Край";"Владивосток";"ПВЗ";"Не премиум";"нет";"Банковская карта";
"87467449-0227";"87467449-0227-1";"2025-12-09 09:41:39";"2025-12-10 02:00:00";"Доставлен";"2025-12-17 02:04:27";"2025-12-10 02:21:20";"22120.00";"RUB";"Sacrus Vibro Массажер для поясницы электрический/физиотерапевтический";"1774766986";"Сакрус_Вибро";"22120.00";"RUB";"10296.00";"RUB";"1";;;;"24200.00";"9%";"2080.00";"Системная виртуальная скидка селлера Россия (RUB)";"0.4";"Новосибирск";"Дальний Восток";"60";"долго";"НОВОСИБИРСК_РФЦ_НОВЫЙ";"Приморский Край";"Владивосток";"ПВЗ";"Не премиум";"нет";"Банковская карта";
"32447855-0125";"32447855-0125-2";"2025-12-09 09:09:12";"2025-12-10 01:00:00";"Доставлен";"2025-12-11 15:51:34";"2025-12-09 18:46:47";"19097.00";"RUB";"Cordus Plus - комплект массажеров для спины шеи и поясницы + Кейс";"1774767026";"Комплект_изи_кейс";"19097.00";"RUB";"9373.00";"RUB";"1";;;;"23400.00";"18%";"4303.00";"Системная виртуальная скидка селлера Россия (RUB), Эластичный бустинг. Без ограничения срока действия";"0.7";"Москва, МО и Дальние регионы";"Москва, МО и Дальние регионы";"28";"быстро";"ГРИВНО_РФЦ";"Москва";"Москва";"ПВЗ";"Не премиум";"нет";"Ozon Банк";
"0190230478-0066";"0190230478-0066-1";"2025-12-09 06:51:44";"2025-12-10 00:00:00";"Доставлен";"2025-12-11 14:49:15";"2025-12-09 13:20:12";"9885.00";"RUB";"Массажёр для спины шеи и поясницы Cordus Easy";"1793877007";"Кордус_изи";"9885.00";"RUB";"5073.00";"RUB";"1";;;;"10550.00";"6%";"665.00";"Системная виртуальная скидка селлера Россия (RUB)";"0.3";"Екатеринбург";"Екатеринбург";"28";"быстро";"ЕКАТЕРИНБУРГ_РФЦ_НОВЫЙ";"Свердловская Область";"Екатеринбург";"ПВЗ";"Не премиум";"нет";"Ozon Банк";
"57999803-0135";"57999803-0135-1";"2025-12-09 05:57:42";"2025-12-10 00:30:00";"Доставлен";"2025-12-14 11:05:18";"2025-12-09 19:37:35";"17304.00";"RUB";"Массажер электрический для спины и шеи Cordus Vibro от боли в спине";"1793876972";"кордус_вибро";"17304.00";"RUB";"6777.00";"RUB";"1";;;;"22290.00";"22%";"4986.00";"Системная виртуальная скидка селлера Россия (RUB), Эластичный бустинг. Без ограничения срока действия";"0.4";"Уфа";"Москва, МО и Дальние регионы";"75";"долго";"УФА_РФЦ";"Москва";"Москва";"ПВЗ";"Не премиум";"нет";"Кредитная карта";
"0130428613-0010";"0130428613-0010-1";"2025-12-08 22:06:23";"2025-12-09 08:30:00";"Доставлен";"2025-12-11 15:07:19";"2025-12-09 06:40:41";"16104.00";"RUB";"Массажер электрический для спины и шеи Cordus Vibro от боли в спине";"1793876972";"кордус_вибро";"16104.00";"RUB";"5577.00";"RUB";"1";;;;"21090.00";"24%";"4986.00";"Системная виртуальная скидка селлера Россия (RUB), Эластичный бустинг. Без ограничения срока действия";"0.4";"Самара";"Москва, МО и Дальние регионы";"60";"долго";"САМАРА_РФЦ";"Москва";"Москва";"ПВЗ";"Не премиум";"нет";"Ozon Банк";
"35580483-0281";"35580483-0281-1";"2025-12-08 20:48:35";"2025-12-09 02:00:00";"Доставлен";"2025-12-09 16:58:58";"2025-12-09 03:17:54";"15879.00";"RUB";"Массажер электрический для спины и шеи Cordus Vibro от боли в спине";"1793876972";"кордус_вибро";"15879.00";"RUB";"5753.00";"RUB";"1";;;;"20871.00";"24%";"4992.00";"Системная виртуальная скидка селлера Россия (RUB), Эластичный бустинг. Без ограничения срока действия, Автоакция. Рассрочка 0-0-6 #1739185464";"0.4";"Санкт-Петербург и СЗО";"Санкт-Петербург и СЗО";"28";"быстро";"СПБ_БУГРЫ_РФЦ";"Санкт-Петербург";"Санкт-Петербург";"ПВЗ";"Не премиум";"нет";"Озон Счет Рассрочка МКК";
"48160711-0308";"48160711-0308-1";"2025-12-08 20:46:05";"2025-12-09 02:00:00";"Доставлен";"2025-12-09 17:41:45";"2025-12-09 02:30:22";"16854.00";"RUB";"Массажер электрический для спины и шеи Cordus Vibro от боли в спине";"1793876972";"кордус_вибро";"16854.00";"RUB";"6327.00";"RUB";"1";;;;"21840.00";"23%";"4986.00";"Системная виртуальная скидка селлера Россия (RUB), Эластичный бустинг. Без ограничения срока действия";"0.4";"Санкт-Петербург и СЗО";"Санкт-Петербург и СЗО";"28";"быстро";"СПБ_БУГРЫ_РФЦ";"Санкт-Петербург";"Санкт-Петербург";"ПВЗ";"Не премиум";"нет";"Ozon Банк";
"0125282913-0100";"0125282913-0100-1";"2025-12-08 17:43:45";"2025-12-09 08:30:00";"Доставлен";"2025-12-12 15:30:45";"2025-12-09 12:25:20";"17304.00";"RUB";"Массажер электрический для спины и шеи Cordus Vibro от боли в спине";"1793876972";"кордус_вибро";"17304.00";"RUB";"7253.00";"RUB";"1";;;;"22290.00";"22%";"4986.00";"Системная виртуальная скидка селлера Россия (RUB), Эластичный бустинг. Без ограничения срока действия";"0.4";"Ростов";"Москва, МО и Дальние регионы";"75";"долго";"РОСТОВ-НА-ДОНУ_РФЦ";"Московская Область";;"ПВЗ";"Не премиум";"нет";"Ozon Банк";
"06235124-0353";"06235124-0353-1";"2025-12-08 15:58:36";"2025-12-09 17:00:00";"Доставлен";"2025-12-10 11:12:27";"2025-12-09 18:51:09";"7190.00";"RUB";"Первый веганский хондропротектор/CHONDROPROTECTOR CORDUS";"1793876871";"хондропротектор";"7190.00";"RUB";"4053.08";"RUB";"1";;;;"7590.00";"5%";"400.00";"Системная виртуальная скидка селлера Россия (RUB)";"0.5";"Тверь";"Москва, МО и Дальние регионы";"60";"долго";"ТВЕРЬ_РФЦ";"Москва";"Сосенское";"ПВЗ";"Не премиум";"нет";"Ozon Банк";
"04463332-0314";"04463332-0314-5";"2025-12-08 15:51:38";"2025-12-09 01:00:00";"Доставлен";"2025-12-09 17:58:21";"2025-12-08 23:31:05";"19097.00";"RUB";"Cordus Plus - комплект массажеров для спины шеи и поясницы + Кейс";"1774767026";"Комплект_изи_кейс";"19097.00";"RUB";"9123.00";"RUB";"1";;;;"23400.00";"18%";"4303.00";"Системная виртуальная скидка селлера Россия (RUB), Эластичный бустинг. Без ограничения срока действия";"0.7";"Санкт-Петербург и СЗО";"Санкт-Петербург и СЗО";"28";"быстро";"САНКТ-ПЕТЕРБУРГ_РФЦ";"Санкт-Петербург";"Санкт-Петербург";"ПВЗ";"Премиум";"нет";"Ozon Банк";
"04463332-0314";"04463332-0314-2";"2025-12-08 15:51:38";"2025-12-09 01:00:00";"Доставлен";"2025-12-09 17:58:21";"2025-12-08 23:31:05";"19097.00";"RUB";"Cordus Plus - комплект массажеров для спины шеи и поясницы + Кейс";"1774767026";"Комплект_изи_кейс";"19097.00";"RUB";"9123.00";"RUB";"1";;;;"23400.00";"18%";"4303.00";"Системная виртуальная скидка селлера Россия (RUB), Эластичный бустинг. Без ограничения срока действия";"0.7";"Санкт-Петербург и СЗО";"Санкт-Петербург и СЗО";"28";"быстро";"САНКТ-ПЕТЕРБУРГ_РФЦ";"Санкт-Петербург";"Санкт-Петербург";"ПВЗ";"Премиум";"нет";"Ozon Банк";
"45371700-0195";"45371700-0195-31";"2025-12-08 15:44:08";"2025-12-08 23:00:00";"Доставлен";"2025-12-10 11:39:25";"2025-12-08 18:34:09";"19097.00";"RUB";"Cordus Plus - комплект массажеров для спины шеи и поясницы + Кейс";"1774767026";"Комплект_изи_кейс";"19097.00";"RUB";"10691.00";"RUB";"1";;;;"23400.00";"18%";"4303.00";"Эластичный бустинг. Без ограничения срока действия, Системная виртуальная скидка селлера Россия (RUB)";"0.7";"Пермь";"Пермь";"28";"быстро";"ПЕРМЬ_РФЦ";"Пермский Край";"Пермь";"ПВЗ";"Не премиум";"нет";"Банковская карта";
"39255075-0366";"39255075-0366-1";"2025-12-08 15:05:11";"2025-12-09 18:30:00";"Доставлен";"2025-12-10 08:40:26";"2025-12-08 20:18:29";"21640.00";"RUB";"Sacrus Vibro Массажер для поясницы электрический/физиотерапевтический";"1774766986";"Сакрус_Вибро";"21640.00";"RUB";"7460.00";"RUB";"1";;;;"23720.00";"9%";"2080.00";"Системная виртуальная скидка селлера Россия (RUB)";"0.4";"Казань";"Казань";"28";"быстро";"КАЗАНЬ_РФЦ_НОВЫЙ";"Республика Марий Эл";"Йошкар-Ола";"ПВЗ";"Не премиум";"нет";"Ozon Банк";
"0188559985-0051";"0188559985-0051-3";"2025-12-08 14:21:25";"2025-12-08 20:00:00";"Доставлен";"2025-12-10 09:11:15";"2025-12-08 18:40:38";"8318.00";"RUB";"Медицинский массажер для поясницы и шеи Sacrus Easy";"1774766962";"Сакрус_Изи";"8318.00";"RUB";"4203.62";"RUB";"1";;;;"15290.00";"46%";"6972.00";"Системная виртуальная скидка селлера Россия (RUB), Эластичный бустинг. Без ограничения срока действия";"0.2";"Новосибирск";"Красноярск";"45";"средне";"НОВОСИБИРСК_РФЦ_НОВЫЙ";"Красноярский Край";"Шарыпово";"ПВЗ";"Премиум";"нет";"Ozon Банк";
"0188559985-0051";"0188559985-0051-1";"2025-12-08 14:21:25";"2025-12-08 20:00:00";"Доставлен";"2025-12-10 09:11:14";"2025-12-08 18:40:38";"8318.00";"RUB";"Медицинский массажер для поясницы и шеи Sacrus Easy";"1774766962";"Сакрус_Изи";"8318.00";"RUB";"4203.62";"RUB";"1";;;;"15290.00";"46%";"6972.00";"Системная виртуальная скидка селлера Россия (RUB), Эластичный бустинг. Без ограничения срока действия";"0.2";"Новосибирск";"Красноярск";"45";"средне";"НОВОСИБИРСК_РФЦ_НОВЫЙ";"Красноярский Край";"Шарыпово";"ПВЗ";"Премиум";"нет";"Ozon Банк";
"0124802041-0051";"0124802041-0051-1";"2025-12-08 10:16:21";"2025-12-08 14:30:00";"Доставлен";"2025-12-12 06:06:15";"2025-12-08 13:16:20";"14889.00";"RUB";"Комплект массажеров для спины Cordus Plus для лечения спины, шеи и поясницы, физиотерапевтический(без электроники)";"1774766982";"Комплект_изи";"14889.00";"RUB";"7461.00";"RUB";"1";;;;"21778.00";"32%";"6889.00";"Системная виртуальная скидка селлера Россия (RUB), Эластичный бустинг. Без ограничения срока действия";"1.2";"Воронеж";"Москва, МО и Дальние регионы";"60";"долго";"ВОРОНЕЖ_2_РФЦ";"Брянская Область";"Брянск";"ПВЗ";"Не премиум";"нет";"Ozon Банк";
"16842050-0142";"16842050-0142-1";"2025-12-08 09:23:16";"2025-12-09 02:00:00";"Доставлен";"2025-12-10 11:00:35";"2025-12-08 13:22:16";"17304.00";"RUB";"Массажер электрический для спины и шеи Cordus Vibro от боли в спине";"1793876972";"кордус_вибро";"17304.00";"RUB";"6777.00";"RUB";"1";;;;"22290.00";"22%";"4986.00";"Системная виртуальная скидка селлера Россия (RUB), Эластичный бустинг. Без ограничения срока действия";"0.4";"Санкт-Петербург и СЗО";"Санкт-Петербург и СЗО";"28";"быстро";"СПБ_БУГРЫ_РФЦ";"Санкт-Петербург";"Санкт-Петербург";"ПВЗ";"Не премиум";"нет";"Ozon Банк";
"89506255-0650";"89506255-0650-1";"2025-12-08 04:13:08";"2025-12-09 04:30:00";"Доставлен";"2025-12-16 02:22:13";"2025-12-08 13:24:14";"4485.00";"RUB";"Коллаген порошок с Кверцетином Cordus";"1774766972";"Коллаген";"4485.00";"RUB";"2580.40";"RUB";"1";;;;"7560.00";"41%";"3075.00";"Системная виртуальная скидка селлера Россия (RUB), Эластичный бустинг. Без ограничения срока действия";"0.5";"Омск";"Дальний Восток";"45";"средне";"ОМСК_РФЦ";"Приморский Край";"Находка";"ПВЗ";"Не премиум";"нет";"Ozon Банк";
"34359034-0005";"34359034-0005-4";"2025-12-08 02:39:17";"2025-12-08 15:00:00";"Отменён";;;"15411.00";"RUB";"Комплект массажеров для спины Cordus Plus для лечения спины, шеи и поясницы, физиотерапевтический(без электроники)";"1774766982";"Комплект_изи";"15411.00";"RUB";"8144.00";"RUB";"1";;;;"22300.00";"31%";"6889.00";"Системная виртуальная скидка селлера Россия (RUB), Эластичный бустинг. Без ограничения срока действия";"1.2";"Тюмень";"Дальний Восток";"150";"долго";"ТЮМЕНЬ_РФЦ";"Еврейская Автономная область";"Биробиджан";"ПВЗ";"Не премиум";"нет";"Система Быстрых Платежей";
"37544345-0298";"37544345-0298-1";"2025-12-07 23:52:34";"2025-12-08 18:00:00";"Отменён";;;"15411.00";"RUB";"Комплект массажеров для спины Cordus Plus для лечения спины, шеи и поясницы, физиотерапевтический(без электроники)";"1774766982";"Комплект_изи";"15411.00";"RUB";"6425.25";"RUB";"1";;;;"22300.00";"31%";"6889.00";"Эластичный бустинг. Без ограничения срока действия, Системная виртуальная скидка селлера Россия (RUB)";"1.2";"Дальний Восток";"Дальний Восток";"28";"быстро";"ХАБАРОВСК_2_РФЦ";"Еврейская Автономная область";"Биробиджан";"ПВЗ";"Премиум";"нет";"Кредитная карта";
"88828975-0429";"88828975-0429-1";"2025-12-07 20:30:23";"2025-12-08 16:30:00";"Доставлен";"2025-12-09 12:38:24";"2025-12-08 17:04:38";"17304.00";"RUB";"Массажер электрический для спины и шеи Cordus Vibro от боли в спине";"1793876972";"кордус_вибро";"17304.00";"RUB";"7012.01";"RUB";"1";;;;"22290.00";"22%";"4986.00";"Системная виртуальная скидка селлера Россия (RUB), Эластичный бустинг. Без ограничения срока действия";"0.4";"Ярославль";"Москва, МО и Дальние регионы";"60";"долго";"ЯРОСЛАВЛЬ_РФЦ";"Москва";"Москва";"Курьер";"Не премиум";"нет";"Ozon Банк";
"30954069-0174";"30954069-0174-1";"2025-12-07 19:27:06";"2025-12-08 11:00:00";"Доставлен";"2025-12-11 10:25:13";"2025-12-08 10:19:06";"17304.00";"RUB";"Массажер электрический для спины и шеи Cordus Vibro от боли в спине";"1793876972";"кордус_вибро";"17304.00";"RUB";"6800.00";"RUB";"1";;;;"22290.00";"22%";"4986.00";"Системная виртуальная скидка селлера Россия (RUB), Эластичный бустинг. Без ограничения срока действия";"0.4";"Санкт-Петербург и СЗО";"Санкт-Петербург и СЗО";"28";"быстро";"СПБ_БУГРЫ_РФЦ";"Мурманская Область";"Заозерск";"ПВЗ";"Не премиум";"нет";"Ozon Банк";
"69535095-0241";"69535095-0241-1";"2025-12-07 19:12:42";"2025-12-08 09:30:00";"Доставлен";"2025-12-13 12:48:10";"2025-12-08 07:37:07";"9885.00";"RUB";"Массажёр для спины шеи и поясницы Cordus Easy";"1793877007";"Кордус_изи";"9885.00";"RUB";"5061.00";"RUB";"1";;;;"10550.00";"6%";"665.00";"Системная виртуальная скидка селлера Россия (RUB)";"0.3";"Казань";"Казань";"28";"быстро";"КАЗАНЬ_РФЦ_НОВЫЙ";"Нижегородская Область";"Нижний Новгород";"ПВЗ";"Премиум";"нет";"Ozon Банк";
"27906959-0208";"27906959-0208-1";"2025-12-07 17:44:33";"2025-12-08 00:00:00";"Доставлен";"2025-12-14 18:56:29";"2025-12-07 23:45:58";"9885.00";"RUB";"Массажёр для спины шеи и поясницы Cordus Easy";"1793877007";"Кордус_изи";"9885.00";"RUB";"5340.00";"RUB";"1";;;;"10550.00";"6%";"665.00";"Системная виртуальная скидка селлера Россия (RUB)";"0.3";"Москва, МО и Дальние регионы";"Москва, МО и Дальние регионы";"28";"быстро";"ГРИВНО_РФЦ";"Москва";"Москва";"ПВЗ";"Не премиум";"нет";"Банковская карта";
"0149728898-0118";"0149728898-0118-1";"2025-12-07 15:06:14";"2025-12-08 14:30:00";"Доставлен";"2025-12-10 08:55:05";"2025-12-08 07:01:21";"15411.00";"RUB";"Комплект массажеров для спины Cordus Plus для лечения спины, шеи и поясницы, физиотерапевтический(без электроники)";"1774766982";"Комплект_изи";"15411.00";"RUB";"7338.00";"RUB";"1";;;;"22300.00";"31%";"6889.00";"Системная виртуальная скидка селлера Россия (RUB), Эластичный бустинг. Без ограничения срока действия";"1.2";"Воронеж";"Москва, МО и Дальние регионы";"60";"долго";"ВОРОНЕЖ_2_РФЦ";"Москва";"Москва";"ПВЗ";"Не премиум";"нет";"Ozon Банк";
"44784178-0153";"44784178-0153-1";"2025-12-07 15:05:14";"2025-12-08 02:00:00";"Отменён";;;"15411.00";"RUB";"Комплект массажеров для спины Cordus Plus для лечения спины, шеи и поясницы, физиотерапевтический(без электроники)";"1774766982";"Комплект_изи";"15411.00";"RUB";"7338.00";"RUB";"1";;;;"22300.00";"31%";"6889.00";"Системная виртуальная скидка селлера Россия (RUB), Эластичный бустинг. Без ограничения срока действия";"1.2";"Воронеж";"Воронеж";"28";"быстро";"ВОРОНЕЖ_2_РФЦ";"Белгородская Область";"Старый Оскол";"ПВЗ";"Не премиум";"нет";"Ozon Банк";
"76214609-0009";"76214609-0009-1";"2025-12-07 14:23:42";"2025-12-08 06:00:00";"Отменён";;"2025-12-08 08:01:43";"17304.00";"RUB";"Массажер электрический для спины и шеи Cordus Vibro от боли в спине";"1793876972";"кордус_вибро";"17304.00";"RUB";"7956.00";"RUB";"1";;;;"22290.00";"22%";"4986.00";"Системная виртуальная скидка селлера Россия (RUB), Эластичный бустинг. Без ограничения срока действия";"0.4";"Уфа";"Екатеринбург";"45";"средне";"УФА_РФЦ";"Челябинская Область";"Челябинск";"ПВЗ";"Не премиум";"нет";"Банковская карта";
"35121511-0183";"35121511-0183-1";"2025-12-07 13:45:05";"2025-12-08 00:30:00";"Доставлен";"2025-12-10 13:38:39";"2025-12-08 01:42:37";"17304.00";"RUB";"Массажер электрический для спины и шеи Cordus Vibro от боли в спине";"1793876972";"кордус_вибро";"17304.00";"RUB";"7276.00";"RUB";"1";;;;"22290.00";"22%";"4986.00";"Системная виртуальная скидка селлера Россия (RUB), Эластичный бустинг. Без ограничения срока действия";"0.4";"Уфа";"Екатеринбург";"45";"средне";"УФА_РФЦ";"Свердловская Область";"Екатеринбург";"ПВЗ";"Не премиум";"нет";"Ozon Банк";
"22169035-0492";"22169035-0492-1";"2025-12-07 12:23:04";"2025-12-08 02:00:00";"Доставлен";"2025-12-08 15:34:52";"2025-12-07 16:53:42";"16104.00";"RUB";"Массажер электрический для спины и шеи Cordus Vibro от боли в спине";"1793876972";"кордус_вибро";"16104.00";"RUB";"5600.00";"RUB";"1";;;;"21090.00";"24%";"4986.00";"Системная виртуальная скидка селлера Россия (RUB), Эластичный бустинг. Без ограничения срока действия";"0.4";"Санкт-Петербург и СЗО";"Санкт-Петербург и СЗО";"28";"быстро";"СПБ_БУГРЫ_РФЦ";"Санкт-Петербург";"Санкт-Петербург";"ПВЗ";"Не премиум";"нет";"Ozon Банк";
"28502768-0290";"28502768-0290-1";"2025-12-07 11:14:04";"2025-12-08 01:00:00";"Доставлен";"2025-12-08 17:51:47";"2025-12-08 01:11:06";"19097.00";"RUB";"Cordus Plus - комплект массажеров для спины шеи и поясницы + Кейс";"1774767026";"Комплект_изи_кейс";"19097.00";"RUB";"9671.00";"RUB";"1";;;;"23400.00";"18%";"4303.00";"Системная виртуальная скидка селлера Россия (RUB), Эластичный бустинг. Без ограничения срока действия";"0.7";"Москва, МО и Дальние регионы";"Москва, МО и Дальние регионы";"28";"быстро";"ПУШКИНО_1_РФЦ";"Московская Область";"Красногорск";"ПВЗ";"Не премиум";"нет";"Ozon Банк";
"08876235-0314";"08876235-0314-1";"2025-12-07 09:26:35";"2025-12-07 20:00:00";"Отменён";;"2025-12-07 15:24:45";"17304.00";"RUB";"Массажер электрический для спины и шеи Cordus Vibro от боли в спине";"1793876972";"кордус_вибро";"17304.00";"RUB";"7276.00";"RUB";"1";;;;"22290.00";"22%";"4986.00";"Системная виртуальная скидка селлера Россия (RUB), Эластичный бустинг. Без ограничения срока действия";"0.4";"Беларусь";"Москва, МО и Дальние регионы";"60";"долго";"МИНСК_МПСЦ";"Московская Область";"Жуковский";"ПВЗ";"Не премиум";"нет";"Ozon Банк";
"10177718-0148";"10177718-0148-1";"2025-12-07 08:56:36";"2025-12-07 15:30:00";"Доставлен";"2025-12-14 12:24:29";"2025-12-07 16:26:18";"15411.00";"RUB";"Комплект массажеров для спины Cordus Plus для лечения спины, шеи и поясницы, физиотерапевтический(без электроники)";"1774766982";"Комплект_изи";"15411.00";"RUB";"7756.00";"RUB";"1";;;;"22300.00";"31%";"6889.00";"Системная виртуальная скидка селлера Россия (RUB), Эластичный бустинг. Без ограничения срока действия";"1.2";"Москва, МО и Дальние регионы";"Ярославль";"45";"средне";"ПУШКИНО_1_РФЦ";"Ярославская Область";"Ярославль";"ПВЗ";"Не премиум";"нет";"Ozon Банк";
"0175697289-0188";"0175697289-0188-1";"2025-12-07 08:37:36";"2025-12-07 13:00:00";"Доставлен";"2025-12-11 15:25:21";"2025-12-07 19:29:37";"19097.00";"RUB";"Cordus Plus - комплект массажеров для спины шеи и поясницы + Кейс";"1774767026";"Комплект_изи_кейс";"19097.00";"RUB";"450.10";"BYN";"1";;;"Подлежит выкупу";"23399.88";"18%";"4302.88";"Системная виртуальная скидка селлера Россия (RUB), Эластичный бустинг. Без ограничения срока действия";"0.7";"Москва, МО и Дальние регионы";"Беларусь";"45";"средне";"ПУШКИНО_1_РФЦ";;"Минск";"ПВЗ";"Не премиум";"нет";"Банковская карта";
"05076112-0682";"05076112-0682-2";"2025-12-07 07:47:05";"2025-12-07 20:00:00";"Доставлен";"2025-12-09 18:04:01";"2025-12-07 13:00:48";"17304.00";"RUB";"Массажер электрический для спины и шеи Cordus Vibro от боли в спине";"1793876972";"кордус_вибро";"17304.00";"RUB";"6597.00";"RUB";"1";;;;"22290.00";"22%";"4986.00";"Системная виртуальная скидка селлера Россия (RUB), Эластичный бустинг. Без ограничения срока действия";"0.4";"Беларусь";"Москва, МО и Дальние регионы";"60";"долго";"МИНСК_МПСЦ";"Москва";"Москва";"ПВЗ";"Не премиум";"нет";"Ozon Банк";
"02492841-0181";"02492841-0181-1";"2025-12-07 01:26:53";"2025-12-07 15:00:00";"Доставлен";"2025-12-12 06:10:51";"2025-12-07 10:12:05";"15411.00";"RUB";"Комплект массажеров для спины Cordus Plus для лечения спины, шеи и поясницы, физиотерапевтический(без электроники)";"1774766982";"Комплект_изи";"15411.00";"RUB";"7371.00";"RUB";"1";;;;"22306.00";"31%";"6895.00";"Автоакция. Рассрочка 0-0-6 #1739185464, Системная виртуальная скидка селлера Россия (RUB), Эластичный бустинг. Без ограничения срока действия";"1.2";"Уфа";"Красноярск";"105";"долго";"УФА_РФЦ";"Иркутская Область";"Братск";"ПВЗ";"Не премиум";"нет";"Озон Счет Рассрочка МКК";
"12856455-0071";"12856455-0071-1";"2025-12-06 19:17:46";"2025-12-07 00:30:00";"Доставлен";"2025-12-08 16:04:24";"2025-12-07 02:21:15";"15411.00";"RUB";"Комплект массажеров для спины Cordus Plus для лечения спины, шеи и поясницы, физиотерапевтический(без электроники)";"1774766982";"Комплект_изи";"15411.00";"RUB";"7789.00";"RUB";"1";;;;"22300.00";"31%";"6889.00";"Системная виртуальная скидка селлера Россия (RUB), Эластичный бустинг. Без ограничения срока действия";"1.2";"Уфа";"Казань";"45";"средне";"УФА_РФЦ";"Татарстан Республика";"Казань";"ПВЗ";"Не премиум";"нет";"Ozon Банк";
"59419132-0101";"59419132-0101-5";"2025-12-06 18:41:45";"2025-12-07 14:30:00";"Доставлен";"2025-12-10 12:05:15";"2025-12-07 01:44:26";"14893.00";"RUB";"Комплект массажеров для спины Cordus Plus для лечения спины, шеи и поясницы, физиотерапевтический(без электроники)";"1774766982";"Комплект_изи";"14893.00";"RUB";"7519.00";"RUB";"1";;;;"21782.00";"32%";"6889.00";"Системная виртуальная скидка селлера Россия (RUB), Эластичный бустинг. Без ограничения срока действия";"1.2";"Воронеж";"Москва, МО и Дальние регионы";"60";"долго";"ВОРОНЕЖ_2_РФЦ";"Московская Область";"Домодедово";"ПВЗ";"Не премиум";"нет";"Ozon Банк";
"0119101820-0081";"0119101820-0081-1";"2025-12-06 18:03:02";"2025-12-07 02:00:00";"Доставлен";"2025-12-07 16:10:23";"2025-12-07 03:05:53";"17304.00";"RUB";"Массажер электрический для спины и шеи Cordus Vibro от боли в спине";"1793876972";"кордус_вибро";"17304.00";"RUB";"7215.00";"RUB";"1";;;;"22290.00";"22%";"4986.00";"Системная виртуальная скидка селлера Россия (RUB), Эластичный бустинг. Без ограничения срока действия";"0.4";"Санкт-Петербург и СЗО";"Санкт-Петербург и СЗО";"28";"быстро";"СПБ_БУГРЫ_РФЦ";"Санкт-Петербург";"Санкт-Петербург";"ПВЗ";"Не премиум";"нет";"Система Быстрых Платежей";
"63293179-0483";"63293179-0483-1";"2025-12-06 17:57:10";"2025-12-07 02:00:00";"Доставлен";"2025-12-09 12:10:27";"2025-12-07 00:17:35";"19097.00";"RUB";"Cordus Plus - комплект массажеров для спины шеи и поясницы + Кейс";"1774767026";"Комплект_изи_кейс";"19097.00";"RUB";"9194.00";"RUB";"1";;;;"23400.00";"18%";"4303.00";"Системная виртуальная скидка селлера Россия (RUB), Эластичный бустинг. Без ограничения срока действия";"0.7";"Санкт-Петербург и СЗО";"Санкт-Петербург и СЗО";"28";"быстро";"САНКТ-ПЕТЕРБУРГ_РФЦ";"Санкт-Петербург";"Санкт-Петербург";"ПВЗ";"Не премиум";"нет";"Ozon Банк";
"0142740301-0017";"0142740301-0017-1";"2025-12-06 16:58:19";"2025-12-07 15:00:00";"Доставлен";"2025-12-14 03:13:36";"2025-12-06 21:28:24";"18143.00";"RUB";"Cordus Plus - комплект массажеров для спины шеи и поясницы + Кейс";"1774767026";"Комплект_изи_кейс";"18143.00";"RUB";"8722.00";"RUB";"1";;;;"22446.00";"19%";"4303.00";"Эластичный бустинг. Без ограничения срока действия, Системная виртуальная скидка селлера Россия (RUB)";"0.7";"Тюмень";"Красноярск";"75";"долго";"ТЮМЕНЬ_РФЦ";"Бурятия Республика";"Улан-Удэ";"ПВЗ";"Не премиум";"нет";"Кредитная карта";
"28853166-0903";"28853166-0903-1";"2025-12-06 16:02:45";"2025-12-07 01:00:00";"Доставлен";"2025-12-09 12:37:22";"2025-12-07 01:11:16";"16854.00";"RUB";"Массажер электрический для спины и шеи Cordus Vibro от боли в спине";"1793876972";"кордус_вибро";"16854.00";"RUB";"6392.50";"RUB";"1";;;;"21840.00";"23%";"4986.00";"Эластичный бустинг. Без ограничения срока действия, Системная виртуальная скидка селлера Россия (RUB)";"0.4";"Самара";"Казань";"45";"средне";"САМАРА_РФЦ";"Нижегородская Область";"Нижний Новгород";"ПВЗ";"Не премиум";"нет";"Ozon Банк";
"26485956-0948";"26485956-0948-1";"2025-12-06 15:18:30";"2025-12-07 18:00:00";"Доставлен";"2025-12-09 16:59:54";"2025-12-06 19:24:13";"17304.00";"RUB";"Массажер электрический для спины и шеи Cordus Vibro от боли в спине";"1793876972";"кордус_вибро";"17304.00";"RUB";"7073.00";"RUB";"1";;;;"22296.00";"22%";"4992.00";"Автоакция. Рассрочка 0-0-6 #1739185464, Системная виртуальная скидка селлера Россия (RUB), Эластичный бустинг. Без ограничения срока действия";"0.4";"Ростов";"Ростов";"28";"быстро";"РОСТОВ-НА-ДОНУ_РФЦ";"Ростовская Область";"Волгодонск";"ПВЗ";"Премиум";"нет";"Озон Счет Рассрочка МКК";
"33321178-0462";"33321178-0462-4";"2025-12-06 15:14:02";"2025-12-06 20:00:00";"Доставлен";"2025-12-10 09:15:43";"2025-12-06 18:58:17";"17304.00";"RUB";"Массажер электрический для спины и шеи Cordus Vibro от боли в спине";"1793876972";"кордус_вибро";"17304.00";"RUB";"7073.00";"RUB";"1";;;;"22296.00";"22%";"4992.00";"Системная виртуальная скидка селлера Россия (RUB), Эластичный бустинг. Без ограничения срока действия, Автоакция. Рассрочка 0-0-6 #1739185464";"0.4";"Беларусь";"Москва, МО и Дальние регионы";"60";"долго";"МИНСК_МПСЦ";"Московская Область";"Дмитров";"ПВЗ";"Премиум";"нет";"Озон Счет Рассрочка МКК";
"22169035-0489";"22169035-0489-1";"2025-12-06 14:24:52";"2025-12-07 02:00:00";"Отменён";;"2025-12-07 02:22:44";"16554.00";"RUB";"Массажер электрический для спины и шеи Cordus Vibro от боли в спине";"1793876972";"кордус_вибро";"16554.00";"RUB";"5847.00";"RUB";"1";;;;"21540.00";"23%";"4986.00";"Системная виртуальная скидка селлера Россия (RUB), Эластичный бустинг. Без ограничения срока действия";"0.4";"Санкт-Петербург и СЗО";"Санкт-Петербург и СЗО";"28";"быстро";"СПБ_КОЛПИНО_РФЦ";"Санкт-Петербург";"Санкт-Петербург";"ПВЗ";"Не премиум";"нет";"Ozon Банк";
"0113077866-0194";"0113077866-0194-3";"2025-12-06 13:18:34";"2025-12-07 02:00:00";"Отменён";;"2025-12-07 01:46:44";"21863.08";"RUB";"Sacrus Vibro Массажер для поясницы электрический/физиотерапевтический";"1774766986";"Сакрус_Вибро";"21863.08";"RUB";"9233.08";"RUB";"1";;;;"23943.08";"9%";"2080.00";"Системная виртуальная скидка селлера Россия (RUB)";"0.4";"Новосибирск";"Дальний Восток";"60";"долго";"НОВОСИБИРСК_РФЦ_НОВЫЙ";"Приморский Край";"Владивосток";"ПВЗ";"Не премиум";"нет";"Ozon Банк";
"0113077866-0194";"0113077866-0194-1";"2025-12-06 13:18:34";;"Доставлен";"2025-12-14 08:09:40";"2025-12-07 01:49:28";"17110.92";"RUB";"Массажер электрический для спины и шеи Cordus Vibro от боли в спине";"1793876972";"кордус_вибро";"17110.92";"RUB";"6879.92";"RUB";"1";;;;"22096.92";"23%";"4986.00";"Системная виртуальная скидка селлера Россия (RUB), Эластичный бустинг. Без ограничения срока действия";"0.4";"Новосибирск";"Дальний Восток";"60";"долго";"НОВОСИБИРСК_РФЦ_НОВЫЙ";"Приморский Край";"Владивосток";"ПВЗ";"Не премиум";"нет";"Ozon Банк";
"33617838-0121";"33617838-0121-1";"2025-12-06 10:37:53";;"Отменён";;"2025-12-07 12:54:16";"21800.00";"RUB";"Массажер для Йоги и релакса Corden Yoga Тренажер из натурального бука";"2920956821";"Corden_Yoga";"21800.00";"RUB";"10943.00";"RUB";"1";;;;"34459.00";"37%";"12659.00";"Системная виртуальная скидка селлера Россия (RUB)";"0.4";"Москва, МО и Дальние регионы";"Москва, МО и Дальние регионы";"28";"быстро";"ХОРУГВИНО_РФЦ";"Московская Область";"Дедовск";"ПВЗ";"Премиум";"нет";"Ozon Банк";
"41129404-0131";"41129404-0131-2";"2025-12-06 10:15:38";"2025-12-06 19:00:00";"Доставлен";"2025-12-07 12:21:01";"2025-12-06 21:10:49";"4490.00";"RUB";"Кейс дорожный для комплекта массажеров Cordus+Sacrus";"1828646366";"кейс";"4490.00";"RUB";"2393.28";"RUB";"1";;;;"4800.00";"6%";"310.00";"Системная виртуальная скидка селлера Россия (RUB)";"0.6";"Тверь";"Москва, МО и Дальние регионы";"60";"долго";"ТВЕРЬ_РФЦ";"Московская Область";"Истра";"Курьер";"Не премиум";"нет";"Ozon Банк";
"41129404-0131";"41129404-0131-1";"2025-12-06 10:15:38";"2025-12-08 01:00:00";"Доставлен";"2025-12-08 15:01:48";"2025-12-07 20:41:05";"22120.00";"RUB";"Sacrus Vibro Массажер для поясницы электрический/физиотерапевтический";"1774766986";"Сакрус_Вибро";"22120.00";"RUB";"9651.37";"RUB";"1";;;;"24200.00";"9%";"2080.00";"Системная виртуальная скидка селлера Россия (RUB)";"0.4";"Москва, МО и Дальние регионы";"Москва, МО и Дальние регионы";"28";"быстро";"ХОРУГВИНО_РФЦ";"Московская Область";"Истра";"Курьер";"Не премиум";"нет";"Ozon Банк";
"83076171-0863";"83076171-0863-1";"2025-12-06 09:14:03";"2025-12-06 14:30:00";"Отменён";;"2025-12-06 16:33:42";"17304.00";"RUB";"Массажер электрический для спины и шеи Cordus Vibro от боли в спине";"1793876972";"кордус_вибро";"17304.00";"RUB";"7073.00";"RUB";"1";;;;"22290.00";"22%";"4986.00";"Системная виртуальная скидка селлера Россия (RUB), Эластичный бустинг. Без ограничения срока действия";"0.4";"Воронеж";"Ярославль";"60";"долго";"ВОРОНЕЖ_2_РФЦ";"Владимирская Область";"Муром";"ПВЗ";"Премиум";"нет";"Ozon Банк";
"05377419-0630";"05377419-0630-2";"2025-12-06 06:52:20";"2025-12-07 02:00:00";"Доставлен";"2025-12-10 16:30:04";"2025-12-07 00:33:05";"4485.00";"RUB";"Коллаген порошок с Кверцетином Cordus";"1774766972";"Коллаген";"4485.00";"RUB";"2599.05";"RUB";"1";;;;"7560.00";"41%";"3075.00";"Эластичный бустинг. Без ограничения срока действия, Системная виртуальная скидка селлера Россия (RUB)";"0.5";"Краснодар";"Краснодар";"28";"быстро";"НОВОРОССИЙСК_МРФЦ";"Краснодарский Край";"Сочи";"ПВЗ";"Не премиум";"нет";"Ozon Банк";
"04539714-0041";"04539714-0041-2";"2025-12-06 06:48:05";"2025-12-08 01:00:00";"Доставлен";"2025-12-08 14:55:11";"2025-12-07 14:19:23";"19097.00";"RUB";"Cordus Plus - комплект массажеров для спины шеи и поясницы + Кейс";"1774767026";"Комплект_изи_кейс";"19097.00";"RUB";"10808.00";"RUB";"1";;;;"23400.00";"18%";"4303.00";"Системная виртуальная скидка селлера Россия (RUB), Эластичный бустинг. Без ограничения срока действия";"0.7";"Москва, МО и Дальние регионы";"Москва, МО и Дальние регионы";"28";"быстро";"ГРИВНО_РФЦ";"Московская Область";"Коломна";"ПВЗ";"Не премиум";"нет";"Банковская карта";
"77677459-0249";"77677459-0249-1";"2025-12-06 06:10:25";"2025-12-07 01:00:00";"Отменён";;"2025-12-06 14:03:53";"15411.00";"RUB";"Комплект массажеров для спины Cordus Plus для лечения спины, шеи и поясницы, физиотерапевтический(без электроники)";"1774766982";"Комплект_изи";"15411.00";"RUB";"7399.00";"RUB";"1";;;;"22300.00";"31%";"6889.00";"Системная виртуальная скидка селлера Россия (RUB), Эластичный бустинг. Без ограничения срока действия";"1.2";"Москва, МО и Дальние регионы";"Москва, МО и Дальние регионы";"28";"быстро";"ПУШКИНО_1_РФЦ";"Москва";"Москва";"ПВЗ";"Не премиум";"нет";"Ozon Банк";
"0137517386-0804";"0137517386-0804-1";"2025-12-06 02:55:32";"2025-12-06 14:30:00";"Отменён";;"2025-12-06 07:58:14";"9096.00";"RUB";"Массажер для Йоги и релакса Corden Yoga Тренажер из натурального бука";"2920956821";"Corden_Yoga";"9096.00";"RUB";"4358.29";"RUB";"1";;;;"34459.00";"74%";"25363.00";"Системная виртуальная скидка селлера Россия (RUB), Супербустинг 11.11";"0.4";"Екатеринбург";"Тюмень";"45";"средне";"ЕКАТЕРИНБУРГ_РФЦ_НОВЫЙ";"Тюменская Область";"Тюмень";"ПВЗ";"Не премиум";"нет";"Ozon Банк";
"0137517386-0803";"0137517386-0803-1";"2025-12-05 19:43:01";"2025-12-06 00:00:00";"Отменён";;"2025-12-06 00:25:57";"9885.00";"RUB";"Массажёр для спины шеи и поясницы Cordus Easy";"1793877007";"Кордус_изи";"9885.00";"RUB";"5078.00";"RUB";"1";;;;"10550.00";"6%";"665.00";"Системная виртуальная скидка селлера Россия (RUB)";"0.3";"Тюмень";"Тюмень";"28";"быстро";"ТЮМЕНЬ_РФЦ";"Тюменская Область";"Тюмень";"ПВЗ";"Не премиум";"нет";"Ozon Банк";
"0104246564-0206";"0104246564-0206-1";"2025-12-05 18:18:46";"2025-12-06 06:00:00";"Доставлен";"2025-12-07 14:51:55";"2025-12-06 03:27:27";"14961.00";"RUB";"Комплект массажеров для спины Cordus Plus для лечения спины, шеи и поясницы, физиотерапевтический(без электроники)";"1774766982";"Комплект_изи";"14961.00";"RUB";"7158.00";"RUB";"1";;;;"21850.00";"32%";"6889.00";"Системная виртуальная скидка селлера Россия (RUB), Эластичный бустинг. Без ограничения срока действия";"1.2";"Уфа";"Уфа";"28";"быстро";"УФА_РФЦ";"Удмуртская Республика";"Ижевск";"ПВЗ";"Не премиум";"нет";"Ozon Банк";
"31210725-0143";"31210725-0143-1";"2025-12-05 16:53:46";"2025-12-06 16:30:00";"Доставлен";"2025-12-13 08:53:35";"2025-12-06 06:17:53";"19097.00";"RUB";"Cordus Plus - комплект массажеров для спины шеи и поясницы + Кейс";"1774767026";"Комплект_изи_кейс";"19097.00";"RUB";"9747.00";"RUB";"1";;;;"23400.00";"18%";"4303.00";"Системная виртуальная скидка селлера Россия (RUB), Эластичный бустинг. Без ограничения срока действия";"0.7";"Екатеринбург";"Екатеринбург";"28";"быстро";"ЕКАТЕРИНБУРГ_РФЦ_НОВЫЙ";"Челябинская Область";"Челябинск";"ПВЗ";"Не премиум";"нет";"Ozon Банк";
"0140229665-0032";"0140229665-0032-1";"2025-12-05 15:36:24";"2025-12-06 13:00:00";"Доставлен";"2025-12-08 10:34:13";"2025-12-06 03:23:16";"9885.00";"RUB";"Массажёр для спины шеи и поясницы Cordus Easy";"1793877007";"Кордус_изи";"9885.00";"RUB";"240.53";"BYN";"1";;;"Подлежит выкупу";"10549.79";"6%";"664.79";"Системная виртуальная скидка селлера Россия (RUB)";"0.3";"Москва, МО и Дальние регионы";"Беларусь";"45";"средне";"ПУШКИНО_1_РФЦ";;"Минск";"ПВЗ";"Не премиум";"нет";"Банковская карта";
"14262962-0627";"14262962-0627-1";"2025-12-05 15:03:16";"2025-12-05 20:00:00";"Отменён";;;"15411.00";"RUB";"Комплект массажеров для спины Cordus Plus для лечения спины, шеи и поясницы, физиотерапевтический(без электроники)";"1774766982";"Комплект_изи";"15411.00";"RUB";"7817.00";"RUB";"1";;;;"22306.00";"31%";"6895.00";"Системная виртуальная скидка селлера Россия (RUB), Эластичный бустинг. Без ограничения срока действия, Автоакция. Рассрочка 0-0-6 #1739185464";"1.2";"Екатеринбург";"Екатеринбург";"28";"быстро";"ЕКАТЕРИНБУРГ_РФЦ_НОВЫЙ";"Свердловская Область";"Лесной";"ПВЗ";"Не премиум";"нет";"Озон Счет Рассрочка МКК";
"0181522881-0073";"0181522881-0073-1";"2025-12-05 12:52:09";"2025-12-06 02:00:00";"Доставлен";"2025-12-13 12:11:33";"2025-12-06 00:23:28";"4485.00";"RUB";"Коллаген порошок с Кверцетином Cordus";"1774766972";"Коллаген";"4485.00";"RUB";"2628.57";"RUB";"1";;;;"7560.00";"41%";"3075.00";"Системная виртуальная скидка селлера Россия (RUB), Эластичный бустинг. Без ограничения срока действия";"0.5";"Краснодар";"Ростов";"45";"средне";"НОВОРОССИЙСК_МРФЦ";"Ростовская Область";;"ПВЗ";"Не премиум";"нет";"Ozon Банк";
"0155054713-0075";"0155054713-0075-1";"2025-12-05 12:50:26";"2025-12-06 00:00:00";"Доставлен";"2025-12-08 16:46:47";"2025-12-06 00:57:12";"9096.00";"RUB";"Массажер для Йоги и релакса Corden Yoga Тренажер из натурального бука";"2920956821";"Corden_Yoga";"9096.00";"RUB";"3607.86";"RUB";"1";;;;"34459.00";"74%";"25363.00";"Системная виртуальная скидка селлера Россия (RUB), Супербустинг 11.11";"0.4";"Москва, МО и Дальние регионы";"Москва, МО и Дальние регионы";"28";"быстро";"ХОРУГВИНО_РФЦ";"Москва";"Москва";"ПВЗ";"Не премиум";"нет";"Ozon Банк";
"0147187021-0149";"0147187021-0149-1";"2025-12-05 12:12:08";"2025-12-06 01:00:00";"Доставлен";"2025-12-06 14:30:35";"2025-12-06 02:36:48";"8646.00";"RUB";"Массажер для Йоги и релакса Corden Yoga Тренажер из натурального бука";"2920956821";"Corden_Yoga";"8646.00";"RUB";"3634.36";"RUB";"1";;;;"34009.00";"75%";"25363.00";"Супербустинг 11.11, Системная виртуальная скидка селлера Россия (RUB)";"0.4";"Москва, МО и Дальние регионы";"Москва, МО и Дальние регионы";"28";"быстро";"ХОРУГВИНО_РФЦ";"Москва";"Москва";"ПВЗ";"Не премиум";"нет";"Ozon Банк";
"0143300809-0027";"0143300809-0027-1";"2025-12-05 12:00:48";"2025-12-06 00:00:00";"Доставлен";"2025-12-06 17:04:10";"2025-12-06 00:57:12";"22120.00";"RUB";"Sacrus Vibro Массажер для поясницы электрический/физиотерапевтический";"1774766986";"Сакрус_Вибро";"22120.00";"RUB";"9394.00";"RUB";"1";;;;"24200.00";"9%";"2080.00";"Системная виртуальная скидка селлера Россия (RUB)";"0.4";"Москва, МО и Дальние регионы";"Москва, МО и Дальние регионы";"28";"быстро";"ХОРУГВИНО_РФЦ";"Москва";"Москва";"ПВЗ";"Не премиум";"нет";"Ozon Банк";
"86172310-0123";"86172310-0123-2";"2025-12-05 11:26:42";;"Доставлен";"2025-12-08 15:44:36";"2025-12-05 21:15:11";"9885.00";"RUB";"Массажёр для спины шеи и поясницы Cordus Easy";"1793877007";"Кордус_изи";"9885.00";"RUB";"4772.00";"RUB";"1";;;;"10550.00";"6%";"665.00";"Системная виртуальная скидка селлера Россия (RUB)";"0.3";"Москва, МО и Дальние регионы";"Москва, МО и Дальние регионы";"28";"быстро";"ПУШКИНО_1_РФЦ";"Москва";"Москва";"ПВЗ";"Не премиум";"нет";"Ozon Банк";
"32563562-0027";"32563562-0027-1";"2025-12-05 10:09:54";"2025-12-06 01:00:00";"Доставлен";"2025-12-06 16:46:11";"2025-12-06 02:09:37";"15411.00";"RUB";"Комплект массажеров для спины Cordus Plus для лечения спины, шеи и поясницы, физиотерапевтический(без электроники)";"1774766982";"Комплект_изи";"15411.00";"RUB";"7329.00";"RUB";"1";;;;"22306.00";"31%";"6895.00";"Системная виртуальная скидка селлера Россия (RUB), Эластичный бустинг. Без ограничения срока действия, Автоакция. Рассрочка 0-0-6 #1739185464";"1.2";"Москва, МО и Дальние регионы";"Москва, МО и Дальние регионы";"28";"быстро";"ПУШКИНО_1_РФЦ";"Москва";"Москва";"ПВЗ";"Не премиум";"нет";"Озон Счет Рассрочка МКК";
"0164925704-0021";"0164925704-0021-1";"2025-12-05 10:08:05";"2025-12-05 16:30:00";"Доставлен";"2025-12-06 14:19:50";"2025-12-05 16:10:05";"15411.00";"RUB";"Комплект массажеров для спины Cordus Plus для лечения спины, шеи и поясницы, физиотерапевтический(без электроники)";"1774766982";"Комплект_изи";"15411.00";"RUB";"7747.00";"RUB";"1";;;;"22300.00";"31%";"6889.00";"Системная виртуальная скидка селлера Россия (RUB), Эластичный бустинг. Без ограничения срока действия";"1.2";"Екатеринбург";"Екатеринбург";"28";"быстро";"ЕКАТЕРИНБУРГ_РФЦ_НОВЫЙ";"Челябинская Область";"Челябинск";"ПВЗ";"Не премиум";"нет";"Ozon Банк";
"34170161-0158";"34170161-0158-1";"2025-12-05 06:00:40";"2025-12-06 00:30:00";"Доставлен";"2025-12-08 13:48:17";"2025-12-06 02:20:17";"15411.00";"RUB";"Комплект массажеров для спины Cordus Plus для лечения спины, шеи и поясницы, физиотерапевтический(без электроники)";"1774766982";"Комплект_изи";"15411.00";"RUB";"7747.00";"RUB";"1";;;;"22300.00";"31%";"6889.00";"Системная виртуальная скидка селлера Россия (RUB), Эластичный бустинг. Без ограничения срока действия";"1.2";"Уфа";"Казань";"45";"средне";"УФА_РФЦ";"Кировская Область";"Вятские Поляны";"ПВЗ";"Не премиум";"нет";"Ozon Банк";
"83076171-0861";"83076171-0861-1";"2025-12-05 00:46:41";"2025-12-05 09:30:00";"Отменён";;"2025-12-05 09:45:32";"17304.00";"RUB";"Массажер электрический для спины и шеи Cordus Vibro от боли в спине";"1793876972";"кордус_вибро";"17304.00";"RUB";"7356.00";"RUB";"1";;;;"22290.00";"22%";"4986.00";"Эластичный бустинг. Без ограничения срока действия, Системная виртуальная скидка селлера Россия (RUB)";"0.4";"Казань";"Ярославль";"60";"долго";"КАЗАНЬ_РФЦ_НОВЫЙ";"Владимирская Область";"Муром";"ПВЗ";"Премиум";"нет";"Ozon Банк";
"55685988-0525";"55685988-0525-1";"2025-12-04 21:03:14";"2025-12-06 01:00:00";"Доставлен";"2025-12-13 12:50:52";"2025-12-05 21:00:25";"4035.00";"RUB";"Коллаген порошок с Кверцетином Cordus";"1774766972";"Коллаген";"4035.00";"RUB";"2178.57";"RUB";"1";;;;"7110.00";"43%";"3075.00";"Системная виртуальная скидка селлера Россия (RUB), Эластичный бустинг. Без ограничения срока действия";"0.5";"Москва, МО и Дальние регионы";"Москва, МО и Дальние регионы";"28";"быстро";"ГРИВНО_РФЦ";"Московская Область";"Воскресенск";"ПВЗ";"Не премиум";"нет";"Ozon Банк";
"29761650-2907";"29761650-2907-1";"2025-12-04 20:21:27";"2025-12-05 23:00:00";"Отменён";;"2025-12-05 11:51:13";"48990.00";"RUB";"Комплект медицинских массажеров для спины Cordus&Sacrus Ero";"1775726260";"комплект_Эро";"48990.00";"RUB";"25634.00";"RUB";"1";;;;"51600.00";"5%";"2610.00";"Системная виртуальная скидка селлера Россия (RUB)";"0.8";"Москва, МО и Дальние регионы";"Ростов";"60";"долго";"ХОРУГВИНО_РФЦ";"Ростовская Область";"Белая Калитва";"ПВЗ";"Премиум";"нет";"Ozon Банк";
"70345656-0109";"70345656-0109-1";"2025-12-04 15:14:16";"2025-12-05 06:00:00";"Доставлен";"2025-12-06 14:18:20";"2025-12-05 00:41:33";"17304.00";"RUB";"Массажер электрический для спины и шеи Cordus Vibro от боли в спине";"1793876972";"кордус_вибро";"17304.00";"RUB";"1.00";"RUB";"1";;;;"22290.00";"22%";"4986.00";"Системная виртуальная скидка селлера Россия (RUB), Эластичный бустинг. Без ограничения срока действия";"0.4";"Уфа";"Уфа";"28";"быстро";"УФА_РФЦ";"Удмуртская Республика";"Ижевск";"ПВЗ";"Не премиум";"нет";"Ozon Банк";
"67718340-0908";"67718340-0908-1";"2025-12-04 14:44:03";"2025-12-05 01:00:00";"Доставлен";"2025-12-06 15:37:00";"2025-12-05 13:02:25";"19097.00";"RUB";"Cordus Plus - комплект массажеров для спины шеи и поясницы + Кейс";"1774767026";"Комплект_изи_кейс";"19097.00";"RUB";"9660.00";"RUB";"1";;;;"23400.00";"18%";"4303.00";"Системная виртуальная скидка селлера Россия (RUB), Эластичный бустинг. Без ограничения срока действия";"0.7";"Москва, МО и Дальние регионы";"Москва, МО и Дальние регионы";"28";"быстро";"ГРИВНО_РФЦ";"Московская Область";"Балашиха";"ПВЗ";"Премиум";"нет";"Ozon Банк";
"39255075-0362";"39255075-0362-1";"2025-12-04 13:38:35";"2025-12-04 18:30:00";"Доставлен";"2025-12-07 07:26:06";"2025-12-04 19:37:45";"21012.00";"RUB";"Sacrus Vibro Массажер для поясницы электрический/физиотерапевтический";"1774766986";"Сакрус_Вибро";"21012.00";"RUB";"9362.00";"RUB";"1";;;;"23092.00";"9%";"2080.00";"Системная виртуальная скидка селлера Россия (RUB)";"0.4";"Казань";"Казань";"28";"быстро";"КАЗАНЬ_РФЦ_НОВЫЙ";"Республика Марий Эл";"Йошкар-Ола";"ПВЗ";"Не премиум";"нет";"Ozon Банк";
"48716289-0116";"48716289-0116-1";"2025-12-04 11:51:44";"2025-12-05 01:00:00";"Доставлен";"2025-12-08 08:57:16";"2025-12-05 01:56:09";"4485.00";"RUB";"Коллаген порошок с Кверцетином Cordus";"1774766972";"Коллаген";"4485.00";"RUB";"2373.33";"RUB";"1";;;;"7560.00";"41%";"3075.00";"Системная виртуальная скидка селлера Россия (RUB), Эластичный бустинг. Без ограничения срока действия";"0.5";"Москва, МО и Дальние регионы";"Москва, МО и Дальние регионы";"28";"быстро";"ПУШКИНО_1_РФЦ";"Москва";"Москва";"ПВЗ";"Не премиум";"нет";"Ozon Банк";
"55769692-1648";"55769692-1648-1";"2025-12-04 08:14:10";"2025-12-05 06:00:00";"Доставлен";"2025-12-07 05:35:46";"2025-12-05 03:50:22";"7357.00";"RUB";"Медицинский массажер для поясницы и шеи Sacrus Easy";"1774766962";"Сакрус_Изи";"7357.00";"RUB";"3695.19";"RUB";"1";;;;"14329.00";"49%";"6972.00";"Системная виртуальная скидка селлера Россия (RUB), Эластичный бустинг. Без ограничения срока действия";"0.2";"Уфа";"Уфа";"28";"быстро";"УФА_РФЦ";"Челябинская Область";"Магнитогорск";"ПВЗ";"Премиум";"нет";"Ozon Банк";
"23648681-0210";"23648681-0210-1";"2025-12-04 07:40:07";"2025-12-05 01:00:00";"Доставлен";"2025-12-06 13:31:06";"2025-12-05 01:52:11";"8318.00";"RUB";"Медицинский массажер для поясницы и шеи Sacrus Easy";"1774766962";"Сакрус_Изи";"8318.00";"RUB";"4919.00";"RUB";"1";;;;"15290.00";"46%";"6972.00";"Системная виртуальная скидка селлера Россия (RUB), Эластичный бустинг. Без ограничения срока действия";"0.2";"Санкт-Петербург и СЗО";"Санкт-Петербург и СЗО";"28";"быстро";"САНКТ-ПЕТЕРБУРГ_РФЦ";"Ленинградская Область";"Всеволожск";"ПВЗ";"Не премиум";"нет";"SberPay";
"00430981-0359";"00430981-0359-1";"2025-12-04 07:34:15";"2025-12-05 00:00:00";"Доставлен";"2025-12-06 16:43:16";"2025-12-05 00:58:44";"9096.00";"RUB";"Массажер для Йоги и релакса Corden Yoga Тренажер из натурального бука";"2920956821";"Corden_Yoga";"9096.00";"RUB";"3996.21";"RUB";"1";;;;"34459.00";"74%";"25363.00";"Системная виртуальная скидка селлера Россия (RUB), Супербустинг 11.11";"0.4";"Москва, МО и Дальние регионы";"Москва, МО и Дальние регионы";"28";"быстро";"ХОРУГВИНО_РФЦ";"Москва";"Москва";"ПВЗ";"Не премиум";"нет";"Ozon Банк";
"76214609-0005";"76214609-0005-1";"2025-12-04 06:23:20";;"Отменён";;"2025-12-05 02:49:00";"17304.00";"RUB";"Массажер электрический для спины и шеи Cordus Vibro от боли в спине";"1793876972";"кордус_вибро";"17304.00";"RUB";"8087.00";"RUB";"1";;;;"22290.00";"22%";"4986.00";"Системная виртуальная скидка селлера Россия (RUB), Эластичный бустинг. Без ограничения срока действия";"0.4";"Пермь";"Екатеринбург";"45";"средне";"ПЕРМЬ_РФЦ";"Челябинская Область";"Челябинск";"ПВЗ";"Не премиум";"нет";"Банковская карта";
"48483132-0280";"48483132-0280-1";"2025-12-04 06:19:48";"2025-12-05 06:00:00";"Доставлен";"2025-12-06 11:49:27";"2025-12-05 11:42:41";"15411.00";"RUB";"Комплект массажеров для спины Cordus Plus для лечения спины, шеи и поясницы, физиотерапевтический(без электроники)";"1774766982";"Комплект_изи";"15411.00";"RUB";"7835.84";"RUB";"1";;;;"22306.00";"31%";"6895.00";"Системная виртуальная скидка селлера Россия (RUB), Эластичный бустинг. Без ограничения срока действия, Автоакция. Рассрочка 0-0-6 #1739185464";"1.2";"Уфа";"Уфа";"28";"быстро";"УФА_РФЦ";"Татарстан Республика";"Набережные Челны";"Курьер";"Не премиум";"нет";"Озон Счет Рассрочка МКК";
"0201041486-0010";"0201041486-0010-1";"2025-12-04 04:58:35";"2025-12-04 17:00:00";"Отменён";;"2025-12-04 17:30:26";"17304.00";"RUB";"Массажер электрический для спины и шеи Cordus Vibro от боли в спине";"1793876972";"кордус_вибро";"17304.00";"RUB";"7397.00";"RUB";"1";;;;"22290.00";"22%";"4986.00";"Системная виртуальная скидка селлера Россия (RUB), Эластичный бустинг. Без ограничения срока действия";"0.4";"Краснодар";"Краснодар";"28";"быстро";"НОВОРОССИЙСК_МРФЦ";"Краснодарский Край";"Краснодар";"ПВЗ";"Не премиум";"нет";"Ozon Банк";
"0124108164-0261";"0124108164-0261-1";"2025-12-04 02:01:49";"2025-12-04 15:00:00";"Доставлен";"2025-12-07 14:33:16";"2025-12-04 15:54:57";"9096.00";"RUB";"Массажер для Йоги и релакса Corden Yoga Тренажер из натурального бука";"2920956821";"Corden_Yoga";"9096.00";"RUB";"4323.50";"RUB";"1";;;;"34459.00";"74%";"25363.00";"Системная виртуальная скидка селлера Россия (RUB), Супербустинг 11.11";"0.4";"Невинномысск";"Краснодар";"45";"средне";"НЕВИННОМЫССК_РФЦ";"Краснодарский Край";"Сочи";"ПВЗ";"Не премиум";"нет";"Ozon Банк";
"0218201796-0004";"0218201796-0004-1";"2025-12-03 23:10:50";"2025-12-08 23:00:00";"Доставлен";"2025-12-12 09:08:59";"2025-12-08 07:52:26";"17304.00";"RUB";"Массажер электрический для спины и шеи Cordus Vibro от боли в спине";"1793876972";"кордус_вибро";"17304.00";"RUB";"7647.00";"RUB";"1";;;;"22290.00";"22%";"4986.00";"Системная виртуальная скидка селлера Россия (RUB), Эластичный бустинг. Без ограничения срока действия";"0.4";"Казань";"Казань";"28";"быстро";"НИЖНИЙ_НОВГОРОД_РФЦ";"Нижегородская Область";;"ПВЗ";"Не премиум";"да";"Оплата с Отсрочкой для бизнеса";
"0233026249-0001";"0233026249-0001-2";"2025-12-03 22:28:43";"2025-12-05 00:00:00";"Доставлен";"2025-12-15 10:27:31";"2025-12-04 18:36:55";"15411.00";"RUB";"Комплект массажеров для спины Cordus Plus для лечения спины, шеи и поясницы, физиотерапевтический(без электроники)";"1774766982";"Комплект_изи";"15411.00";"RUB";"8538.00";"RUB";"1";;;;"22300.00";"31%";"6889.00";"Системная виртуальная скидка селлера Россия (RUB), Эластичный бустинг. Без ограничения срока действия";"1.2";"Москва, МО и Дальние регионы";"Москва, МО и Дальние регионы";"28";"быстро";"ПУШКИНО_1_РФЦ";"Москва";"Марушкинское";"ПВЗ";"Не премиум";"нет";"Система Быстрых Платежей";
"30258398-0092";"30258398-0092-1";"2025-12-03 20:58:16";"2025-12-04 21:00:00";"Отменён";;"2025-12-04 21:05:16";"14961.00";"RUB";"Комплект массажеров для спины Cordus Plus для лечения спины, шеи и поясницы, физиотерапевтический(без электроники)";"1774766982";"Комплект_изи";"14961.00";"RUB";"6944.00";"RUB";"1";;;;"21850.00";"32%";"6889.00";"Системная виртуальная скидка селлера Россия (RUB), Эластичный бустинг. Без ограничения срока действия";"1.2";"Тюмень";"Тюмень";"28";"быстро";"ТЮМЕНЬ_РФЦ";"Ханты-Мансийский Автономный округ - Югра";"Советский";"ПВЗ";"Не премиум";"нет";"Баланс средств";
"0200855948-0007";"0200855948-0007-1";"2025-12-03 19:25:11";"2025-12-04 13:00:00";"Доставлен";"2025-12-06 12:36:06";"2025-12-04 12:03:02";"15411.00";"RUB";"Комплект массажеров для спины Cordus Plus для лечения спины, шеи и поясницы, физиотерапевтический(без электроники)";"1774766982";"Комплект_изи";"15411.00";"RUB";"356.87";"BYN";"1";;;"Подлежит выкупу";"22299.57";"31%";"6888.57";"Системная виртуальная скидка селлера Россия (RUB), Эластичный бустинг. Без ограничения срока действия";"1.2";"Москва, МО и Дальние регионы";"Беларусь";"45";"средне";"ПУШКИНО_1_РФЦ";;"Борисов";"ПВЗ";"Не премиум";"нет";"Банковская карта";
"69435381-1877";"69435381-1877-1";"2025-12-03 18:51:34";"2025-12-04 18:30:00";"Доставлен";"2025-12-09 13:00:54";"2025-12-04 14:13:45";"15411.00";"RUB";"Комплект массажеров для спины Cordus Plus для лечения спины, шеи и поясницы, физиотерапевтический(без электроники)";"1774766982";"Комплект_изи";"15411.00";"RUB";"7694.00";"RUB";"1";;;;"22300.00";"31%";"6889.00";"Эластичный бустинг. Без ограничения срока действия, Системная виртуальная скидка селлера Россия (RUB)";"1.2";"Казань";"Казань";"28";"быстро";"КАЗАНЬ_РФЦ_НОВЫЙ";"Республика Марий Эл";;"ПВЗ";"Премиум";"нет";"Ozon Банк";
"03188952-0436";"03188952-0436-1";"2025-12-03 18:36:37";"2025-12-04 09:30:00";"Доставлен";"2025-12-07 11:12:59";"2025-12-04 07:45:39";"17304.00";"RUB";"Массажер электрический для спины и шеи Cordus Vibro от боли в спине";"1793876972";"кордус_вибро";"17304.00";"RUB";"7397.00";"RUB";"1";;;;"22296.00";"22%";"4992.00";"Эластичный бустинг. Без ограничения срока действия, Автоакция. Рассрочка 0-0-6 #1739185464, Системная виртуальная скидка селлера Россия (RUB)";"0.4";"Казань";"Москва, МО и Дальние регионы";"60";"долго";"НИЖНИЙ_НОВГОРОД_РФЦ";"Тульская Область";"Тула";"ПВЗ";"Премиум";"нет";"Озон Счет Рассрочка МКК";
"72738365-0202";"72738365-0202-1";"2025-12-03 16:13:07";"2025-12-04 20:00:00";"Доставлен";"2025-12-05 12:48:36";"2025-12-04 12:52:58";"15958.00";"RUB";"Cordus Plus - комплект массажеров для спины шеи и поясницы + Кейс";"1774767026";"Комплект_изи_кейс";"15958.00";"RUB";"7774.00";"RUB";"1";;;;"23400.00";"32%";"7442.00";"Системная виртуальная скидка селлера Россия (RUB), Лайт бустинг 11.11 и Чёрная пятница";"0.7";"Екатеринбург";"Екатеринбург";"28";"быстро";"ЕКАТЕРИНБУРГ_РФЦ_НОВЫЙ";"Свердловская Область";"Нижний Тагил";"ПВЗ";"Не премиум";"нет";"Озон Счет Рассрочка МКК";
"0153734234-0236";"0153734234-0236-1";"2025-12-03 16:01:00";"2025-12-04 00:00:00";"Доставлен";"2025-12-04 15:21:49";"2025-12-04 00:39:37";"9685.00";"RUB";"Массажёр для спины шеи и поясницы Cordus Easy";"1793877007";"Кордус_изи";"9685.00";"RUB";"4796.19";"RUB";"1";;;;"10550.00";"8%";"865.00";"Системная виртуальная скидка селлера Россия (RUB)";"0.3";"Москва, МО и Дальние регионы";"Москва, МО и Дальние регионы";"28";"быстро";"ПУШКИНО_1_РФЦ";"Москва";"Кокошкино";"ПВЗ";"Не премиум";"нет";"Ozon Банк";
"97998503-0046";"97998503-0046-1";"2025-12-03 15:01:16";"2025-12-04 00:30:00";"Доставлен";"2025-12-07 09:28:51";"2025-12-04 00:12:43";"17304.00";"RUB";"Массажер электрический для спины и шеи Cordus Vibro от боли в спине";"1793876972";"кордус_вибро";"17304.00";"RUB";"7733.00";"RUB";"1";;;;"22290.00";"22%";"4986.00";"Системная виртуальная скидка селлера Россия (RUB), Эластичный бустинг. Без ограничения срока действия";"0.4";"Уфа";"Тюмень";"60";"долго";"УФА_РФЦ";"Курганская Область";"Курган";"ПВЗ";"Не премиум";"нет";"Ozon Банк";
"51103939-0263";"51103939-0263-1";"2025-12-03 14:19:47";"2025-12-04 02:00:00";"Доставлен";"2025-12-05 06:39:43";"2025-12-03 18:58:46";"21920.00";"RUB";"Sacrus Vibro Массажер для поясницы электрический/физиотерапевтический";"1774766986";"Сакрус_Вибро";"21920.00";"RUB";"10032.00";"RUB";"1";;;;"24200.00";"9%";"2280.00";"Системная виртуальная скидка селлера Россия (RUB)";"0.4";"Санкт-Петербург и СЗО";"Санкт-Петербург и СЗО";"28";"быстро";"СПБ_КОЛПИНО_РФЦ";"Санкт-Петербург";"Санкт-Петербург";"ПВЗ";"Не премиум";"нет";"Ozon Банк";
"0187874658-0091";"0187874658-0091-1";"2025-12-03 13:12:12";"2025-12-04 06:00:00";"Отменён";;"2025-12-04 03:04:05";"17304.00";"RUB";"Массажер электрический для спины и шеи Cordus Vibro от боли в спине";"1793876972";"кордус_вибро";"17304.00";"RUB";"358.58";"BYN";"1";;;"Подлежит выкупу";"22289.64";"22%";"4985.64";"Эластичный бустинг. Без ограничения срока действия, Системная виртуальная скидка селлера Россия (RUB)";"0.4";"Беларусь";"Беларусь";"28";"быстро";"МИНСК_МПСЦ";;"Минск";"ПВЗ";"Не премиум";"нет";"Банковская карта";
"15970183-0106";"15970183-0106-1";"2025-12-03 12:55:59";"2025-12-03 23:30:00";"Доставлен";"2025-12-16 15:32:05";"2025-12-03 21:21:30";"21920.00";"RUB";"Sacrus Vibro Массажер для поясницы электрический/физиотерапевтический";"1774766986";"Сакрус_Вибро";"21920.00";"RUB";"11517.00";"RUB";"1";;;;"24200.00";"9%";"2280.00";"Системная виртуальная скидка селлера Россия (RUB)";"0.4";"Казань";"Казань";"28";"быстро";"КАЗАНЬ_РФЦ_НОВЫЙ";"Татарстан Республика";"Казань";"ПВЗ";"Не премиум";"нет";"Банковская карта";
"04479669-0256";"04479669-0256-1";"2025-12-03 12:29:17";;"Доставлен";"2025-12-06 12:59:28";"2025-12-03 18:29:13";"6686.00";"RUB";"Массажёр для спины шеи и поясницы Cordus Easy";"1793877007";"Кордус_изи";"6686.00";"RUB";"2687.14";"RUB";"1";;;;"7551.00";"11%";"865.00";"Системная виртуальная скидка селлера Россия (RUB)";"0.3";"Санкт-Петербург и СЗО";"Санкт-Петербург и СЗО";"28";"быстро";"САНКТ-ПЕТЕРБУРГ_РФЦ";"Санкт-Петербург";"Санкт-Петербург";"ПВЗ";"Не премиум";"нет";"Ozon Банк";
"81714746-0025";"81714746-0025-1";"2025-12-03 12:02:19";"2025-12-03 23:00:00";"Доставлен";"2025-12-07 07:53:36";"2025-12-04 10:40:17";"21920.00";"RUB";"Sacrus Vibro Массажер для поясницы электрический/физиотерапевтический";"1774766986";"Сакрус_Вибро";"21920.00";"RUB";"10534.00";"RUB";"1";;;;"24200.00";"9%";"2280.00";"Системная виртуальная скидка селлера Россия (RUB)";"0.4";"Дальний Восток";"Дальний Восток";"28";"быстро";"ХАБАРОВСК_2_РФЦ";"Приморский Край";"Владивосток";"ПВЗ";"Не премиум";"нет";"Ozon Банк";
"24371423-0034";"24371423-0034-1";"2025-12-03 11:09:52";"2025-12-04 13:00:00";"Доставлен";"2025-12-05 15:09:05";"2025-12-04 13:25:15";"15958.00";"RUB";"Cordus Plus - комплект массажеров для спины шеи и поясницы + Кейс";"1774767026";"Комплект_изи_кейс";"15958.00";"RUB";"7628.00";"RUB";"1";;;;"23400.00";"32%";"7442.00";"Системная виртуальная скидка селлера Россия (RUB), Лайт бустинг 11.11 и Чёрная пятница";"0.7";"Москва, МО и Дальние регионы";"Москва, МО и Дальние регионы";"28";"быстро";"ГРИВНО_РФЦ";"Рязанская Область";"Рязань";"ПВЗ";"Не премиум";"нет";"Баланс средств";
"81687732-0272";"81687732-0272-1";"2025-12-03 11:08:02";"2025-12-03 17:00:00";"Доставлен";"2025-12-09 14:46:22";"2025-12-03 17:08:01";"4389.00";"RUB";"Коллаген порошок с Кверцетином Cordus";"1774766972";"Коллаген";"4389.00";"RUB";"2286.67";"RUB";"1";;;;"7560.00";"42%";"3171.00";"Системная виртуальная скидка селлера Россия (RUB), Эластичный бустинг. Без ограничения срока действия";"0.5";"Краснодар";"Ростов";"45";"средне";"НОВОРОССИЙСК_МРФЦ";"Крым Республика";"Симферополь";"ПВЗ";"Не премиум";"нет";"Ozon Банк";
"88970060-0043";"88970060-0043-1";"2025-12-03 09:07:59";"2025-12-04 01:00:00";"Доставлен";"2025-12-07 09:27:17";"2025-12-04 00:44:24";"21920.00";"RUB";"Sacrus Vibro Массажер для поясницы электрический/физиотерапевтический";"1774766986";"Сакрус_Вибро";"21920.00";"RUB";"11517.00";"RUB";"1";;;;"24200.00";"9%";"2280.00";"Системная виртуальная скидка селлера Россия (RUB)";"0.4";"Санкт-Петербург и СЗО";"Санкт-Петербург и СЗО";"28";"быстро";"СПБ_КОЛПИНО_РФЦ";"Псковская Область";"Невель";"ПВЗ";"Не премиум";"нет";"Система Быстрых Платежей";
"48385477-0378";"48385477-0378-1";"2025-12-03 09:02:16";"2025-12-03 14:30:00";"Доставлен";"2025-12-09 15:12:12";"2025-12-03 11:33:24";"17304.00";"RUB";"Массажер электрический для спины и шеи Cordus Vibro от боли в спине";"1793876972";"кордус_вибро";"17304.00";"RUB";"7983.00";"RUB";"1";;;;"22290.00";"22%";"4986.00";"Системная виртуальная скидка селлера Россия (RUB), Эластичный бустинг. Без ограничения срока действия";"0.4";"Воронеж";"Москва, МО и Дальние регионы";"60";"долго";"ВОРОНЕЖ_2_РФЦ";"Московская Область";"Электрогорск";"Постамат";"Не премиум";"нет";"Ozon Банк";
"93724977-0214";"93724977-0214-1";"2025-12-03 08:29:16";"2025-12-03 14:30:00";"Отменён";;"2025-12-03 10:57:11";"17304.00";"RUB";"Массажер электрический для спины и шеи Cordus Vibro от боли в спине";"1793876972";"кордус_вибро";"17304.00";"RUB";"7733.00";"RUB";"1";;;;"22290.00";"22%";"4986.00";"Системная виртуальная скидка селлера Россия (RUB), Эластичный бустинг. Без ограничения срока действия";"0.4";"Воронеж";"Москва, МО и Дальние регионы";"60";"долго";"ВОРОНЕЖ_2_РФЦ";"Московская Область";"Химки";"ПВЗ";"Не премиум";"нет";"Ozon Банк";
"55769692-1639";"55769692-1639-1";"2025-12-03 05:39:56";"2025-12-04 06:00:00";"Отменён";;"2025-12-04 04:26:24";"8065.00";"RUB";"Медицинский массажер для поясницы и шеи Sacrus Easy";"1774766962";"Сакрус_Изи";"8065.00";"RUB";"4446.67";"RUB";"1";;;;"15290.00";"47%";"7225.00";"Системная виртуальная скидка селлера Россия (RUB), Эластичный бустинг. Без ограничения срока действия";"0.2";"Уфа";"Уфа";"28";"быстро";"УФА_РФЦ";"Челябинская Область";"Магнитогорск";"ПВЗ";"Премиум";"нет";"Ozon Банк";
"29948189-0652";"29948189-0652-1";"2025-12-03 05:09:27";"2025-12-04 01:00:00";"Отменён";;;"15958.00";"RUB";"Cordus Plus - комплект массажеров для спины шеи и поясницы + Кейс";"1774767026";"Комплект_изи_кейс";"15958.00";"RUB";"8465.00";"RUB";"1";;;;"23400.00";"32%";"7442.00";"Системная виртуальная скидка селлера Россия (RUB), Лайт бустинг 11.11 и Чёрная пятница";"0.7";"Москва, МО и Дальние регионы";"Москва, МО и Дальние регионы";"28";"быстро";"ПУШКИНО_1_РФЦ";"Московская Область";;"ПВЗ";"Премиум";"нет";"SberPay";
"85072136-0821";"85072136-0821-1";"2025-12-03 04:49:01";"2025-12-04 01:00:00";"Доставлен";"2025-12-09 17:39:05";"2025-12-03 16:08:31";"13796.00";"RUB";"Комплект массажеров для спины Cordus Plus для лечения спины, шеи и поясницы, физиотерапевтический(без электроники)";"1774766982";"Комплект_изи";"13796.00";"RUB";"6504.00";"RUB";"1";;;;"22300.00";"38%";"8504.00";"Системная виртуальная скидка селлера Россия (RUB), Бустинг 15% (ранее — «Бустинг х4»)";"1.2";"Москва, МО и Дальние регионы";"Москва, МО и Дальние регионы";"28";"быстро";"ПУШКИНО_1_РФЦ";"Москва";"Москва";"ПВЗ";"Не премиум";"нет";"Ozon Банк";
"62666660-1147";"62666660-1147-3";"2025-12-03 03:44:10";"2025-12-03 14:30:00";"Доставлен";"2025-12-05 17:54:59";"2025-12-03 15:52:04";"3789.00";"RUB";"Коллаген порошок с Кверцетином Cordus";"1774766972";"Коллаген";"3789.00";"RUB";"1686.67";"RUB";"1";;;;"6960.00";"46%";"3171.00";"Системная виртуальная скидка селлера Россия (RUB), Эластичный бустинг. Без ограничения срока действия";"0.5";"Москва, МО и Дальние регионы";"Санкт-Петербург и СЗО";"60";"долго";"ПУШКИНО_1_РФЦ";"Санкт-Петербург";"Санкт-Петербург";"ПВЗ";"Премиум";"нет";"Ozon Банк";
"80225258-0277";"80225258-0277-1";"2025-12-03 02:12:22";"2025-12-03 15:00:00";"Доставлен";"2025-12-07 12:49:08";"2025-12-04 15:27:18";"17304.00";"RUB";"Массажер электрический для спины и шеи Cordus Vibro от боли в спине";"1793876972";"кордус_вибро";"17304.00";"RUB";"7733.00";"RUB";"1";;;;"22296.00";"22%";"4992.00";"Системная виртуальная скидка селлера Россия (RUB), Эластичный бустинг. Без ограничения срока действия, Автоакция. Рассрочка 0-0-6 #1739185464";"0.4";"Уфа";"Екатеринбург";"45";"средне";"УФА_РФЦ";"Челябинская Область";"Миасс";"ПВЗ";"Не премиум";"нет";"Озон Счет Рассрочка МКК";
"30034370-0294";"30034370-0294-8";"2025-12-02 20:46:31";"2025-12-04 00:00:00";"Доставлен";"2025-12-06 16:45:46";"2025-12-03 14:00:17";"9685.00";"RUB";"Массажёр для спины шеи и поясницы Cordus Easy";"1793877007";"Кордус_изи";"9685.00";"RUB";"4451.00";"RUB";"1";;;;"10550.00";"8%";"865.00";"Системная виртуальная скидка селлера Россия (RUB)";"0.3";"Москва, МО и Дальние регионы";"Москва, МО и Дальние регионы";"28";"быстро";"ПУШКИНО_1_РФЦ";"Москва";"Москва";"ПВЗ";"Премиум";"нет";"Ozon Банк";
"11281568-0264";"11281568-0264-1";"2025-12-02 19:35:06";"2025-12-03 00:00:00";"Доставлен";"2025-12-03 17:38:44";"2025-12-03 00:33:38";"4389.00";"RUB";"Коллаген порошок с Кверцетином Cordus";"1774766972";"Коллаген";"4389.00";"RUB";"2474.29";"RUB";"1";;;;"7560.00";"42%";"3171.00";"Системная виртуальная скидка селлера Россия (RUB), Эластичный бустинг. Без ограничения срока действия";"0.5";"Москва, МО и Дальние регионы";"Москва, МО и Дальние регионы";"28";"быстро";"ГРИВНО_РФЦ";"Московская Область";"Королев";"ПВЗ";"Премиум";"нет";"Ozon Банк";
"15416332-0475";"15416332-0475-1";"2025-12-02 19:31:50";"2025-12-03 02:00:00";"Доставлен";"2025-12-03 15:00:52";"2025-12-03 02:37:46";"13796.00";"RUB";"Комплект массажеров для спины Cordus Plus для лечения спины, шеи и поясницы, физиотерапевтический(без электроники)";"1774766982";"Комплект_изи";"13796.00";"RUB";"7220.00";"RUB";"1";;;;"22300.00";"38%";"8504.00";"Системная виртуальная скидка селлера Россия (RUB), Бустинг 15% (ранее — «Бустинг х4»)";"1.2";"Санкт-Петербург и СЗО";"Санкт-Петербург и СЗО";"28";"быстро";"САНКТ-ПЕТЕРБУРГ_РФЦ";"Санкт-Петербург";"Санкт-Петербург";"ПВЗ";"Не премиум";"нет";"Система Быстрых Платежей";
"50595562-0309";"50595562-0309-1";"2025-12-02 19:25:36";"2025-12-03 02:00:00";"Доставлен";"2025-12-03 14:39:25";"2025-12-03 00:04:04";"13796.00";"RUB";"Комплект массажеров для спины Cordus Plus для лечения спины, шеи и поясницы, физиотерапевтический(без электроники)";"1774766982";"Комплект_изи";"13796.00";"RUB";"6504.00";"RUB";"1";;;;"22300.00";"38%";"8504.00";"Системная виртуальная скидка селлера Россия (RUB), Бустинг 15% (ранее — «Бустинг х4»)";"1.2";"Санкт-Петербург и СЗО";"Санкт-Петербург и СЗО";"28";"быстро";"САНКТ-ПЕТЕРБУРГ_РФЦ";"Санкт-Петербург";"Санкт-Петербург";"ПВЗ";"Не премиум";"нет";"Ozon Банк";
"95793241-0596";"95793241-0596-1";"2025-12-02 19:04:49";"2025-12-03 06:00:00";"Доставлен";"2025-12-05 15:49:29";"2025-12-03 06:46:36";"13796.00";"RUB";"Комплект массажеров для спины Cordus Plus для лечения спины, шеи и поясницы, физиотерапевтический(без электроники)";"1774766982";"Комплект_изи";"13796.00";"RUB";"6692.00";"RUB";"1";;;;"22300.00";"38%";"8504.00";"Системная виртуальная скидка селлера Россия (RUB), Бустинг 15% (ранее — «Бустинг х4»)";"1.2";"Уфа";"Уфа";"28";"быстро";"УФА_РФЦ";"Удмуртская Республика";"Глазов";"ПВЗ";"Не премиум";"нет";"Ozon Банк";
"29948189-0650";"29948189-0650-1";"2025-12-02 18:37:18";"2025-12-03 01:00:00";"Доставлен";"2025-12-04 15:35:14";"2025-12-03 02:07:47";"9096.00";"RUB";"Массажер для Йоги и релакса Corden Yoga Тренажер из натурального бука";"2920956821";"Corden_Yoga";"9096.00";"RUB";"4813.33";"RUB";"1";;;;"34459.00";"74%";"25363.00";"Системная виртуальная скидка селлера Россия (RUB), Супербустинг 11.11";"0.4";"Москва, МО и Дальние регионы";"Москва, МО и Дальние регионы";"28";"быстро";"ПУШКИНО_1_РФЦ";"Московская Область";;"ПВЗ";"Премиум";"нет";"SberPay";
"0125834608-0119";"0125834608-0119-1";"2025-12-02 14:20:06";"2025-12-03 05:00:00";"Доставлен";"2025-12-05 13:40:35";"2025-12-04 05:25:52";"13796.00";"RUB";"Комплект массажеров для спины Cordus Plus для лечения спины, шеи и поясницы, физиотерапевтический(без электроники)";"1774766982";"Комплект_изи";"13796.00";"RUB";"6442.00";"RUB";"1";;;;"22300.00";"38%";"8504.00";"Системная виртуальная скидка селлера Россия (RUB), Бустинг 15% (ранее — «Бустинг х4»)";"1.2";"Москва, МО и Дальние регионы";"Ярославль";"45";"средне";"ПУШКИНО_1_РФЦ";"Вологодская Область";"Череповец";"ПВЗ";"Премиум";"нет";"Ozon Банк";
"41391807-0582";"41391807-0582-1";"2025-12-02 13:36:17";"2025-12-03 01:00:00";"Доставлен";"2025-12-04 16:40:41";"2025-12-02 19:58:08";"4389.00";"RUB";"Коллаген порошок с Кверцетином Cordus";"1774766972";"Коллаген";"4389.00";"RUB";"2257.82";"RUB";"1";;;;"7560.00";"42%";"3171.00";"Системная виртуальная скидка селлера Россия (RUB), Эластичный бустинг. Без ограничения срока действия";"0.5";"Москва, МО и Дальние регионы";"Москва, МО и Дальние регионы";"28";"быстро";"ПУШКИНО_2_РФЦ";"Москва";"Москва";"ПВЗ";"Не премиум";"нет";"Ozon Банк";
"0210297703-0195";"0210297703-0195-1";"2025-12-02 13:26:42";"2025-12-02 22:00:00";"Доставлен";"2025-12-05 12:15:58";"2025-12-02 23:03:55";"13796.00";"RUB";"Комплект массажеров для спины Cordus Plus для лечения спины, шеи и поясницы, физиотерапевтический(без электроники)";"1774766982";"Комплект_изи";"13796.00";"RUB";"7565.00";"RUB";"1";;;;"22300.00";"38%";"8504.00";"Системная виртуальная скидка селлера Россия (RUB), Бустинг 15% (ранее — «Бустинг х4»)";"1.2";"Уфа";"Пермь";"60";"долго";"УФА_РФЦ";"Пермский Край";"Пермь";"ПВЗ";"Не премиум";"нет";"Система Быстрых Платежей";
"34982816-0519";"34982816-0519-1";"2025-12-02 13:04:20";"2025-12-04 12:30:00";"Доставлен";"2025-12-05 14:38:46";"2025-12-03 13:46:43";"16854.00";"RUB";"Массажер электрический для спины и шеи Cordus Vibro от боли в спине";"1793876972";"кордус_вибро";"16854.00";"RUB";"7203.00";"RUB";"1";;;;"21840.00";"23%";"4986.00";"Системная виртуальная скидка селлера Россия (RUB), Эластичный бустинг. Без ограничения срока действия";"0.4";"Екатеринбург";"Тюмень";"45";"средне";"ЕКАТЕРИНБУРГ_РФЦ_НОВЫЙ";"Тюменская Область";"Тюмень";"ПВЗ";"Не премиум";"нет";"Ozon Банк";
"35167105-0297";"35167105-0297-1";"2025-12-02 09:39:34";;"Отменён";;;"13796.00";"RUB";"Комплект массажеров для спины Cordus Plus для лечения спины, шеи и поясницы, физиотерапевтический(без электроники)";"1774766982";"Комплект_изи";"13796.00";"RUB";"6442.00";"RUB";"1";;;;"22300.00";"38%";"8504.00";"Системная виртуальная скидка селлера Россия (RUB), Бустинг 15% (ранее — «Бустинг х4»)";"1.2";"Москва, МО и Дальние регионы";"Москва, МО и Дальние регионы";"28";"быстро";"ПУШКИНО_1_РФЦ";"Москва";"Москва";"ПВЗ";"Не премиум";"нет";"Ozon Банк";
"71529496-0447";"71529496-0447-1";"2025-12-02 08:46:40";"2025-12-03 02:00:00";"Доставлен";"2025-12-03 15:22:27";"2025-12-02 11:55:51";"15958.00";"RUB";"Cordus Plus - комплект массажеров для спины шеи и поясницы + Кейс";"1774767026";"Комплект_изи_кейс";"15958.00";"RUB";"7123.00";"RUB";"1";;;;"23400.00";"32%";"7442.00";"Системная виртуальная скидка селлера Россия (RUB), Лайт бустинг 11.11 и Чёрная пятница";"0.7";"Санкт-Петербург и СЗО";"Санкт-Петербург и СЗО";"28";"быстро";"САНКТ-ПЕТЕРБУРГ_РФЦ";"Санкт-Петербург";"Красное Село";"ПВЗ";"Не премиум";"нет";"Ozon Банк";
"76101758-0062";"76101758-0062-1";"2025-12-02 08:19:33";"2025-12-02 13:30:00";"Отменён";;"2025-12-02 11:51:30";"16975.00";"RUB";"Массажер электрический для спины и шеи Cordus Vibro от боли в спине";"1793876972";"кордус_вибро";"16975.00";"RUB";"6939.00";"RUB";"1";;;;"22290.00";"24%";"5315.00";"Системная виртуальная скидка селлера Россия (RUB), Эластичный бустинг. Без ограничения срока действия";"0.4";"Новосибирск";"Новосибирск";"28";"быстро";"НОВОСИБИРСК_РФЦ_НОВЫЙ";"Кемеровская область - Кузбасс";"Кемерово";"ПВЗ";"Не премиум";"нет";"Кредитная карта";
"0123173328-0095";"0123173328-0095-1";"2025-12-02 08:02:15";"2025-12-03 09:30:00";"Доставлен";"2025-12-15 15:48:23";"2025-12-02 22:23:35";"33739.00";"RUB";"Комплект медицинских электронных массажеров для спины Cordus Vibro с кейсом";"1774766992";"Физио+ кейс";"33739.00";"RUB";"16995.00";"RUB";"1";;;;"48890.00";"31%";"15151.00";"Системная виртуальная скидка селлера Россия (RUB), Лайт бустинг 11.11 и Чёрная пятница";"0.8";"Казань";"Казань";"28";"быстро";"КАЗАНЬ_РФЦ_НОВЫЙ";"Нижегородская Область";"Нижний Новгород";"ПВЗ";"Не премиум";"нет";"Ozon Банк";
"0201041486-0009";"0201041486-0009-1";"2025-12-02 07:30:18";"2025-12-02 17:00:00";"Доставлен";"2025-12-06 09:32:04";"2025-12-02 17:06:27";"16975.00";"RUB";"Массажер электрический для спины и шеи Cordus Vibro от боли в спине";"1793876972";"кордус_вибро";"16975.00";"RUB";"7406.00";"RUB";"1";;;;"22290.00";"24%";"5315.00";"Системная виртуальная скидка селлера Россия (RUB), Эластичный бустинг. Без ограничения срока действия";"0.4";"Краснодар";"Краснодар";"28";"быстро";"НОВОРОССИЙСК_МРФЦ";"Краснодарский Край";"Краснодар";"ПВЗ";"Не премиум";"нет";"Ozon Банк";
"0214186157-0012";"0214186157-0012-1";"2025-12-02 06:58:41";"2025-12-02 14:30:00";"Доставлен";"2025-12-04 08:12:16";"2025-12-02 16:08:03";"33739.00";"RUB";"Комплект медицинских электронных массажеров для спины Cordus Vibro с кейсом";"1774766992";"Физио+ кейс";"33739.00";"RUB";"18563.00";"RUB";"1";;;;"48890.00";"31%";"15151.00";"Системная виртуальная скидка селлера Россия (RUB), Лайт бустинг 11.11 и Чёрная пятница";"0.8";"Санкт-Петербург и СЗО";"Санкт-Петербург и СЗО";"28";"быстро";"САНКТ-ПЕТЕРБУРГ_РФЦ";"Тверская Область";"Торопец";"ПВЗ";"Не премиум";"нет";"Система Быстрых Платежей";
"98879299-0060";"98879299-0060-1";"2025-12-01 23:36:09";"2025-12-02 18:00:00";"Доставлен";"2025-12-03 09:02:59";"2025-12-02 14:39:49";"13468.00";"RUB";"Массажер Cordus Gun, перкуссионный, для тела, шеи, лица, беспроводной, 6 режимов, 4 насадки";"1828646386";"перкуссионный";"13468.00";"RUB";"5926.00";"RUB";"1";;;;"28275.00";"52%";"14807.00";"Системная виртуальная скидка селлера Россия (RUB), Эластичный бустинг. Без ограничения срока действия";"0.7";"Дальний Восток";"Дальний Восток";"28";"быстро";"ХАБАРОВСК_2_РФЦ";"Хабаровский Край";"Хабаровск";"ПВЗ";"Не премиум";"нет";"Ozon Банк";
"38725522-0280";"38725522-0280-9";"2025-12-01 20:27:02";"2025-12-02 02:00:00";"Доставлен";"2025-12-03 06:08:36";"2025-12-02 02:46:31";"6990.00";"RUB";"Первый веганский хондропротектор/CHONDROPROTECTOR CORDUS";"1793876871";"хондропротектор";"6990.00";"RUB";"4116.19";"RUB";"1";;;;"7590.00";"8%";"600.00";"Системная виртуальная скидка селлера Россия (RUB)";"0.5";"Санкт-Петербург и СЗО";"Санкт-Петербург и СЗО";"28";"быстро";"САНКТ-ПЕТЕРБУРГ_РФЦ";"Санкт-Петербург";"Санкт-Петербург";"ПВЗ";"Не премиум";"нет";"Банковская карта";
"0126192634-1700";"0126192634-1700-1";"2025-12-01 19:53:05";"2025-12-03 01:00:00";"Доставлен";"2025-12-13 11:34:54";"2025-12-02 17:47:35";"15227.00";"RUB";"Массажер электрический для спины и шеи Cordus Vibro от боли в спине";"1793876972";"кордус_вибро";"15227.00";"RUB";"5652.25";"RUB";"1";;;;"20542.00";"26%";"5315.00";"Системная виртуальная скидка селлера Россия (RUB), Эластичный бустинг. Без ограничения срока действия";"0.4";"Москва, МО и Дальние регионы";"Москва, МО и Дальние регионы";"28";"быстро";"ГРИВНО_РФЦ";"Москва";"Москва";"ПВЗ";"Не премиум";"нет";"Ozon Банк";
"96393159-0533";"96393159-0533-1";"2025-12-01 19:34:24";"2025-12-02 01:00:00";"Доставлен";"2025-12-02 14:57:56";"2025-12-02 01:29:32";"13796.00";"RUB";"Комплект массажеров для спины Cordus Plus для лечения спины, шеи и поясницы, физиотерапевтический(без электроники)";"1774766982";"Комплект_изи";"13796.00";"RUB";"6379.00";"RUB";"1";;;;"22300.00";"38%";"8504.00";"Системная виртуальная скидка селлера Россия (RUB), Бустинг 15% (ранее — «Бустинг х4»)";"1.2";"Санкт-Петербург и СЗО";"Санкт-Петербург и СЗО";"28";"быстро";"СПБ_БУГРЫ_РФЦ";"Ленинградская Область";;"ПВЗ";"Не премиум";"нет";"Ozon Банк";
"45965587-0805";"45965587-0805-1";"2025-12-01 18:15:52";"2025-12-02 01:00:00";"Доставлен";"2025-12-03 15:28:56";"2025-12-02 20:37:20";"21920.00";"RUB";"Sacrus Vibro Массажер для поясницы электрический/физиотерапевтический";"1774766986";"Сакрус_Вибро";"21920.00";"RUB";"10503.00";"RUB";"1";;;;"24200.00";"9%";"2280.00";"Системная виртуальная скидка селлера Россия (RUB)";"0.4";"Москва, МО и Дальние регионы";"Москва, МО и Дальние регионы";"28";"быстро";"ДОМОДЕДОВО_РФЦ";"Московская Область";"Люберцы";"ПВЗ";"Не премиум";"нет";"Ozon Банк";
"56325456-0119";"56325456-0119-1";"2025-12-01 17:56:22";"2025-12-02 01:00:00";"Доставлен";"2025-12-05 13:47:47";"2025-12-01 22:23:22";"16975.00";"RUB";"Массажер электрический для спины и шеи Cordus Vibro от боли в спине";"1793876972";"кордус_вибро";"16975.00";"RUB";"7406.00";"RUB";"1";;;;"22290.00";"24%";"5315.00";"Системная виртуальная скидка селлера Россия (RUB), Эластичный бустинг. Без ограничения срока действия";"0.4";"Самара";"Самара";"28";"быстро";"САМАРА_РФЦ";"Самарская Область";"Самара";"ПВЗ";"Не премиум";"нет";"Ozon Банк";
"46033923-0222";"46033923-0222-2";"2025-12-01 17:19:22";"2025-12-02 16:30:00";"Доставлен";"2025-12-03 13:58:31";"2025-12-02 05:55:55";"7662.00";"RUB";"Медицинский массажер для поясницы и шеи Sacrus Easy";"1774766962";"Сакрус_Изи";"7662.00";"RUB";"4200.57";"RUB";"1";;;;"14887.00";"49%";"7225.00";"Системная виртуальная скидка селлера Россия (RUB), Эластичный бустинг. Без ограничения срока действия";"0.2";"Москва, МО и Дальние регионы";"Ярославль";"45";"средне";"ПУШКИНО_2_РФЦ";"Ярославская Область";"Ярославль";"ПВЗ";"Не премиум";"нет";"Ozon Банк";
"18364894-0645";"18364894-0645-1";"2025-12-01 17:14:38";"2025-12-02 02:00:00";"Доставлен";"2025-12-13 15:11:18";"2025-12-02 00:28:20";"32054.00";"RUB";"Комплект медицинских электронных массажеров для спины Cordus Vibro с кейсом";"1774766992";"Физио+ кейс";"32054.00";"RUB";"11487.50";"RUB";"1";;;;"47211.00";"32%";"15157.00";"Лайт бустинг 11.11 и Чёрная пятница, Системная виртуальная скидка селлера Россия (RUB), Автоакция. Рассрочка 0-0-6 #1739185464";"0.8";"Санкт-Петербург и СЗО";"Санкт-Петербург и СЗО";"28";"быстро";"САНКТ-ПЕТЕРБУРГ_РФЦ";"Санкт-Петербург";"Санкт-Петербург";"ПВЗ";"Не премиум";"нет";"Озон Счет Рассрочка МКК";
"0198602659-0035";"0198602659-0035-1";"2025-12-01 16:54:20";"2025-12-02 17:00:00";"Доставлен";"2025-12-04 07:41:14";"2025-12-01 22:37:01";"13468.00";"RUB";"Массажер Cordus Gun, перкуссионный, для тела, шеи, лица, беспроводной, 6 режимов, 4 насадки";"1828646386";"перкуссионный";"13468.00";"RUB";"5926.00";"RUB";"1";;;;"28275.00";"52%";"14807.00";"Системная виртуальная скидка селлера Россия (RUB), Эластичный бустинг. Без ограничения срока действия";"0.7";"Краснодар";"Невинномысск";"60";"долго";"НОВОРОССИЙСК_МРФЦ";"Ставропольский Край";;"ПВЗ";"Не премиум";"нет";"Ozon Банк";
"30041509-0098";"30041509-0098-1";"2025-12-01 16:49:47";"2025-12-02 01:00:00";"Доставлен";"2025-12-02 17:14:31";"2025-12-02 01:53:03";"9096.00";"RUB";"Массажер для Йоги и релакса Corden Yoga Тренажер из натурального бука";"2920956821";"Corden_Yoga";"9096.00";"RUB";"4319.43";"RUB";"1";;;;"34459.00";"74%";"25363.00";"Системная виртуальная скидка селлера Россия (RUB), Супербустинг 11.11";"0.4";"Москва, МО и Дальние регионы";"Москва, МО и Дальние регионы";"28";"быстро";"ПУШКИНО_1_РФЦ";"Москва";"Москва";"ПВЗ";"Не премиум";"нет";"Банковская карта";
"61591472-1254";"61591472-1254-1";"2025-12-01 16:12:26";"2025-12-03 00:00:00";"Доставлен";"2025-12-05 14:53:20";"2025-12-02 16:05:00";"9096.00";"RUB";"Массажер для Йоги и релакса Corden Yoga Тренажер из натурального бука";"2920956821";"Corden_Yoga";"9096.00";"RUB";"4232.38";"RUB";"1";;;;"34459.00";"74%";"25363.00";"Супербустинг 11.11, Системная виртуальная скидка селлера Россия (RUB)";"0.4";"Москва, МО и Дальние регионы";"Москва, МО и Дальние регионы";"28";"быстро";"НОГИНСК_РФЦ";"Московская Область";"Красногорск";"ПВЗ";"Не премиум";"нет";"Ozon Банк";
"48716289-0110";"48716289-0110-1";"2025-12-01 15:04:40";"2025-12-02 00:00:00";"Доставлен";"2025-12-05 14:23:34";"2025-12-02 00:08:56";"4389.00";"RUB";"Коллаген порошок с Кверцетином Cordus";"1774766972";"Коллаген";"4389.00";"RUB";"2284.76";"RUB";"1";;;;"7560.00";"42%";"3171.00";"Системная виртуальная скидка селлера Россия (RUB), Эластичный бустинг. Без ограничения срока действия";"0.5";"Москва, МО и Дальние регионы";"Москва, МО и Дальние регионы";"28";"быстро";"ГРИВНО_РФЦ";"Москва";"Москва";"ПВЗ";"Не премиум";"нет";"Ozon Банк";
"67183662-0030";"67183662-0030-13";"2025-12-01 12:53:55";"2025-12-02 02:00:00";"Доставлен";"2025-12-11 16:56:41";"2025-12-01 15:25:08";"16975.00";"RUB";"Массажер электрический для спины и шеи Cordus Vibro от боли в спине";"1793876972";"кордус_вибро";"16975.00";"RUB";"7298.00";"RUB";"1";;;;"22290.00";"24%";"5315.00";"Системная виртуальная скидка селлера Россия (RUB), Эластичный бустинг. Без ограничения срока действия";"0.4";"Воронеж";"Воронеж";"28";"быстро";"ВОРОНЕЖ_2_РФЦ";"Белгородская Область";;"ПВЗ";"Не премиум";"нет";"Ozon Банк";
"81821501-0063";"81821501-0063-1";"2025-12-01 11:20:29";"2025-12-01 18:30:00";"Доставлен";"2025-12-06 07:53:50";"2025-12-01 16:27:38";"15958.00";"RUB";"Cordus Plus - комплект массажеров для спины шеи и поясницы + Кейс";"1774767026";"Комплект_изи_кейс";"15958.00";"RUB";"7666.00";"RUB";"1";;;;"23400.00";"32%";"7442.00";"Системная виртуальная скидка селлера Россия (RUB), Лайт бустинг 11.11 и Чёрная пятница";"0.7";"Екатеринбург";"Новосибирск";"75";"долго";"ЕКАТЕРИНБУРГ_РФЦ_НОВЫЙ";"Алтайский Край";"Бийск";"ПВЗ";"Не премиум";"нет";"Ozon Банк";
"71596022-0668";"71596022-0668-1";"2025-12-01 10:37:44";"2025-12-01 15:30:00";"Доставлен";"2025-12-03 15:42:42";"2025-12-01 16:19:06";"13796.00";"RUB";"Комплект массажеров для спины Cordus Plus для лечения спины, шеи и поясницы, физиотерапевтический(без электроники)";"1774766982";"Комплект_изи";"13796.00";"RUB";"6774.00";"RUB";"1";;;;"22300.00";"38%";"8504.00";"Системная виртуальная скидка селлера Россия (RUB), Бустинг 15% (ранее — «Бустинг х4»)";"1.2";"Краснодар";"Краснодар";"28";"быстро";"АДЫГЕЙСК_РФЦ";"Краснодарский Край";"Сочи";"ПВЗ";"Не премиум";"нет";"Ozon Банк";
"0136570374-0004";"0136570374-0004-3";"2025-12-01 08:32:29";"2025-12-02 02:00:00";"Доставлен";"2025-12-02 17:44:19";"2025-12-01 15:08:50";"13468.00";"RUB";"Массажер Cordus Gun, перкуссионный, для тела, шеи, лица, беспроводной, 6 режимов, 4 насадки";"1828646386";"перкуссионный";"13468.00";"RUB";"6766.00";"RUB";"1";;;;"28275.00";"52%";"14807.00";"Системная виртуальная скидка селлера Россия (RUB), Эластичный бустинг. Без ограничения срока действия";"0.7";"Санкт-Петербург и СЗО";"Санкт-Петербург и СЗО";"28";"быстро";"САНКТ-ПЕТЕРБУРГ_РФЦ";"Санкт-Петербург";"Санкт-Петербург";"ПВЗ";"Не премиум";"нет";"Система Быстрых Платежей";
"77064702-0089";"77064702-0089-1";"2025-12-01 06:38:45";"2025-12-01 15:00:00";"Доставлен";"2025-12-15 06:35:09";"2025-12-01 14:47:05";"15958.00";"RUB";"Cordus Plus - комплект массажеров для спины шеи и поясницы + Кейс";"1774767026";"Комплект_изи_кейс";"15958.00";"RUB";"7666.00";"RUB";"1";;;;"23400.00";"32%";"7442.00";"Системная виртуальная скидка селлера Россия (RUB), Лайт бустинг 11.11 и Чёрная пятница";"0.7";"Тюмень";"Дальний Восток";"150";"долго";"ТЮМЕНЬ_РФЦ";"Приморский Край";;"ПВЗ";"Не премиум";"нет";"Ozon Банк";
"50354785-0241";"50354785-0241-1";"2025-12-01 04:23:03";"2025-12-02 01:00:00";"Доставлен";"2025-12-03 09:48:47";"2025-12-01 14:32:14";"15508.00";"RUB";"Cordus Plus - комплект массажеров для спины шеи и поясницы + Кейс";"1774767026";"Комплект_изи_кейс";"15508.00";"RUB";"6783.00";"RUB";"1";;;;"22950.00";"32%";"7442.00";"Системная виртуальная скидка селлера Россия (RUB), Лайт бустинг 11.11 и Чёрная пятница";"0.7";"Санкт-Петербург и СЗО";"Санкт-Петербург и СЗО";"28";"быстро";"САНКТ-ПЕТЕРБУРГ_РФЦ";"Ленинградская Область";"Пикалево";"ПВЗ";"Не премиум";"нет";"Ozon Банк";
"78988433-0041";"78988433-0041-1";"2025-12-01 03:08:53";"2025-12-01 16:30:00";"Доставлен";"2025-12-02 12:16:09";"2025-12-01 17:41:52";"13796.00";"RUB";"Комплект массажеров для спины Cordus Plus для лечения спины, шеи и поясницы, физиотерапевтический(без электроники)";"1774766982";"Комплект_изи";"13796.00";"RUB";"6774.00";"RUB";"1";;;;"22300.00";"38%";"8504.00";"Бустинг 15% (ранее — «Бустинг х4»), Системная виртуальная скидка селлера Россия (RUB)";"1.2";"Екатеринбург";"Екатеринбург";"28";"быстро";"ЕКАТЕРИНБУРГ_РФЦ_НОВЫЙ";"Челябинская Область";"Миасс";"ПВЗ";"Не премиум";"нет";"Ozon Банк";
"10029749-0232";"10029749-0232-1";"2025-12-01 01:47:26";"2025-12-02 00:00:00";"Доставлен";"2025-12-03 10:11:42";"2025-12-01 13:05:14";"9485.00";"RUB";"Массажёр для спины шеи и поясницы Cordus Easy";"1793877007";"Кордус_изи";"9485.00";"RUB";"4392.42";"RUB";"1";;;;"10550.00";"10%";"1065.00";"Системная виртуальная скидка селлера Россия (RUB)";"0.3";"Москва, МО и Дальние регионы";"Москва, МО и Дальние регионы";"28";"быстро";"ПУШКИНО_1_РФЦ";"Москва";"Москва";"ПВЗ";"Не премиум";"нет";"Ozon Банк";
